CP043554.1	CP046745.1	98.121	109342	1918	56	1163111	1272398	2129304	2238562	0.0	1.904e+05
CP043554.1	CP046745.1	98.213	83194	1417	45	2814112	2897293	729900	813035	0.0	1.453e+05
CP043554.1	CP046745.1	98.815	78789	913	17	222439	301215	1121823	1200602	0.0	1.403e+05
CP043554.1	CP046745.1	97.519	81512	1902	63	637479	718910	1552365	1633836	0.0	1.392e+05
CP043554.1	CP046745.1	98.828	76275	857	25	771078	847329	1692634	1768894	0.0	1.359e+05
CP043554.1	CP046745.1	98.212	76244	1332	17	1771134	1847372	2765016	2841233	0.0	1.332e+05
CP043554.1	CP046745.1	98.328	72261	1173	22	1331888	1404140	2499816	2427583	0.0	1.267e+05
CP043554.1	CP046745.1	98.401	58047	894	19	164280	222312	1063796	1121822	0.0	1.020e+05
CP043554.1	CP046745.1	98.393	55553	865	9	2162309	2217840	95591	151136	0.0	97615
CP043554.1	CP046745.1	98.373	54080	850	23	915102	969164	1833700	1887766	0.0	94965
CP043554.1	CP046745.1	98.290	54226	887	17	1716918	1771140	2710697	2764885	0.0	94965
CP043554.1	CP046745.1	98.129	53779	909	24	1847362	1901102	2842659	2896378	0.0	93648
CP043554.1	CP046745.1	97.923	52532	1027	27	1404297	1456777	2427555	2375037	0.0	90906
CP043554.1	CP046745.1	98.405	50854	785	19	2310255	2361098	271676	322513	0.0	89393
CP043554.1	CP046745.1	98.673	49643	633	8	1473911	1523531	2337969	2288331	0.0	87999
CP043554.1	CP046745.1	98.385	49912	742	37	2491893	2541780	437212	487083	0.0	87646
CP043554.1	CP046745.1	98.343	49434	779	19	32820	82229	904386	953803	0.0	86714
CP043554.1	CP046745.1	97.798	48949	1013	34	1562485	1611401	2556643	2605558	0.0	84359
CP043554.1	CP046745.1	98.937	46080	471	13	983751	1029822	1890679	1936747	0.0	82361
CP043554.1	CP046745.1	98.472	46273	651	30	2219056	2265297	156354	202601	0.0	81482
CP043554.1	CP046745.1	98.428	45169	679	13	484824	529973	1393802	1438958	0.0	79449
CP043554.1	CP046745.1	98.203	43566	746	11	107235	150767	1005156	1048717	0.0	76079
CP043554.1	CP046745.1	98.745	41989	487	13	1661253	1703209	2654802	2696782	0.0	74583
CP043554.1	CP046745.1	98.602	41352	549	14	1990957	2032294	2986920	3028256	0.0	73133
CP043554.1	CP046745.1	97.268	42420	1064	33	2119879	2162251	53231	95602	0.0	71826
CP043554.1	CP046745.1	98.612	39117	522	9	598376	637488	1511762	1550861	0.0	69208
CP043554.1	CP046745.1	97.886	39744	740	48	1902543	1942236	2896413	2936106	0.0	68648
CP043554.1	CP046745.1	98.574	36679	512	9	734411	771089	1654540	1691207	0.0	64825
CP043554.1	CP046745.1	98.739	36397	444	7	381701	418095	1287958	1324341	0.0	64656
CP043554.1	CP046745.1	98.308	36474	610	7	2454066	2490535	399713	436183	0.0	63930
CP043554.1	CP046745.1	98.698	35188	448	3	447632	482815	1354621	1389802	0.0	62434
CP043554.1	CP046745.1	98.931	34436	331	10	2361129	2395561	322514	356915	0.0	61518
CP043554.1	CP046745.1	98.336	32811	530	9	847348	880153	1768967	1801766	0.0	57551
CP043554.1	CP046745.1	97.903	31896	664	5	880288	912182	1801775	1833666	0.0	55190
CP043554.1	CP046745.1	98.098	30384	553	13	2897282	2927663	814461	844821	0.0	52883
CP043554.1	CP046745.1	98.590	29577	402	13	352122	381692	1256855	1286422	0.0	52294
CP043554.1	CP046745.1	98.521	29345	404	16	2675924	2705246	599456	628792	0.0	51759
CP043554.1	CP046745.1	98.439	28895	431	11	1960435	1989327	2956095	2984971	0.0	50843
CP043554.1	CP046745.1	98.394	28706	439	11	2542062	2570749	487380	516081	0.0	50436
CP043554.1	CP046745.1	99.185	26621	210	7	2609253	2635871	539328	565943	0.0	47951
CP043554.1	CP046745.1	98.879	26574	295	3	1046541	1073114	1952773	1979343	0.0	47419
CP043554.1	CP046745.1	98.398	26844	419	8	301206	328042	1200713	1227552	0.0	47179
CP043554.1	CP046745.1	99.186	25306	200	5	2644814	2670116	574144	599446	0.0	45585
CP043554.1	CP046745.1	98.170	24757	447	6	530540	555295	1442476	1467227	0.0	43203
CP043554.1	CP046745.1	98.613	20627	283	2	1523521	1544144	2513442	2534068	0.0	36503
CP043554.1	CP046745.1	97.907	20540	386	8	418086	438611	1325843	1346352	0.0	35508
CP043554.1	CP046745.1	98.621	20017	258	13	575819	595827	1487887	1507893	0.0	35419
CP043554.1	CP046745.1	98.107	20286	345	5	2055903	2076151	3051752	3072035	0.0	35297
CP043554.1	CP046745.1	98.521	19401	285	2	2417787	2437187	380331	399729	0.0	34236
CP043554.1	CP046745.1	97.341	20079	528	5	555250	575324	1467305	1487381	0.0	34116
CP043554.1	CP046745.1	98.738	19095	239	2	1615004	1634097	2605730	2624823	0.0	33925
CP043554.1	CP046745.1	98.003	19280	367	8	1942228	1961503	2937610	2956875	0.0	33455
CP043554.1	CP046745.1	99.049	18405	166	2	2291860	2310264	251854	270249	0.0	33009
CP043554.1	CP046745.1	97.964	17535	319	21	2570759	2588285	521824	539328	0.0	30369
CP043554.1	CP046745.1	98.515	16837	232	3	2275030	2291866	233529	250347	0.0	29691
CP043554.1	CP046745.1	98.766	16209	198	2	2932381	2948589	854000	870206	0.0	28823
CP043554.1	CP046745.1	98.362	16363	245	7	1280880	1297224	2250861	2267218	0.0	28710
CP043554.1	CP046745.1	98.709	16107	206	2	5355	21460	875613	891718	0.0	28590
CP043554.1	CP046745.1	98.419	15935	246	5	2401732	2417663	364402	380333	0.0	28025
CP043554.1	CP046745.1	96.974	16158	481	5	1087220	1103371	1997884	2014039	0.0	27122
CP043554.1	CP046745.1	98.856	14603	165	2	1029812	1044414	1938174	1952774	0.0	26040
CP043554.1	CP046745.1	98.936	13716	144	2	1703203	1716918	2696858	2710571	0.0	24519
CP043554.1	CP046745.1	97.864	13995	283	15	2799973	2813959	715597	729583	0.0	24173
CP043554.1	CP046745.1	98.367	13535	213	7	150769	164299	1048776	1062306	0.0	23763
CP043554.1	CP046745.1	98.583	12916	146	12	1141849	1154742	2050689	2063589	0.0	22803
CP043554.1	CP046745.1	97.801	13052	279	7	2710719	2723766	631221	644268	0.0	22506
CP043554.1	CP046745.1	98.007	11338	219	7	1297232	1308566	2267351	2278684	0.0	19679
CP043554.1	CP046745.1	98.104	11075	203	3	1546949	1558023	2540899	2551966	0.0	19281
CP043554.1	CP046745.1	98.967	10556	66	26	93060	103592	989508	1000043	0.0	18849
CP043554.1	CP046745.1	96.751	11202	341	10	21489	32685	891705	902888	0.0	18648
CP043554.1	CP046745.1	97.553	10705	252	10	1105279	1115979	2016815	2027513	0.0	18308
CP043554.1	CP046745.1	98.974	9842	100	1	718899	728739	1645443	1635602	0.0	17614
CP043554.1	CP046745.1	98.364	10022	145	7	2032248	2042267	3028249	3038253	0.0	17581
CP043554.1	CP046745.1	97.996	10082	195	1	1634088	1644169	2626326	2636400	0.0	17492
CP043554.1	CP046745.1	99.257	9420	70	0	2265622	2275041	222683	232102	0.0	17008
CP043554.1	CP046745.1	97.824	9834	210	4	2076272	2086104	3072030	3081860	0.0	16971
CP043554.1	CP046745.1	97.941	9712	191	6	1131017	1140723	2040021	2049728	0.0	16818
CP043554.1	CP046745.1	97.168	9921	264	11	2091838	2101748	3089828	3099741	0.0	16748
CP043554.1	CP046745.1	98.852	9411	58	25	97942	107346	525229	515863	0.0	16735
CP043554.1	CP046745.1	97.083	9908	274	3	334694	344601	1235627	1245519	0.0	16681
CP043554.1	CP046745.1	98.868	9187	46	31	2670168	2679330	1003534	994382	0.0	16336
CP043554.1	CP046745.1	98.542	8505	122	2	2047264	2055768	3043003	3051505	0.0	15018
CP043554.1	CP046745.1	98.951	7818	39	23	2673679	2681475	519598	527393	0.0	13943
CP043554.1	CP046745.1	98.675	7773	96	6	1644166	1651934	2636523	2644292	0.0	13777
CP043554.1	CP046745.1	98.790	7441	87	3	1465203	1472641	2346448	2339009	0.0	13239
CP043554.1	CP046745.1	96.893	7886	172	22	2636351	2644198	566300	574150	0.0	13138
CP043554.1	CP046745.1	97.902	7532	141	9	1073892	1081410	1989878	1997405	0.0	13018
CP043554.1	CP046745.1	97.500	7519	180	6	344608	352122	1247830	1255344	0.0	12837
CP043554.1	CP046745.1	98.767	6813	84	0	1124627	1131439	2034495	2041307	0.0	12116
CP043554.1	CP046745.1	98.679	6736	77	3	82219	88944	953763	960496	0.0	11936
CP043554.1	CP046745.1	96.683	7055	233	1	1324756	1331810	2506959	2499906	0.0	11731
CP043554.1	CP046745.1	98.820	6184	69	4	1654932	1661114	2648630	2654810	0.0	11012
CP043554.1	CP046745.1	99.030	5980	58	0	2395760	2401739	356919	362898	0.0	10722
CP043554.1	CP046745.1	97.782	6132	125	4	2723765	2729896	644393	650513	0.0	10560
CP043554.1	CP046745.1	98.792	5877	43	14	2570482	2576352	599177	605031	0.0	10434
CP043554.1	CP046745.1	89.637	8193	789	50	1154721	1162879	2115921	2124087	0.0	10371
CP043554.1	CP046745.1	98.914	5707	61	1	2104726	2110432	3102697	3108402	0.0	10194
CP043554.1	CP046745.1	99.585	5539	17	6	101530	107067	788825	783292	0.0	10096
CP043554.1	CP046745.1	98.648	5620	58	4	2114166	2119785	47545	53146	0.0	9941
CP043554.1	CP046745.1	99.010	5557	25	18	2219260	2224794	1264751	1259203	0.0	9930
CP043554.1	CP046745.1	98.813	5559	26	18	2867525	2873081	516140	521660	0.0	9864
CP043554.1	CP046745.1	94.552	6369	324	21	1318401	1324757	2513441	2507084	0.0	9817
CP043554.1	CP046745.1	98.650	5555	29	22	354471	360020	162084	156571	0.0	9801
CP043554.1	CP046745.1	99.572	5379	14	7	2219268	2224643	997805	992433	0.0	9797
CP043554.1	CP046745.1	99.570	5355	16	7	1	5354	870214	875562	0.0	9755
CP043554.1	CP046745.1	99.570	5349	17	4	2862015	2867360	156576	161921	0.0	9745
CP043554.1	CP046745.1	99.203	5396	16	15	354622	360013	992433	997805	0.0	9701
CP043554.1	CP046745.1	99.055	5396	21	18	95993	101365	1259355	1264743	0.0	9655
CP043554.1	CP046745.1	99.181	5370	18	17	2219264	2224632	777784	783128	0.0	9649
CP043554.1	CP046745.1	99.162	5367	21	9	2862017	2867362	997805	992442	0.0	9640
CP043554.1	CP046745.1	99.472	5306	18	10	97998	103302	786655	781359	0.0	9635
CP043554.1	CP046745.1	99.143	5366	20	12	96004	101365	161921	156578	0.0	9631
CP043554.1	CP046745.1	99.050	5368	22	15	96002	101365	783130	777788	0.0	9603
CP043554.1	CP046745.1	99.155	5325	22	14	2865588	2870892	999758	994437	0.0	9563
CP043554.1	CP046745.1	99.133	5307	24	10	2865588	2870892	519888	525174	0.0	9526
CP043554.1	CP046745.1	98.701	5389	22	24	354633	360017	783128	777784	0.0	9520
CP043554.1	CP046745.1	98.664	5390	25	22	2862011	2867360	1264748	1259366	0.0	9511
CP043554.1	CP046745.1	97.180	5638	133	15	1456859	1462483	2374982	2369358	0.0	9507
CP043554.1	CP046745.1	98.225	5407	45	34	2570750	2576145	875562	870196	0.0	9406
CP043554.1	CP046745.1	95.648	5859	254	1	328845	334702	1228265	1234123	0.0	9406
CP043554.1	CP046745.1	97.779	5492	55	37	1	5455	604806	599345	0.0	9404
CP043554.1	CP046745.1	98.667	5325	24	26	2673969	2679274	781359	786655	0.0	9396
CP043554.1	CP046745.1	98.216	5380	47	30	2675924	2681275	875554	870196	0.0	9358
CP043554.1	CP046745.1	97.714	5381	57	36	1	5345	527174	521824	0.0	9195
CP043554.1	CP046745.1	98.437	5053	76	3	729371	734422	1651920	1646870	0.0	8890
CP043554.1	CP046745.1	98.504	5014	74	1	2086092	2091105	3083287	3088299	0.0	8842
CP043554.1	CP046745.1	98.143	4577	79	4	1117807	1122380	2027514	2032087	0.0	7976
CP043554.1	CP046745.1	98.517	4181	62	0	441252	445432	1350295	1354475	0.0	7378
CP043554.1	CP046745.1	99.570	3958	16	1	1276934	1280891	2245403	2249359	0.0	7214
CP043554.1	CP046745.1	93.877	4736	264	14	1315115	1319825	2283595	2288329	0.0	7116
CP043554.1	CP046745.1	98.087	4026	74	2	88967	92992	985448	989470	0.0	7005
CP043554.1	CP046745.1	98.772	3908	45	3	2927655	2931561	846325	850230	0.0	6948
CP043554.1	CP046745.1	94.874	4448	207	11	1558062	1562492	2552081	2556524	0.0	6931
CP043554.1	CP046745.1	97.054	3972	115	1	1083501	1087472	45806	41837	0.0	6685
CP043554.1	CP046745.1	99.317	3660	21	4	2670015	2673674	875713	872058	0.0	6617
CP043554.1	CP046745.1	98.989	3661	22	10	2219117	2222767	875713	872058	0.0	6541
CP043554.1	CP046745.1	98.598	3708	24	14	2669972	2673674	156372	160056	0.0	6534
CP043554.1	CP046745.1	98.726	3688	23	11	2669861	2673545	515824	519490	0.0	6529
CP043554.1	CP046745.1	99.575	3530	11	4	103700	107228	872187	875713	0.0	6433
CP043554.1	CP046745.1	99.486	3501	12	4	2670176	2673674	997805	994309	0.0	6360
CP043554.1	CP046745.1	98.586	3608	25	13	1848	5452	1000048	1003632	0.0	6357
CP043554.1	CP046745.1	99.429	3502	18	2	356517	360017	872058	875558	0.0	6355
CP043554.1	CP046745.1	99.429	3505	12	6	2670172	2673674	1264747	1261249	0.0	6355
CP043554.1	CP046745.1	99.428	3498	18	2	97869	101365	872058	875554	0.0	6348
CP043554.1	CP046745.1	99.455	3488	12	5	2862011	2865495	1003531	1000048	0.0	6329
CP043554.1	CP046745.1	98.821	3561	20	10	103700	107257	159928	156387	0.0	6324
CP043554.1	CP046745.1	99.286	3500	20	4	1848	5345	994309	997805	0.0	6320
CP043554.1	CP046745.1	99.173	3508	21	7	1848	5353	1261249	1264750	0.0	6311
CP043554.1	CP046745.1	98.654	3567	19	14	2219081	2222638	515944	519490	0.0	6294
CP043554.1	CP046745.1	98.706	3554	20	13	2570632	2574181	1003652	1000121	0.0	6285
CP043554.1	CP046745.1	98.860	3509	15	16	2219261	2222767	1003533	1000048	0.0	6235
CP043554.1	CP046745.1	98.774	3506	17	12	2670172	2673674	777784	781266	0.0	6213
CP043554.1	CP046745.1	98.746	3509	16	14	356517	360020	1000048	1003533	0.0	6211
CP043554.1	CP046745.1	99.330	3434	15	7	2570751	2574181	1264750	1261322	0.0	6207
CP043554.1	CP046745.1	99.387	3426	16	4	2570759	2574181	997805	994382	0.0	6205
CP043554.1	CP046745.1	98.661	3511	25	9	2862004	2865495	875565	872058	0.0	6204
CP043554.1	CP046745.1	98.772	3501	16	13	97869	101365	1000048	1003525	0.0	6202
CP043554.1	CP046745.1	99.444	3415	13	4	2862011	2865422	599450	602861	0.0	6196
CP043554.1	CP046745.1	99.472	3409	13	4	2675924	2679330	156578	159983	0.0	6191
CP043554.1	CP046745.1	99.472	3409	13	4	2675924	2679330	777788	781193	0.0	6191
CP043554.1	CP046745.1	99.472	3409	12	5	2675924	2679330	1003525	1000121	0.0	6191
CP043554.1	CP046745.1	97.491	3627	83	6	2733394	2737018	656031	659651	0.0	6187
CP043554.1	CP046745.1	99.443	3409	13	4	2862017	2865422	521824	525229	0.0	6185
CP043554.1	CP046745.1	98.519	3510	26	13	1848	5354	160056	156570	0.0	6170
CP043554.1	CP046745.1	98.546	3507	26	12	1848	5351	781266	777782	0.0	6170
CP043554.1	CP046745.1	99.673	3369	10	1	103700	107067	994437	997805	0.0	6159
CP043554.1	CP046745.1	99.644	3373	9	3	103700	107071	1261377	1264747	0.0	6159
CP043554.1	CP046745.1	99.644	3369	10	2	2867525	2870892	875554	872187	0.0	6154
CP043554.1	CP046745.1	99.584	3369	11	3	2867525	2870892	1264743	1261377	0.0	6141
CP043554.1	CP046745.1	99.672	3352	9	2	2675924	2679274	516140	519490	0.0	6128
CP043554.1	CP046745.1	99.525	3369	10	6	356646	360013	786655	783292	0.0	6128
CP043554.1	CP046745.1	99.525	3370	9	7	1977	5345	786655	783292	0.0	6128
CP043554.1	CP046745.1	99.642	3353	11	1	2862015	2865366	516138	519490	0.0	6124
CP043554.1	CP046745.1	99.496	3370	11	6	2670176	2673545	783292	786655	0.0	6124
CP043554.1	CP046745.1	99.379	3380	14	7	2219259	2222638	783283	786655	0.0	6119
CP043554.1	CP046745.1	99.466	3369	11	7	2570759	2574125	783292	786655	0.0	6115
CP043554.1	CP046745.1	98.836	3436	16	15	2219261	2222694	599448	602861	0.0	6102
CP043554.1	CP046745.1	98.778	3437	19	14	2219259	2222694	521815	525229	0.0	6093
CP043554.1	CP046745.1	98.804	3427	16	12	2675924	2679330	1264743	1261322	0.0	6078
CP043554.1	CP046745.1	98.719	3436	17	13	356590	360020	602861	599448	0.0	6076
CP043554.1	CP046745.1	98.691	3438	18	13	2670168	2673601	599447	602861	0.0	6074
CP043554.1	CP046745.1	98.746	3429	17	12	2670176	2673601	521824	525229	0.0	6071
CP043554.1	CP046745.1	98.746	3428	17	12	356590	360013	525229	521824	0.0	6069
CP043554.1	CP046745.1	98.746	3428	17	12	97942	101365	602861	599456	0.0	6069
CP043554.1	CP046745.1	98.661	3436	20	13	2570750	2574181	156570	159983	0.0	6067
CP043554.1	CP046745.1	98.689	3433	20	12	2570753	2574181	777782	781193	0.0	6067
CP043554.1	CP046745.1	98.992	3374	13	9	103700	107071	781138	777784	0.0	6023
CP043554.1	CP046745.1	98.905	3379	15	10	103700	107075	602806	599447	0.0	6015
CP043554.1	CP046745.1	98.905	3379	14	11	103700	107075	1000176	1003534	0.0	6013
CP043554.1	CP046745.1	98.904	3377	16	9	356646	360020	519490	516133	0.0	6011
CP043554.1	CP046745.1	98.876	3380	15	11	1977	5354	519490	516132	0.0	6010
CP043554.1	CP046745.1	98.932	3370	15	9	2867525	2870892	156578	159928	0.0	6004
CP043554.1	CP046745.1	98.932	3370	15	9	97998	101365	519490	516140	0.0	6004
CP043554.1	CP046745.1	98.932	3370	15	9	2867525	2870892	777788	781138	0.0	6004
CP043554.1	CP046745.1	95.367	3777	170	4	2110433	2114208	1	3773	0.0	6000
CP043554.1	CP046745.1	98.902	3370	16	9	103700	107067	525174	521824	0.0	5999
CP043554.1	CP046745.1	98.902	3370	16	9	2867525	2870892	599456	602806	0.0	5999
CP043554.1	CP046745.1	98.902	3370	15	10	2867525	2870892	1003525	1000176	0.0	5999
CP043554.1	CP046745.1	98.816	3379	17	11	2570750	2574125	516132	519490	0.0	5997
CP043554.1	CP046745.1	98.842	3369	15	11	2862017	2865366	783292	786655	0.0	5984
CP043554.1	CP046745.1	98.480	3158	47	1	1273720	1276877	2239854	2243010	0.0	5565
CP043554.1	CP046745.1	99.167	2881	24	0	969741	972621	1887721	1890601	0.0	5188
CP043554.1	CP046745.1	97.805	2870	63	0	1651976	1654845	2645761	2648630	0.0	4951
CP043554.1	CP046745.1	98.195	2715	44	4	1462466	1465178	2349151	2346440	0.0	4737
CP043554.1	CP046745.1	97.601	2668	62	2	1544149	1546816	2535741	2538406	0.0	4571
CP043554.1	CP046745.1	98.391	2486	34	2	2729914	2732393	652001	654486	0.0	4364
CP043554.1	CP046745.1	99.328	2082	7	6	2871000	2873081	1000043	997969	0.0	3760
CP043554.1	CP046745.1	98.655	2082	9	9	2673679	2675760	786763	788825	0.0	3672
CP043554.1	CP046745.1	99.339	1966	10	3	2871197	2873160	602854	604818	0.0	3555
CP043554.1	CP046745.1	99.088	1973	14	4	2871197	2873166	525222	527193	0.0	3541
CP043554.1	CP046745.1	99.130	1954	13	4	2679323	2681275	786960	788910	0.0	3511
CP043554.1	CP046745.1	98.534	1978	28	1	595817	597794	1509320	1511296	0.0	3491
CP043554.1	CP046745.1	99.682	1886	5	1	2673876	2675760	602854	604739	0.0	3448
CP043554.1	CP046745.1	99.576	1886	7	1	2673876	2675760	525222	527107	0.0	3437
CP043554.1	CP046745.1	99.576	1886	5	3	2574174	2576059	999851	997969	0.0	3435
CP043554.1	CP046745.1	98.226	1973	12	13	2574174	2576145	786960	788910	0.0	3428
CP043554.1	CP046745.1	98.219	1965	13	12	2871290	2873254	872050	870108	0.0	3415
CP043554.1	CP046745.1	99.679	1867	5	1	2679323	2681189	519795	521660	0.0	3413
CP043554.1	CP046745.1	99.620	1840	7	0	1	1840	788892	787053	0.0	3360
CP043554.1	CP046745.1	98.777	1880	15	7	354549	356424	604823	602948	0.0	3338
CP043554.1	CP046745.1	98.674	1886	5	10	2574174	2576059	519795	521660	0.0	3326
CP043554.1	CP046745.1	98.674	1886	5	10	101530	103395	604739	602854	0.0	3326
CP043554.1	CP046745.1	98.519	1890	18	10	2222825	2224711	872084	870202	0.0	3326
CP043554.1	CP046745.1	98.617	1880	18	7	354549	356424	527191	525316	0.0	3321
CP043554.1	CP046745.1	98.568	1886	7	10	101530	103395	527107	525222	0.0	3315
CP043554.1	CP046745.1	98.763	1860	18	4	18	1874	161971	160114	0.0	3302
CP043554.1	CP046745.1	98.462	1886	7	10	2679323	2681189	999851	997969	0.0	3302
CP043554.1	CP046745.1	98.404	1880	19	10	2574268	2576142	1261156	1259283	0.0	3295
CP043554.1	CP046745.1	98.760	1855	17	5	2222860	2224711	787053	788904	0.0	3293
CP043554.1	CP046745.1	98.503	1871	19	9	2871290	2873156	1261156	1259291	0.0	3291
CP043554.1	CP046745.1	99.286	1821	10	3	55	1874	992433	994251	0.0	3288
CP043554.1	CP046745.1	98.549	1861	17	10	2679417	2681272	160149	162004	0.0	3278
CP043554.1	CP046745.1	99.066	1821	11	6	95993	97811	870268	872084	0.0	3264
CP043554.1	CP046745.1	99.281	1808	9	4	2865553	2867360	872084	870281	0.0	3264
CP043554.1	CP046745.1	99.554	1792	6	2	354633	356424	997969	999758	0.0	3264
CP043554.1	CP046745.1	99.226	1808	10	4	68	1874	783128	781324	0.0	3258
CP043554.1	CP046745.1	99.775	1775	4	0	101528	103302	992442	994216	0.0	3256
CP043554.1	CP046745.1	99.774	1773	4	0	101530	103302	161921	160149	0.0	3253
CP043554.1	CP046745.1	99.774	1773	4	0	2222860	2224632	519888	521660	0.0	3253
CP043554.1	CP046745.1	99.607	1780	5	2	2679417	2681196	994216	992439	0.0	3247
CP043554.1	CP046745.1	99.386	1792	10	1	2673969	2675760	1261156	1259366	0.0	3247
CP043554.1	CP046745.1	99.662	1773	6	0	68	1840	521660	519888	0.0	3241
CP043554.1	CP046745.1	99.605	1773	7	0	96004	97776	788825	787053	0.0	3236
CP043554.1	CP046745.1	99.605	1773	7	0	2865588	2867360	787053	788825	0.0	3236
CP043554.1	CP046745.1	99.549	1775	8	0	96002	97776	521662	519888	0.0	3234
CP043554.1	CP046745.1	99.549	1773	5	3	101530	103302	870281	872050	0.0	3227
CP043554.1	CP046745.1	99.436	1773	7	3	2679417	2681189	781359	783128	0.0	3216
CP043554.1	CP046745.1	97.328	1909	22	19	354554	356459	870202	872084	0.0	3216
CP043554.1	CP046745.1	97.660	1880	17	16	2222860	2224716	602948	604823	0.0	3203
CP043554.1	CP046745.1	97.702	1871	16	17	2871290	2873156	160149	161996	0.0	3192
CP043554.1	CP046745.1	97.309	1895	24	16	3	1874	1259301	1261191	0.0	3192
CP043554.1	CP046745.1	97.500	1880	20	16	2222860	2224716	525316	527191	0.0	3186
CP043554.1	CP046745.1	92.664	2222	147	13	438831	441044	1346572	1348785	0.0	3186
CP043554.1	CP046745.1	97.500	1880	18	18	2574268	2576142	160149	162004	0.0	3184
CP043554.1	CP046745.1	97.545	1874	21	14	354554	356424	788904	787053	0.0	3182
CP043554.1	CP046745.1	97.394	1880	19	20	2679417	2681272	1261156	1259283	0.0	3173
CP043554.1	CP046745.1	98.555	1799	5	11	2574268	2576066	994216	992439	0.0	3158
CP043554.1	CP046745.1	98.661	1792	5	9	2871290	2873081	994216	992444	0.0	3158
CP043554.1	CP046745.1	98.605	1792	4	9	2222860	2224632	999758	997969	0.0	3151
CP043554.1	CP046745.1	98.549	1792	7	9	96004	97776	604739	602948	0.0	3147
CP043554.1	CP046745.1	98.549	1792	7	9	2865588	2867360	602948	604739	0.0	3147
CP043554.1	CP046745.1	98.495	1794	8	9	2673969	2675762	994216	992442	0.0	3145
CP043554.1	CP046745.1	98.493	1792	8	9	2673969	2675760	160149	161921	0.0	3142
CP043554.1	CP046745.1	98.493	1792	8	9	354633	356424	521660	519888	0.0	3142
CP043554.1	CP046745.1	98.438	1792	9	9	96004	97776	527107	525316	0.0	3136
CP043554.1	CP046745.1	98.438	1792	9	9	2865588	2867360	525316	527107	0.0	3136
CP043554.1	CP046745.1	98.438	1792	8	10	101530	103302	1259366	1261156	0.0	3136
CP043554.1	CP046745.1	98.384	1794	8	9	96002	97776	997967	999758	0.0	3133
CP043554.1	CP046745.1	98.382	1792	7	12	2574268	2576059	781359	783128	0.0	3129
CP043554.1	CP046745.1	98.382	1792	7	12	2871290	2873081	781359	783128	0.0	3129
CP043554.1	CP046745.1	98.382	1792	8	9	68	1840	997969	999758	0.0	3129
CP043554.1	CP046745.1	98.270	1792	9	12	2673969	2675760	872050	870281	0.0	3118
CP043554.1	CP046745.1	96.842	1805	56	1	2102881	2104684	3100904	3102708	0.0	3016
CP043554.1	CP046745.1	95.824	1772	70	4	2791254	2793021	701283	703054	0.0	2859
CP043554.1	CP046745.1	94.543	1851	82	8	1103436	1105281	2014805	2016641	0.0	2841
CP043554.1	CP046745.1	98.601	1430	20	0	1318399	1319828	664071	665500	0.0	2531
CP043554.1	CP046745.1	98.175	1425	26	0	1318401	1319825	1654539	1653115	0.0	2488
CP043554.1	CP046745.1	97.975	1432	29	0	1318398	1319829	271678	270247	0.0	2484
CP043554.1	CP046745.1	97.588	1451	33	2	1318377	1319825	1645418	1646868	0.0	2484
CP043554.1	CP046745.1	98.041	1429	28	0	1318397	1319825	1691204	1692632	0.0	2484
CP043554.1	CP046745.1	97.147	1472	37	5	1318379	1319848	961943	960475	0.0	2481
CP043554.1	CP046745.1	98.036	1426	28	0	1318400	1319825	659988	661413	0.0	2479
CP043554.1	CP046745.1	98.036	1426	28	0	1318400	1319825	1441049	1442474	0.0	2479
CP043554.1	CP046745.1	98.036	1426	28	0	1318400	1319825	1635263	1633838	0.0	2479
CP043554.1	CP046745.1	98.035	1425	28	0	1318401	1319825	232103	233527	0.0	2477
CP043554.1	CP046745.1	97.969	1428	29	0	1318398	1319825	1936745	1938172	0.0	2477
CP043554.1	CP046745.1	98.035	1425	28	0	1318401	1319825	3083286	3081862	0.0	2477
CP043554.1	CP046745.1	97.834	1431	31	0	1318399	1319829	651941	650511	0.0	2471
CP043554.1	CP046745.1	97.965	1425	29	0	1318401	1319825	2644293	2645717	0.0	2471
CP043554.1	CP046745.1	97.896	1426	30	0	1318400	1319825	851657	850232	0.0	2468
CP043554.1	CP046745.1	97.896	1426	30	0	1318400	1319825	1507893	1509318	0.0	2468
CP043554.1	CP046745.1	96.457	1496	50	1	2793122	2794614	705849	707344	0.0	2466
CP043554.1	CP046745.1	97.825	1425	30	1	1318401	1319825	2841234	2842657	0.0	2459
CP043554.1	CP046745.1	97.622	1430	33	1	1318396	1319825	813031	814459	0.0	2451
CP043554.1	CP046745.1	96.118	1391	53	1	2738400	2739790	662595	663984	0.0	2268
CP043554.1	CP046745.1	99.662	1185	4	0	2662939	2664123	545728	546912	0.0	2167
CP043554.1	CP046745.1	99.409	1185	7	0	2615652	2616836	592267	593451	0.0	2150
CP043554.1	CP046745.1	96.193	1287	49	0	1130585	1131871	2040021	2041307	0.0	2106
CP043554.1	CP046745.1	98.319	1071	18	0	2705312	2706382	630076	631146	0.0	1879
CP043554.1	CP046745.1	97.356	1097	28	1	1472768	1473864	2339054	2337959	0.0	1864
CP043554.1	CP046745.1	95.257	1033	49	0	2490733	2491765	436178	437210	0.0	1637
CP043554.1	CP046745.1	99.286	840	6	0	2931550	2932389	851657	852496	0.0	1519
CP043554.1	CP046745.1	90.148	1147	111	2	2217845	2218989	154175	155321	0.0	1491
CP043554.1	CP046745.1	96.374	855	31	0	1130153	1131007	2040453	2041307	0.0	1408
CP043554.1	CP046745.1	95.088	855	42	0	1131449	1132303	2040021	2040875	0.0	1347
CP043554.1	CP046745.1	89.149	1069	104	3	1960435	1961503	2955957	2957013	0.0	1321
CP043554.1	CP046745.1	90.598	936	88	0	2788206	2789141	700239	701174	0.0	1242
CP043554.1	CP046745.1	89.936	934	76	6	1960573	1961503	2955819	2956737	0.0	1188
CP043554.1	CP046745.1	93.885	785	32	10	1073090	1073871	1979362	1980133	0.0	1170
CP043554.1	CP046745.1	89.198	935	94	2	1960435	1961369	2956227	2957154	0.0	1160
CP043554.1	CP046745.1	97.279	588	16	0	529964	530551	1440462	1441049	0.0	998
CP043554.1	CP046745.1	89.210	797	79	2	1960435	1961231	2956365	2957154	0.0	989
CP043554.1	CP046745.1	93.303	657	27	10	702109	702750	1616373	1617027	0.0	953
CP043554.1	CP046745.1	93.303	657	27	11	701441	702095	1617041	1617682	0.0	953
CP043554.1	CP046745.1	94.249	626	30	5	2636173	2636795	566246	566868	0.0	952
CP043554.1	CP046745.1	92.296	675	42	7	1945378	1946047	2940643	2941312	0.0	950
CP043554.1	CP046745.1	92.947	638	36	6	1945296	1945927	2940798	2941432	0.0	920
CP043554.1	CP046745.1	91.185	658	51	2	1960849	1961505	2955819	2956470	0.0	887
CP043554.1	CP046745.1	86.128	829	100	12	1081947	1082767	47347	46526	0.0	880
CP043554.1	CP046745.1	96.964	527	11	5	2055280	2055803	3051186	3051710	0.0	880
CP043554.1	CP046745.1	82.303	1068	125	30	1153186	1154244	6555	5543	0.0	867
CP043554.1	CP046745.1	84.516	930	55	30	2635852	2636744	566049	566926	0.0	837
CP043554.1	CP046745.1	85.876	793	100	3	1960711	1961503	2955819	2956599	0.0	833
CP043554.1	CP046745.1	92.334	574	35	8	2636405	2636974	566246	566814	0.0	808
CP043554.1	CP046745.1	88.182	660	75	3	1960435	1961093	2956497	2957154	0.0	784
CP043554.1	CP046745.1	77.601	1259	245	21	699892	701137	1655937	1657171	0.0	728
CP043554.1	CP046745.1	92.131	521	29	6	1945296	1945807	2940915	2941432	0.0	725
CP043554.1	CP046745.1	90.323	558	41	8	1945495	1946047	2940643	2941192	0.0	719
CP043554.1	CP046745.1	93.103	493	27	7	2636074	2636563	566380	566868	0.0	715
CP043554.1	CP046745.1	95.981	423	17	0	1131881	1132303	2040021	2040443	0.0	688
CP043554.1	CP046745.1	85.626	647	77	8	1116583	1117227	2061982	2061350	0.0	665
CP043554.1	CP046745.1	94.799	423	22	0	1130153	1130575	2040885	2041307	0.0	660
CP043554.1	CP046745.1	97.361	379	7	3	2405392	2405767	368340	368718	0.0	641
CP043554.1	CP046745.1	96.316	380	11	3	2405669	2406048	368062	368438	9.25e-175	621
CP043554.1	CP046745.1	87.548	522	62	3	1960435	1960955	2956635	2957154	1.21e-168	601
CP043554.1	CP046745.1	86.654	517	63	3	1960987	1961503	2955819	2956329	1.22e-158	568
CP043554.1	CP046745.1	92.269	401	22	4	1945296	1945687	2941032	2941432	2.05e-156	560
CP043554.1	CP046745.1	95.858	338	13	1	2636639	2636975	566246	566583	5.73e-152	545
CP043554.1	CP046745.1	88.736	435	39	6	1945615	1946047	2940646	2941072	2.68e-145	523
CP043554.1	CP046745.1	96.262	321	9	3	2055449	2055768	3051018	3051336	2.68e-145	523
CP043554.1	CP046745.1	95.963	322	9	4	2055280	2055599	3051355	3051674	3.47e-144	520
CP043554.1	CP046745.1	89.529	382	39	1	1961125	1961505	2955819	2956200	4.56e-133	483
CP043554.1	CP046745.1	88.021	384	43	3	1960435	1960817	2956773	2957154	1.28e-123	451
CP043554.1	CP046745.1	98.214	224	4	0	2850377	2850600	766434	766657	7.90e-106	392
CP043554.1	CP046745.1	92.171	281	16	2	1945296	1945570	2941152	2941432	7.90e-106	392
CP043554.1	CP046745.1	96.875	224	7	0	2850661	2850884	766150	766373	7.95e-101	375
CP043554.1	CP046745.1	77.567	633	132	9	2456734	2457361	2673751	2673124	2.86e-100	374
CP043554.1	CP046745.1	84.019	413	30	10	2636117	2636511	566532	566926	1.72e-97	364
CP043554.1	CP046745.1	87.937	315	31	4	1945735	1946047	2940646	2940955	1.72e-97	364
CP043554.1	CP046745.1	97.596	208	5	0	701444	701651	1617272	1617479	2.88e-95	357
CP043554.1	CP046745.1	98.039	204	4	0	702340	702543	1616376	1616579	1.04e-94	355
CP043554.1	CP046745.1	86.859	312	29	10	702112	702421	1617271	1617572	1.04e-89	339
CP043554.1	CP046745.1	86.538	312	30	10	702339	702640	1617044	1617353	4.86e-88	333
CP043554.1	CP046745.1	88.070	285	27	6	2636049	2636330	566588	566868	1.75e-87	331
CP043554.1	CP046745.1	93.636	220	13	1	107127	107346	599446	599228	2.26e-86	327
CP043554.1	CP046745.1	86.164	318	27	14	702110	702421	1616611	1616917	2.26e-86	327
CP043554.1	CP046745.1	96.020	201	2	4	701897	702091	1617958	1618158	1.05e-84	322
CP043554.1	CP046745.1	94.712	208	8	3	2636073	2636278	565919	566125	3.78e-84	320
CP043554.1	CP046745.1	95.098	204	8	1	701685	701888	1616378	1616579	3.78e-84	320
CP043554.1	CP046745.1	95.122	205	4	4	703022	703226	1616825	1617023	1.36e-83	318
CP043554.1	CP046745.1	90.456	241	23	0	1961263	1961503	2955819	2956059	1.36e-83	318
CP043554.1	CP046745.1	95.455	198	9	0	1929063	1929260	331925	331728	4.89e-83	316
CP043554.1	CP046745.1	94.231	208	10	1	701446	701651	1616617	1616824	4.89e-83	316
CP043554.1	CP046745.1	85.535	318	29	14	701679	701985	1617042	1617353	4.89e-83	316
CP043554.1	CP046745.1	95.522	201	4	3	702552	702747	1617958	1618158	4.89e-83	316
CP043554.1	CP046745.1	95.455	198	9	0	2370344	2370541	2923131	2922934	4.89e-83	316
CP043554.1	CP046745.1	93.810	210	9	4	2636540	2636746	565920	566128	6.33e-82	313
CP043554.1	CP046745.1	94.146	205	7	3	703022	703226	1617480	1617679	2.94e-80	307
CP043554.1	CP046745.1	98.286	175	2	1	2498542	2498715	443665	443839	1.06e-79	305
CP043554.1	CP046745.1	98.286	175	2	1	2498347	2498521	443860	444033	1.06e-79	305
CP043554.1	CP046745.1	93.689	206	9	3	2636311	2636513	565924	566128	1.06e-79	305
CP043554.1	CP046745.1	93.035	201	14	0	2074257	2074457	2923131	2922931	2.29e-76	294
CP043554.1	CP046745.1	93.467	199	12	1	2395565	2395762	2923131	2922933	2.29e-76	294
CP043554.1	CP046745.1	88.430	242	26	2	1960435	1960675	2956911	2957151	2.96e-75	291
CP043554.1	CP046745.1	90.698	215	16	4	702818	703029	1617167	1617380	4.96e-73	283
CP043554.1	CP046745.1	92.424	198	15	0	1929063	1929260	3070325	3070128	4.96e-73	283
CP043554.1	CP046745.1	92.424	198	14	1	2395565	2395761	331728	331925	1.78e-72	281
CP043554.1	CP046745.1	84.615	299	29	11	2498209	2498497	440832	441123	1.78e-72	281
CP043554.1	CP046745.1	84.615	299	29	11	2495514	2495805	443527	443815	1.78e-72	281
CP043554.1	CP046745.1	91.346	208	14	3	2636772	2636976	565920	566126	1.78e-72	281
CP043554.1	CP046745.1	92.424	198	14	1	2395565	2395761	3070128	3070325	1.78e-72	281
CP043554.1	CP046745.1	91.667	204	14	3	702235	702437	1617750	1617951	6.42e-72	279
CP043554.1	CP046745.1	91.457	199	17	0	2074256	2074454	331727	331925	2.99e-70	274
CP043554.1	CP046745.1	91.457	199	17	0	2490537	2490735	2923131	2922933	2.99e-70	274
CP043554.1	CP046745.1	90.099	202	19	1	2370341	2370541	3070124	3070325	2.32e-66	261
CP043554.1	CP046745.1	77.213	531	64	34	2405556	2406050	368079	368588	3.01e-65	257
CP043554.1	CP046745.1	89.604	202	17	4	2490535	2490734	331726	331925	3.89e-64	254
CP043554.1	CP046745.1	79.206	428	35	15	2636583	2636976	566300	566707	1.81e-62	248
CP043554.1	CP046745.1	88.732	213	8	9	702822	703019	1616503	1616714	6.51e-62	246
CP043554.1	CP046745.1	76.749	529	67	34	2405409	2405917	368227	368719	2.34e-61	244
CP043554.1	CP046745.1	88.208	212	11	9	701571	701782	1617754	1617951	3.03e-60	241
CP043554.1	CP046745.1	97.826	138	3	0	2219081	2219218	599309	599446	1.09e-59	239
CP043554.1	CP046745.1	100.000	128	0	0	2076149	2076276	1628429	1628302	3.92e-59	237
CP043554.1	CP046745.1	99.225	129	1	0	1648417	1648545	1628429	1628301	5.07e-58	233
CP043554.1	CP046745.1	99.225	129	1	0	2076148	2076276	2640773	2640901	5.07e-58	233
CP043554.1	CP046745.1	76.777	422	90	8	2787551	2787968	689147	689564	6.55e-57	230
CP043554.1	CP046745.1	98.450	129	2	0	2417660	2417788	1628430	1628302	2.36e-56	228
CP043554.1	CP046745.1	98.450	129	2	0	1652961	1653089	2556517	2556645	2.36e-56	228
CP043554.1	CP046745.1	98.450	129	2	0	713363	713491	2640902	2640774	2.36e-56	228
CP043554.1	CP046745.1	94.558	147	6	2	2570605	2570749	156372	156518	8.48e-56	226
CP043554.1	CP046745.1	86.634	202	27	0	2490533	2490734	3070124	3070325	3.05e-55	224
CP043554.1	CP046745.1	96.970	132	4	0	1652961	1653092	2466822	2466953	1.10e-54	222
CP043554.1	CP046745.1	93.421	152	7	3	2055280	2055429	3051524	3051674	1.10e-54	222
CP043554.1	CP046745.1	97.656	128	3	0	1303429	1303556	2466949	2466822	3.94e-54	220
CP043554.1	CP046745.1	97.656	128	3	0	2417661	2417788	2640774	2640901	3.94e-54	220
CP043554.1	CP046745.1	90.854	164	11	3	2636117	2636278	566764	566925	5.10e-53	217
CP043554.1	CP046745.1	96.899	129	4	0	1284939	1285067	2243139	2243011	5.10e-53	217
CP043554.1	CP046745.1	96.899	129	4	0	1652960	1653088	2273674	2273546	5.10e-53	217
CP043554.1	CP046745.1	96.212	132	5	0	1656504	1656635	2466818	2466949	5.10e-53	217
CP043554.1	CP046745.1	96.899	129	4	0	1303429	1303557	2646873	2646745	5.10e-53	217
CP043554.1	CP046745.1	91.304	161	11	2	1945296	1945453	2941272	2941432	5.10e-53	217
CP043554.1	CP046745.1	92.763	152	8	3	2055618	2055768	3051018	3051167	5.10e-53	217
CP043554.1	CP046745.1	96.183	131	5	0	1652961	1653091	1279653	1279523	1.84e-52	215
CP043554.1	CP046745.1	96.875	128	4	0	1303429	1303556	1279526	1279653	1.84e-52	215
CP043554.1	CP046745.1	96.875	128	4	0	2076149	2076276	2267350	2267223	1.84e-52	215
CP043554.1	CP046745.1	96.183	131	5	0	2076147	2076277	2466820	2466950	1.84e-52	215
CP043554.1	CP046745.1	96.875	128	4	0	1303429	1303556	2556644	2556517	1.84e-52	215
CP043554.1	CP046745.1	96.899	129	3	1	2121978	2122105	2710701	2710573	1.84e-52	215
CP043554.1	CP046745.1	95.556	135	3	3	835246	835377	777608	777742	6.60e-52	213
CP043554.1	CP046745.1	99.153	118	1	0	107127	107244	1003535	1003652	6.60e-52	213
CP043554.1	CP046745.1	99.153	118	1	0	2669999	2670116	1003652	1003535	6.60e-52	213
CP043554.1	CP046745.1	99.153	118	1	0	2219101	2219218	1003652	1003535	6.60e-52	213
CP043554.1	CP046745.1	96.154	130	5	0	1652959	1653088	1628431	1628302	6.60e-52	213
CP043554.1	CP046745.1	96.154	130	5	0	1648417	1648546	2267350	2267221	6.60e-52	213
CP043554.1	CP046745.1	96.154	130	5	0	1656508	1656637	2273673	2273544	6.60e-52	213
CP043554.1	CP046745.1	96.154	130	5	0	2128505	2128634	2646745	2646874	6.60e-52	213
CP043554.1	CP046745.1	86.667	195	22	3	1945855	1946047	2940646	2940838	6.60e-52	213
CP043554.1	CP046745.1	96.124	129	5	0	1652960	1653088	1048704	1048576	2.37e-51	211
CP043554.1	CP046745.1	94.815	135	7	0	713358	713492	1228168	1228302	2.37e-51	211
CP043554.1	CP046745.1	96.124	129	5	0	2417660	2417788	1228302	1228174	2.37e-51	211
CP043554.1	CP046745.1	96.124	129	5	0	150625	150753	1279525	1279653	2.37e-51	211
CP043554.1	CP046745.1	95.455	132	6	0	2417659	2417790	1461782	1461651	2.37e-51	211
CP043554.1	CP046745.1	95.455	132	6	0	532357	532488	1628302	1628433	2.37e-51	211
CP043554.1	CP046745.1	96.124	129	5	0	549721	549849	1628302	1628430	2.37e-51	211
CP043554.1	CP046745.1	96.124	129	5	0	713363	713491	2267222	2267350	2.37e-51	211
CP043554.1	CP046745.1	96.124	129	5	0	532357	532485	2267223	2267351	2.37e-51	211
CP043554.1	CP046745.1	96.124	129	5	0	2128506	2128634	2556517	2556645	2.37e-51	211
CP043554.1	CP046745.1	98.333	120	2	0	2911718	2911837	2556640	2556521	2.37e-51	211
CP043554.1	CP046745.1	96.124	129	5	0	150626	150754	2646873	2646745	2.37e-51	211
CP043554.1	CP046745.1	96.124	129	4	1	2121977	2122104	849728	849856	8.54e-51	209
CP043554.1	CP046745.1	93.617	141	7	2	2128505	2128645	1048704	1048566	8.54e-51	209
CP043554.1	CP046745.1	96.094	128	5	0	2076149	2076276	1228301	1228174	8.54e-51	209
CP043554.1	CP046745.1	96.124	129	3	2	759616	759743	1279526	1279653	8.54e-51	209
CP043554.1	CP046745.1	96.094	128	5	0	2128506	2128633	1279653	1279526	8.54e-51	209
CP043554.1	CP046745.1	96.094	128	5	0	1656508	1656635	1279653	1279526	8.54e-51	209
CP043554.1	CP046745.1	94.815	135	5	2	2076149	2076281	1444419	1444285	8.54e-51	209
CP043554.1	CP046745.1	95.455	132	5	1	1656504	1656635	2556514	2556644	8.54e-51	209
CP043554.1	CP046745.1	96.094	128	5	0	2076149	2076276	2556517	2556644	8.54e-51	209
CP043554.1	CP046745.1	96.094	128	5	0	150626	150753	2556644	2556517	8.54e-51	209
CP043554.1	CP046745.1	95.455	132	5	1	2076145	2076276	2646743	2646873	8.54e-51	209
CP043554.1	CP046745.1	96.094	128	5	0	1656508	1656635	2646746	2646873	8.54e-51	209
CP043554.1	CP046745.1	96.094	128	5	0	2931060	2931187	2710701	2710574	8.54e-51	209
CP043554.1	CP046745.1	96.774	124	4	0	2911716	2911839	644392	644269	3.07e-50	207
CP043554.1	CP046745.1	95.385	130	6	0	2417661	2417790	1444419	1444290	3.07e-50	207
CP043554.1	CP046745.1	94.161	137	7	1	1648416	1648552	1527362	1527227	3.07e-50	207
CP043554.1	CP046745.1	96.063	127	5	0	2076145	2076271	1527365	1527239	3.07e-50	207
CP043554.1	CP046745.1	95.385	130	6	0	1303428	1303557	1628301	1628430	3.07e-50	207
CP043554.1	CP046745.1	96.094	128	4	1	1652961	1653088	1679866	1679740	3.07e-50	207
CP043554.1	CP046745.1	94.815	135	4	3	2861837	2861971	1756812	1756943	3.07e-50	207
CP043554.1	CP046745.1	95.385	130	6	0	713364	713493	2646873	2646744	3.07e-50	207
CP043554.1	CP046745.1	94.203	138	4	3	1303427	1303561	2650334	2650198	3.07e-50	207
CP043554.1	CP046745.1	95.349	129	6	0	1648417	1648545	1228301	1228173	1.10e-49	206
CP043554.1	CP046745.1	95.349	129	6	0	2491764	2491892	1279654	1279526	1.10e-49	206
CP043554.1	CP046745.1	95.349	129	6	0	1213896	1214024	1279526	1279654	1.10e-49	206
CP043554.1	CP046745.1	94.697	132	7	0	713364	713495	1444292	1444423	1.10e-49	206
CP043554.1	CP046745.1	94.697	132	7	0	2076145	2076276	2273677	2273546	1.10e-49	206
CP043554.1	CP046745.1	95.349	129	6	0	1648416	1648544	2466821	2466949	1.10e-49	206
CP043554.1	CP046745.1	95.385	130	4	2	759616	759744	2466949	2466821	1.10e-49	206
CP043554.1	CP046745.1	94.697	132	7	0	2491762	2491893	2556514	2556645	1.10e-49	206
CP043554.1	CP046745.1	97.500	120	3	0	2911718	2911837	2646869	2646750	1.10e-49	206
CP043554.1	CP046745.1	95.349	129	6	0	1392721	1392849	2710702	2710574	1.10e-49	206
CP043554.1	CP046745.1	95.349	129	5	1	2931059	2931187	55329	55456	3.97e-49	204
CP043554.1	CP046745.1	95.312	128	6	0	2491765	2491892	1048703	1048576	3.97e-49	204
CP043554.1	CP046745.1	96.721	122	4	0	2911716	2911837	1048578	1048699	3.97e-49	204
CP043554.1	CP046745.1	95.312	128	6	0	2076149	2076276	1279653	1279526	3.97e-49	204
CP043554.1	CP046745.1	96.721	122	4	0	2911716	2911837	1279528	1279649	3.97e-49	204
CP043554.1	CP046745.1	94.656	131	7	0	1648417	1648547	1444419	1444289	3.97e-49	204
CP043554.1	CP046745.1	94.697	132	6	1	2076149	2076279	1461780	1461649	3.97e-49	204
CP043554.1	CP046745.1	95.312	128	6	0	613859	613986	1628302	1628429	3.97e-49	204
CP043554.1	CP046745.1	95.349	129	5	1	1303428	1303556	1679739	1679866	3.97e-49	204
CP043554.1	CP046745.1	95.312	128	6	0	2076149	2076276	2243138	2243011	3.97e-49	204
CP043554.1	CP046745.1	94.656	131	7	0	613856	613986	2267220	2267350	3.97e-49	204
CP043554.1	CP046745.1	95.312	128	6	0	2417661	2417788	2267350	2267223	3.97e-49	204
CP043554.1	CP046745.1	94.656	131	7	0	713362	713492	2273544	2273674	3.97e-49	204
CP043554.1	CP046745.1	95.312	128	6	0	2128506	2128633	2466822	2466949	3.97e-49	204
CP043554.1	CP046745.1	95.312	128	6	0	713364	713491	2466949	2466822	3.97e-49	204
CP043554.1	CP046745.1	95.312	128	6	0	532357	532484	2466949	2466822	3.97e-49	204
CP043554.1	CP046745.1	95.312	128	6	0	150626	150753	2466949	2466822	3.97e-49	204
CP043554.1	CP046745.1	95.349	129	5	1	2121977	2122104	2507086	2506958	3.97e-49	204
CP043554.1	CP046745.1	95.312	128	6	0	1392722	1392849	2507085	2506958	3.97e-49	204
CP043554.1	CP046745.1	95.312	128	6	0	1648417	1648544	2556517	2556644	3.97e-49	204
CP043554.1	CP046745.1	95.349	129	4	2	759616	759743	2556644	2556517	3.97e-49	204
CP043554.1	CP046745.1	95.312	128	6	0	713364	713491	2556644	2556517	3.97e-49	204
CP043554.1	CP046745.1	95.312	128	6	0	2076149	2076276	2636397	2636524	3.97e-49	204
CP043554.1	CP046745.1	95.312	128	6	0	1652961	1653088	2640774	2640901	3.97e-49	204
CP043554.1	CP046745.1	95.312	128	6	0	549721	549848	2640901	2640774	3.97e-49	204
CP043554.1	CP046745.1	95.312	128	6	0	532357	532484	2640901	2640774	3.97e-49	204
CP043554.1	CP046745.1	95.312	128	6	0	1648417	1648544	2646746	2646873	3.97e-49	204
CP043554.1	CP046745.1	95.349	129	4	2	759616	759743	2646873	2646746	3.97e-49	204
CP043554.1	CP046745.1	95.349	129	5	1	1303429	1303556	2765012	2764884	3.97e-49	204
CP043554.1	CP046745.1	92.857	140	8	2	996581	996719	1048565	1048703	1.43e-48	202
CP043554.1	CP046745.1	93.985	133	8	0	1303429	1303561	1048576	1048708	1.43e-48	202
CP043554.1	CP046745.1	94.615	130	7	0	996591	996720	1279525	1279654	1.43e-48	202
CP043554.1	CP046745.1	94.615	130	7	0	2417661	2417790	1527361	1527232	1.43e-48	202
CP043554.1	CP046745.1	94.030	134	7	1	1656507	1656640	1679867	1679735	1.43e-48	202
CP043554.1	CP046745.1	95.312	128	5	1	150626	150753	1679740	1679866	1.43e-48	202
CP043554.1	CP046745.1	95.312	128	5	1	2128506	2128633	1679866	1679740	1.43e-48	202
CP043554.1	CP046745.1	94.615	130	7	0	1652961	1653090	2243138	2243009	1.43e-48	202
CP043554.1	CP046745.1	93.985	133	8	0	150626	150758	2273546	2273678	1.43e-48	202
CP043554.1	CP046745.1	94.615	130	7	0	2128504	2128633	2273675	2273546	1.43e-48	202
CP043554.1	CP046745.1	93.985	133	8	0	2491760	2491892	2466817	2466949	1.43e-48	202
CP043554.1	CP046745.1	94.615	130	7	0	2931058	2931187	2507087	2506958	1.43e-48	202
CP043554.1	CP046745.1	95.968	124	5	0	2201587	2201710	2556517	2556640	1.43e-48	202
CP043554.1	CP046745.1	92.308	143	9	2	549720	549861	2636525	2636384	1.43e-48	202
CP043554.1	CP046745.1	93.431	137	8	1	613852	613987	2640909	2640773	1.43e-48	202
CP043554.1	CP046745.1	94.615	130	7	0	2417660	2417789	2646745	2646874	1.43e-48	202
CP043554.1	CP046745.1	95.968	124	5	0	2201587	2201710	2646746	2646869	1.43e-48	202
CP043554.1	CP046745.1	94.030	134	7	1	2417656	2417789	2710570	2710702	1.43e-48	202
CP043554.1	CP046745.1	95.312	128	5	1	1117813	1117939	2710701	2710574	1.43e-48	202
CP043554.1	CP046745.1	93.382	136	8	1	1213896	1214030	644394	644259	5.14e-48	200
CP043554.1	CP046745.1	93.985	133	6	2	759612	759743	644398	644267	5.14e-48	200
CP043554.1	CP046745.1	97.436	117	3	0	1652961	1653077	644267	644383	5.14e-48	200
CP043554.1	CP046745.1	94.615	130	6	1	2201587	2201715	1279653	1279524	5.14e-48	200
CP043554.1	CP046745.1	94.574	129	7	0	713364	713492	1461653	1461781	5.14e-48	200
CP043554.1	CP046745.1	95.276	127	4	2	150624	150749	1467180	1467305	5.14e-48	200
CP043554.1	CP046745.1	94.574	129	7	0	1656508	1656636	1628429	1628301	5.14e-48	200
CP043554.1	CP046745.1	94.574	129	7	0	1652961	1653089	2180222	2180094	5.14e-48	200
CP043554.1	CP046745.1	93.333	135	9	0	2076142	2076276	2254914	2255048	5.14e-48	200
CP043554.1	CP046745.1	94.615	130	5	2	759615	759743	2273545	2273673	5.14e-48	200
CP043554.1	CP046745.1	94.574	129	7	0	1648417	1648545	2273673	2273545	5.14e-48	200
CP043554.1	CP046745.1	96.667	120	4	0	2911718	2911837	2466945	2466826	5.14e-48	200
CP043554.1	CP046745.1	94.574	129	7	0	2417661	2417789	2556517	2556645	5.14e-48	200
CP043554.1	CP046745.1	95.935	123	5	0	86028	86150	2556645	2556523	5.14e-48	200
CP043554.1	CP046745.1	93.939	132	8	0	532356	532487	2636525	2636394	5.14e-48	200
CP043554.1	CP046745.1	94.574	129	7	0	1303428	1303556	2640902	2640774	5.14e-48	200
CP043554.1	CP046745.1	94.574	129	7	0	2491765	2491893	2646746	2646874	5.14e-48	200
CP043554.1	CP046745.1	94.574	129	7	0	613858	613986	2710702	2710574	5.14e-48	200
CP043554.1	CP046745.1	94.574	129	7	0	532356	532484	2710702	2710574	5.14e-48	200
CP043554.1	CP046745.1	94.615	130	6	1	1652961	1653089	2764884	2765013	5.14e-48	200
CP043554.1	CP046745.1	94.574	129	5	2	759616	759743	1048576	1048703	1.85e-47	198
CP043554.1	CP046745.1	94.531	128	7	0	532357	532484	1228174	1228301	1.85e-47	198
CP043554.1	CP046745.1	93.333	135	8	1	1648417	1648550	1279653	1279519	1.85e-47	198
CP043554.1	CP046745.1	93.893	131	8	0	713361	713491	1279523	1279653	1.85e-47	198
CP043554.1	CP046745.1	94.531	128	7	0	1648417	1648544	1461780	1461653	1.85e-47	198
CP043554.1	CP046745.1	93.939	132	7	1	2491765	2491896	1679866	1679736	1.85e-47	198
CP043554.1	CP046745.1	94.574	129	6	1	2076148	2076276	1679867	1679740	1.85e-47	198
CP043554.1	CP046745.1	93.382	136	6	3	2121971	2122104	2027514	2027648	1.85e-47	198
CP043554.1	CP046745.1	93.333	135	8	1	2128506	2128639	2180222	2180088	1.85e-47	198
CP043554.1	CP046745.1	94.531	128	7	0	1303429	1303556	2180095	2180222	1.85e-47	198
CP043554.1	CP046745.1	95.902	122	5	0	2911716	2911837	2180097	2180218	1.85e-47	198
CP043554.1	CP046745.1	94.531	128	7	0	713364	713491	2243011	2243138	1.85e-47	198
CP043554.1	CP046745.1	94.531	128	7	0	1648417	1648544	2243138	2243011	1.85e-47	198
CP043554.1	CP046745.1	94.531	128	7	0	1652961	1653088	2267350	2267223	1.85e-47	198
CP043554.1	CP046745.1	94.531	128	7	0	1213896	1214023	2466949	2466822	1.85e-47	198
CP043554.1	CP046745.1	94.531	128	7	0	2417661	2417788	2466822	2466949	1.85e-47	198
CP043554.1	CP046745.1	95.902	122	5	0	86029	86150	2466949	2466828	1.85e-47	198
CP043554.1	CP046745.1	92.754	138	9	1	1213888	1214024	2556653	2556516	1.85e-47	198
CP043554.1	CP046745.1	93.893	131	8	0	713364	713494	2636524	2636394	1.85e-47	198
CP043554.1	CP046745.1	94.531	128	7	0	1648417	1648544	2636397	2636524	1.85e-47	198
CP043554.1	CP046745.1	94.574	129	5	2	1652961	1653088	2650205	2650332	1.85e-47	198
CP043554.1	CP046745.1	94.531	128	7	0	2076149	2076276	2710574	2710701	1.85e-47	198
CP043554.1	CP046745.1	91.667	144	10	2	880421	880564	2813265	2813124	1.85e-47	198
CP043554.1	CP046745.1	95.902	122	4	1	2911716	2911837	957574	957694	6.65e-47	196
CP043554.1	CP046745.1	93.284	134	8	1	2201582	2201715	1048707	1048575	6.65e-47	196
CP043554.1	CP046745.1	97.391	115	3	0	1364779	1364893	1279536	1279650	6.65e-47	196
CP043554.1	CP046745.1	93.846	130	8	0	613857	613986	1444290	1444419	6.65e-47	196
CP043554.1	CP046745.1	95.902	122	4	1	2911716	2911837	1679742	1679862	6.65e-47	196
CP043554.1	CP046745.1	93.233	133	9	0	2417658	2417790	1802033	1801901	6.65e-47	196
CP043554.1	CP046745.1	93.846	130	8	0	2417659	2417788	2273675	2273546	6.65e-47	196
CP043554.1	CP046745.1	95.161	124	6	0	2201587	2201710	2466822	2466945	6.65e-47	196
CP043554.1	CP046745.1	93.893	131	7	1	1117812	1117941	2507086	2506956	6.65e-47	196
CP043554.1	CP046745.1	93.846	130	8	0	996592	996721	2556644	2556515	6.65e-47	196
CP043554.1	CP046745.1	93.846	130	8	0	532356	532485	2556645	2556516	6.65e-47	196
CP043554.1	CP046745.1	95.161	124	6	0	1364769	1364892	2556644	2556521	6.65e-47	196
CP043554.1	CP046745.1	93.846	130	8	0	1652961	1653090	2636397	2636526	6.65e-47	196
CP043554.1	CP046745.1	93.846	130	8	0	1656507	1656636	2640773	2640902	6.65e-47	196
CP043554.1	CP046745.1	93.846	130	8	0	1652960	1653089	2710573	2710702	6.65e-47	196
CP043554.1	CP046745.1	93.846	130	8	0	549720	549849	2710702	2710573	6.65e-47	196
CP043554.1	CP046745.1	91.608	143	10	2	1213888	1214028	2765021	2764879	6.65e-47	196
CP043554.1	CP046745.1	94.444	126	7	0	2201587	2201712	644267	644392	2.39e-46	195
CP043554.1	CP046745.1	95.833	120	5	0	1652965	1653084	829012	828893	2.39e-46	195
CP043554.1	CP046745.1	95.833	120	5	0	1117820	1117939	849737	849856	2.39e-46	195
CP043554.1	CP046745.1	92.647	136	9	1	1303423	1303558	957566	957700	2.39e-46	195
CP043554.1	CP046745.1	93.798	129	8	0	549721	549849	1228174	1228302	2.39e-46	195
CP043554.1	CP046745.1	93.798	129	8	0	1652961	1653089	1444419	1444291	2.39e-46	195
CP043554.1	CP046745.1	93.798	129	8	0	996592	996720	1444292	1444420	2.39e-46	195
CP043554.1	CP046745.1	95.122	123	6	0	713369	713491	1527239	1527361	2.39e-46	195
CP043554.1	CP046745.1	93.846	130	6	2	759615	759743	1628301	1628429	2.39e-46	195
CP043554.1	CP046745.1	93.798	129	8	0	150626	150754	1628302	1628430	2.39e-46	195
CP043554.1	CP046745.1	93.798	129	8	0	2128505	2128633	1628430	1628302	2.39e-46	195
CP043554.1	CP046745.1	93.233	133	8	1	1648416	1648548	1679867	1679736	2.39e-46	195
CP043554.1	CP046745.1	95.833	120	5	0	2931068	2931187	2027529	2027648	2.39e-46	195
CP043554.1	CP046745.1	93.182	132	9	0	996589	996720	2180092	2180223	2.39e-46	195
CP043554.1	CP046745.1	93.233	133	8	1	374794	374926	2180095	2180226	2.39e-46	195
CP043554.1	CP046745.1	94.444	126	7	0	2201587	2201712	2180222	2180097	2.39e-46	195
CP043554.1	CP046745.1	93.798	129	8	0	2417661	2417789	2243138	2243010	2.39e-46	195
CP043554.1	CP046745.1	93.233	133	8	1	1652957	1653088	2254916	2255048	2.39e-46	195
CP043554.1	CP046745.1	93.798	129	8	0	1303428	1303556	2267222	2267350	2.39e-46	195
CP043554.1	CP046745.1	93.798	129	8	0	2491764	2491892	2267351	2267223	2.39e-46	195
CP043554.1	CP046745.1	95.833	120	5	0	2911718	2911837	2273550	2273669	2.39e-46	195
CP043554.1	CP046745.1	95.122	123	6	0	374799	374921	2466944	2466822	2.39e-46	195
CP043554.1	CP046745.1	93.182	132	9	0	2076149	2076280	2506958	2507089	2.39e-46	195
CP043554.1	CP046745.1	93.798	129	8	0	880415	880543	2636525	2636397	2.39e-46	195
CP043554.1	CP046745.1	93.798	129	8	0	1213895	1214023	2646874	2646746	2.39e-46	195
CP043554.1	CP046745.1	93.798	129	8	0	532356	532484	2646874	2646746	2.39e-46	195
CP043554.1	CP046745.1	96.581	117	4	0	1364780	1364896	2646862	2646746	2.39e-46	195
CP043554.1	CP046745.1	95.122	123	6	0	86028	86150	2646874	2646752	2.39e-46	195
CP043554.1	CP046745.1	93.798	129	8	0	713364	713492	2710701	2710573	2.39e-46	195
CP043554.1	CP046745.1	95.122	123	6	0	1404142	1404264	2710697	2710575	2.39e-46	195
CP043554.1	CP046745.1	92.647	136	7	3	1117806	1117939	55322	55456	8.60e-46	193
CP043554.1	CP046745.1	92.537	134	10	0	1652958	1653091	61882	62015	8.60e-46	193
CP043554.1	CP046745.1	95.082	122	6	0	2911716	2911837	135009	134888	8.60e-46	193
CP043554.1	CP046745.1	91.971	137	11	0	2491762	2491898	644264	644400	8.60e-46	193
CP043554.1	CP046745.1	93.750	128	8	0	2128506	2128633	644267	644394	8.60e-46	193
CP043554.1	CP046745.1	93.750	128	8	0	150626	150753	644394	644267	8.60e-46	193
CP043554.1	CP046745.1	95.082	122	6	0	150628	150749	828891	829012	8.60e-46	193
CP043554.1	CP046745.1	95.082	122	6	0	2201591	2201712	829012	828891	8.60e-46	193
CP043554.1	CP046745.1	93.798	129	7	1	1213895	1214023	957571	957698	8.60e-46	193
CP043554.1	CP046745.1	93.750	128	8	0	1404137	1404264	1048575	1048702	8.60e-46	193
CP043554.1	CP046745.1	93.750	128	8	0	532357	532484	1048576	1048703	8.60e-46	193
CP043554.1	CP046745.1	93.750	128	8	0	2076149	2076276	1048703	1048576	8.60e-46	193
CP043554.1	CP046745.1	93.750	128	8	0	1656508	1656635	1048703	1048576	8.60e-46	193
CP043554.1	CP046745.1	89.677	155	11	5	1404137	1404289	1279524	1279675	8.60e-46	193
CP043554.1	CP046745.1	93.750	128	8	0	2417661	2417788	1279653	1279526	8.60e-46	193
CP043554.1	CP046745.1	95.082	122	6	0	86029	86150	1279526	1279647	8.60e-46	193
CP043554.1	CP046745.1	95.122	123	5	1	2121983	2122104	1527239	1527361	8.60e-46	193
CP043554.1	CP046745.1	93.130	131	9	0	1284940	1285070	1628429	1628299	8.60e-46	193
CP043554.1	CP046745.1	93.750	128	8	0	2491765	2491892	1628429	1628302	8.60e-46	193
CP043554.1	CP046745.1	93.798	129	6	2	996592	996719	1628302	1628429	8.60e-46	193
CP043554.1	CP046745.1	93.798	129	7	1	713363	713491	1679739	1679866	8.60e-46	193
CP043554.1	CP046745.1	94.444	126	6	1	2201587	2201712	1679866	1679742	8.60e-46	193
CP043554.1	CP046745.1	93.798	129	7	1	150625	150753	1903519	1903646	8.60e-46	193
CP043554.1	CP046745.1	93.798	129	7	1	532357	532485	1903520	1903647	8.60e-46	193
CP043554.1	CP046745.1	93.130	131	9	0	2491764	2491894	2180223	2180093	8.60e-46	193
CP043554.1	CP046745.1	93.750	128	8	0	150626	150753	2180095	2180222	8.60e-46	193
CP043554.1	CP046745.1	93.798	129	6	2	759616	759743	2180095	2180222	8.60e-46	193
CP043554.1	CP046745.1	93.750	128	8	0	1656508	1656635	2180222	2180095	8.60e-46	193
CP043554.1	CP046745.1	93.182	132	8	1	1648417	1648547	2254921	2255052	8.60e-46	193
CP043554.1	CP046745.1	93.130	131	9	0	150623	150753	2267220	2267350	8.60e-46	193
CP043554.1	CP046745.1	93.750	128	8	0	2491765	2491892	2273673	2273546	8.60e-46	193
CP043554.1	CP046745.1	93.750	128	8	0	1213896	1214023	2273546	2273673	8.60e-46	193
CP043554.1	CP046745.1	94.400	125	7	0	1364769	1364893	2273546	2273670	8.60e-46	193
CP043554.1	CP046745.1	95.082	122	6	0	86029	86150	2273546	2273667	8.60e-46	193
CP043554.1	CP046745.1	93.750	128	8	0	996592	996719	2466949	2466822	8.60e-46	193
CP043554.1	CP046745.1	93.750	128	8	0	532357	532484	2507085	2506958	8.60e-46	193
CP043554.1	CP046745.1	93.750	128	8	0	996592	996719	2646873	2646746	8.60e-46	193
CP043554.1	CP046745.1	93.750	128	8	0	1648417	1648544	2710574	2710701	8.60e-46	193
CP043554.1	CP046745.1	93.798	129	7	1	1656508	1656635	2764884	2765012	8.60e-46	193
CP043554.1	CP046745.1	93.846	130	5	3	759616	759743	2765012	2764884	8.60e-46	193
CP043554.1	CP046745.1	93.077	130	9	0	996592	996721	644394	644265	3.09e-45	191
CP043554.1	CP046745.1	92.481	133	10	0	1284939	1285071	1279654	1279522	3.09e-45	191
CP043554.1	CP046745.1	93.077	130	9	0	549719	549848	1444290	1444419	3.09e-45	191
CP043554.1	CP046745.1	93.077	130	9	0	2491764	2491893	1444420	1444291	3.09e-45	191
CP043554.1	CP046745.1	93.077	130	9	0	613857	613986	1461651	1461780	3.09e-45	191
CP043554.1	CP046745.1	93.077	130	9	0	532355	532484	1527232	1527361	3.09e-45	191
CP043554.1	CP046745.1	93.077	130	9	0	549719	549848	1527232	1527361	3.09e-45	191
CP043554.1	CP046745.1	93.750	128	7	1	1117813	1117939	1527234	1527361	3.09e-45	191
CP043554.1	CP046745.1	93.750	128	7	1	996592	996719	1679740	1679866	3.09e-45	191
CP043554.1	CP046745.1	93.750	128	7	1	1213896	1214023	1679740	1679866	3.09e-45	191
CP043554.1	CP046745.1	95.798	119	4	1	1364779	1364897	1679750	1679867	3.09e-45	191
CP043554.1	CP046745.1	93.750	128	7	1	1652961	1653088	1903646	1903520	3.09e-45	191
CP043554.1	CP046745.1	93.130	131	8	1	613856	613986	2027519	2027648	3.09e-45	191
CP043554.1	CP046745.1	94.355	124	7	0	2201587	2201710	2273673	2273550	3.09e-45	191
CP043554.1	CP046745.1	93.077	130	9	0	1284938	1285067	2556515	2556644	3.09e-45	191
CP043554.1	CP046745.1	94.355	124	7	0	374799	374922	2556639	2556516	3.09e-45	191
CP043554.1	CP046745.1	93.130	131	7	2	759615	759744	2640902	2640773	3.09e-45	191
CP043554.1	CP046745.1	93.750	128	7	1	2121978	2122104	2640901	2640774	3.09e-45	191
CP043554.1	CP046745.1	90.476	147	10	4	374775	374921	2646888	2646746	3.09e-45	191
CP043554.1	CP046745.1	92.481	133	9	1	418241	418373	1048576	1048707	1.11e-44	189
CP043554.1	CP046745.1	91.912	136	10	1	360169	360303	1264617	1264752	1.11e-44	189
CP043554.1	CP046745.1	91.912	136	10	1	359887	360022	1264899	1265033	1.11e-44	189
CP043554.1	CP046745.1	93.023	129	9	0	532357	532485	1279526	1279654	1.11e-44	189
CP043554.1	CP046745.1	89.865	148	13	2	532338	532484	1461634	1461780	1.11e-44	189
CP043554.1	CP046745.1	93.023	129	9	0	880416	880544	1628302	1628430	1.11e-44	189
CP043554.1	CP046745.1	94.309	123	7	0	1404142	1404264	1628306	1628428	1.11e-44	189
CP043554.1	CP046745.1	95.000	120	6	0	2911718	2911837	1628306	1628425	1.11e-44	189
CP043554.1	CP046745.1	92.424	132	10	0	613859	613990	2255048	2254917	1.11e-44	189
CP043554.1	CP046745.1	93.023	129	9	0	1656508	1656636	2267350	2267222	1.11e-44	189
CP043554.1	CP046745.1	94.309	123	7	0	1404142	1404264	2267227	2267349	1.11e-44	189
CP043554.1	CP046745.1	94.309	123	7	0	374799	374921	2273551	2273673	1.11e-44	189
CP043554.1	CP046745.1	93.023	129	9	0	613858	613986	2556645	2556517	1.11e-44	189
CP043554.1	CP046745.1	93.023	129	9	0	549720	549848	2556645	2556517	1.11e-44	189
CP043554.1	CP046745.1	91.912	136	10	1	613851	613986	2636531	2636397	1.11e-44	189
CP043554.1	CP046745.1	92.481	133	9	1	1284935	1285067	2646742	2646873	1.11e-44	189
CP043554.1	CP046745.1	92.481	133	9	1	613858	613990	2646874	2646743	1.11e-44	189
CP043554.1	CP046745.1	93.077	130	7	2	2076148	2076276	2650204	2650332	1.11e-44	189
CP043554.1	CP046745.1	93.023	129	9	0	150626	150754	2710701	2710573	1.11e-44	189
CP043554.1	CP046745.1	92.969	128	9	0	1303429	1303556	644394	644267	4.00e-44	187
CP043554.1	CP046745.1	94.262	122	7	0	2128510	2128631	829012	828891	4.00e-44	187
CP043554.1	CP046745.1	92.969	128	9	0	360169	360296	875428	875555	4.00e-44	187
CP043554.1	CP046745.1	93.651	126	7	1	2201587	2201712	957698	957574	4.00e-44	187
CP043554.1	CP046745.1	92.366	131	10	0	613856	613986	1048573	1048703	4.00e-44	187
CP043554.1	CP046745.1	92.969	128	9	0	1648417	1648544	1048703	1048576	4.00e-44	187
CP043554.1	CP046745.1	92.424	132	9	1	613856	613986	1228170	1228301	4.00e-44	187
CP043554.1	CP046745.1	92.969	128	9	0	150626	150753	1444292	1444419	4.00e-44	187
CP043554.1	CP046745.1	92.969	128	9	0	1303429	1303556	1444292	1444419	4.00e-44	187
CP043554.1	CP046745.1	92.366	131	10	0	150623	150753	1527231	1527361	4.00e-44	187
CP043554.1	CP046745.1	94.262	122	7	0	2931067	2931188	1527241	1527362	4.00e-44	187
CP043554.1	CP046745.1	93.023	129	8	1	2121978	2122105	1628302	1628430	4.00e-44	187
CP043554.1	CP046745.1	91.852	135	9	2	2076149	2076281	1802030	1801896	4.00e-44	187
CP043554.1	CP046745.1	91.367	139	9	3	2201587	2201725	1903646	1903511	4.00e-44	187
CP043554.1	CP046745.1	92.424	132	9	1	2128506	2128637	1903646	1903516	4.00e-44	187
CP043554.1	CP046745.1	92.366	131	10	0	1303428	1303558	2177372	2177502	4.00e-44	187
CP043554.1	CP046745.1	92.969	128	9	0	2076149	2076276	2180222	2180095	4.00e-44	187
CP043554.1	CP046745.1	92.969	128	9	0	549721	549848	2267223	2267350	4.00e-44	187
CP043554.1	CP046745.1	92.969	128	9	0	880416	880543	2267223	2267350	4.00e-44	187
CP043554.1	CP046745.1	92.366	131	10	0	1211173	1211303	2273545	2273675	4.00e-44	187
CP043554.1	CP046745.1	92.969	128	9	0	532357	532484	2273546	2273673	4.00e-44	187
CP043554.1	CP046745.1	92.969	128	9	0	996592	996719	2273546	2273673	4.00e-44	187
CP043554.1	CP046745.1	93.651	126	6	2	1211180	1211303	2466943	2466818	4.00e-44	187
CP043554.1	CP046745.1	92.366	131	10	0	1648414	1648544	2506955	2507085	4.00e-44	187
CP043554.1	CP046745.1	92.969	128	9	0	1652961	1653088	2506958	2507085	4.00e-44	187
CP043554.1	CP046745.1	92.969	128	9	0	713364	713491	2507085	2506958	4.00e-44	187
CP043554.1	CP046745.1	92.969	128	9	0	613859	613986	2507085	2506958	4.00e-44	187
CP043554.1	CP046745.1	92.969	128	9	0	1303429	1303556	2636524	2636397	4.00e-44	187
CP043554.1	CP046745.1	90.845	142	9	4	996592	996731	2640901	2640762	4.00e-44	187
CP043554.1	CP046745.1	91.304	138	11	1	2491765	2491902	2640774	2640910	4.00e-44	187
CP043554.1	CP046745.1	92.424	132	9	1	1284940	1285071	2640774	2640904	4.00e-44	187
CP043554.1	CP046745.1	92.969	128	9	0	2128506	2128633	2640774	2640901	4.00e-44	187
CP043554.1	CP046745.1	92.969	128	9	0	150626	150753	2640901	2640774	4.00e-44	187
CP043554.1	CP046745.1	91.912	136	7	4	759611	759744	2650337	2650204	4.00e-44	187
CP043554.1	CP046745.1	94.958	119	6	0	1284940	1285058	3018888	3019006	4.00e-44	187
CP043554.1	CP046745.1	94.958	119	6	0	2076149	2076267	3018888	3019006	4.00e-44	187
CP043554.1	CP046745.1	94.915	118	6	0	2498635	2498752	441180	441297	1.44e-43	185
CP043554.1	CP046745.1	94.915	118	6	0	2495862	2495979	443953	444070	1.44e-43	185
CP043554.1	CP046745.1	83.636	220	12	12	2635713	2635931	566158	566354	1.44e-43	185
CP043554.1	CP046745.1	92.913	127	9	0	360169	360295	783418	783292	1.44e-43	185
CP043554.1	CP046745.1	91.241	137	11	1	2076148	2076283	849857	849721	1.44e-43	185
CP043554.1	CP046745.1	92.969	128	8	1	374794	374921	957572	957698	1.44e-43	185
CP043554.1	CP046745.1	93.023	129	6	3	759616	759743	957572	957698	1.44e-43	185
CP043554.1	CP046745.1	92.913	127	9	0	360169	360295	997679	997805	1.44e-43	185
CP043554.1	CP046745.1	92.969	128	7	2	2911713	2911839	1467180	1467306	1.44e-43	185
CP043554.1	CP046745.1	93.023	129	5	1	1287730	1287854	1628429	1628301	1.44e-43	185
CP043554.1	CP046745.1	93.548	124	8	0	2201587	2201710	1628429	1628306	1.44e-43	185
CP043554.1	CP046745.1	92.969	128	8	1	374794	374921	1679740	1679866	1.44e-43	185
CP043554.1	CP046745.1	92.969	128	8	1	2417661	2417788	1679866	1679740	1.44e-43	185
CP043554.1	CP046745.1	92.308	130	10	0	613857	613986	1801901	1802030	1.44e-43	185
CP043554.1	CP046745.1	92.969	128	8	1	2417661	2417788	1903646	1903520	1.44e-43	185
CP043554.1	CP046745.1	93.023	129	6	3	759616	759743	1903520	1903646	1.44e-43	185
CP043554.1	CP046745.1	92.969	128	8	1	2076149	2076276	1903646	1903520	1.44e-43	185
CP043554.1	CP046745.1	92.969	128	8	1	1303429	1303556	1903520	1903646	1.44e-43	185
CP043554.1	CP046745.1	94.262	122	6	1	2911716	2911837	1903522	1903642	1.44e-43	185
CP043554.1	CP046745.1	92.308	130	10	0	418239	418368	2180093	2180222	1.44e-43	185
CP043554.1	CP046745.1	95.652	115	5	0	1364779	1364893	2180105	2180219	1.44e-43	185
CP043554.1	CP046745.1	92.969	128	8	1	2121978	2122104	2267223	2267350	1.44e-43	185
CP043554.1	CP046745.1	92.308	130	10	0	613859	613988	2466949	2466820	1.44e-43	185
CP043554.1	CP046745.1	92.308	130	10	0	150624	150753	2507087	2506958	1.44e-43	185
CP043554.1	CP046745.1	91.241	137	11	1	1404142	1404277	2636520	2636384	1.44e-43	185
CP043554.1	CP046745.1	92.308	130	10	0	1392721	1392850	2636525	2636396	1.44e-43	185
CP043554.1	CP046745.1	93.548	124	8	0	2201587	2201710	2636397	2636520	1.44e-43	185
CP043554.1	CP046745.1	92.308	130	10	0	549720	549849	2646874	2646745	1.44e-43	185
CP043554.1	CP046745.1	92.366	131	8	2	1648416	1648545	2650204	2650333	1.44e-43	185
CP043554.1	CP046745.1	88.889	153	14	2	1303406	1303557	2710723	2710573	1.44e-43	185
CP043554.1	CP046745.1	94.915	118	6	0	2911719	2911836	2813265	2813148	1.44e-43	185
CP043554.1	CP046745.1	91.729	133	10	1	713360	713492	55326	55457	5.17e-43	183
CP043554.1	CP046745.1	91.729	133	9	2	2417657	2417788	55461	55330	5.17e-43	183
CP043554.1	CP046745.1	92.857	126	9	0	2128506	2128631	134884	135009	5.17e-43	183
CP043554.1	CP046745.1	82.403	233	19	15	2405837	2406050	368079	368308	5.17e-43	183
CP043554.1	CP046745.1	92.248	129	10	0	374794	374922	644394	644266	5.17e-43	183
CP043554.1	CP046745.1	92.248	129	10	0	2076149	2076277	644267	644395	5.17e-43	183
CP043554.1	CP046745.1	95.614	114	5	0	1364779	1364892	644384	644271	5.17e-43	183
CP043554.1	CP046745.1	94.167	120	7	0	1303433	1303552	828893	829012	5.17e-43	183
CP043554.1	CP046745.1	92.248	129	10	0	2417660	2417788	1048704	1048576	5.17e-43	183
CP043554.1	CP046745.1	93.496	123	8	0	1211180	1211302	1048582	1048704	5.17e-43	183
CP043554.1	CP046745.1	92.248	129	10	0	1652960	1653088	1228302	1228174	5.17e-43	183
CP043554.1	CP046745.1	93.548	124	6	2	1652965	1653087	1467305	1467183	5.17e-43	183
CP043554.1	CP046745.1	91.729	133	10	1	1652958	1653089	1527365	1527233	5.17e-43	183
CP043554.1	CP046745.1	73.034	534	138	6	1168145	1168675	1564250	1563720	5.17e-43	183
CP043554.1	CP046745.1	92.913	127	7	2	86025	86150	1679735	1679860	5.17e-43	183
CP043554.1	CP046745.1	92.248	129	10	0	713364	713492	1801903	1802031	5.17e-43	183
CP043554.1	CP046745.1	93.496	123	8	0	1819269	1819391	1802030	1801908	5.17e-43	183
CP043554.1	CP046745.1	92.248	129	10	0	1652960	1653088	2177501	2177373	5.17e-43	183
CP043554.1	CP046745.1	93.496	123	8	0	150632	150754	2177379	2177501	5.17e-43	183
CP043554.1	CP046745.1	92.248	129	10	0	2417661	2417789	2180222	2180094	5.17e-43	183
CP043554.1	CP046745.1	92.248	129	10	0	613858	613986	2243010	2243138	5.17e-43	183
CP043554.1	CP046745.1	92.248	129	10	0	2128506	2128634	2243138	2243010	5.17e-43	183
CP043554.1	CP046745.1	93.496	123	8	0	1404142	1404264	2243015	2243137	5.17e-43	183
CP043554.1	CP046745.1	92.308	130	8	2	759615	759743	2267222	2267350	5.17e-43	183
CP043554.1	CP046745.1	92.248	129	10	0	996592	996720	2267223	2267351	5.17e-43	183
CP043554.1	CP046745.1	92.248	129	10	0	1284939	1285067	2267351	2267223	5.17e-43	183
CP043554.1	CP046745.1	93.496	123	8	0	1404142	1404264	2556640	2556518	5.17e-43	183
CP043554.1	CP046745.1	92.913	127	8	1	1211171	1211296	2556648	2556522	5.17e-43	183
CP043554.1	CP046745.1	93.496	123	8	0	1404142	1404264	2640897	2640775	5.17e-43	183
CP043554.1	CP046745.1	94.167	120	7	0	2911718	2911837	2640897	2640778	5.17e-43	183
CP043554.1	CP046745.1	93.496	123	8	0	1211180	1211302	2646867	2646745	5.17e-43	183
CP043554.1	CP046745.1	93.496	123	8	0	1404142	1404264	2646869	2646747	5.17e-43	183
CP043554.1	CP046745.1	93.548	124	6	2	374799	374921	2650327	2650205	5.17e-43	183
CP043554.1	CP046745.1	92.308	130	9	1	2128506	2128634	2764884	2765013	5.17e-43	183
CP043554.1	CP046745.1	92.308	130	9	1	549720	549848	2765013	2764884	5.17e-43	183
CP043554.1	CP046745.1	94.215	121	6	1	2911718	2911837	2765008	2764888	5.17e-43	183
CP043554.1	CP046745.1	99.010	101	1	0	5355	5455	156518	156418	1.86e-42	182
CP043554.1	CP046745.1	93.443	122	8	0	360175	360296	156698	156577	1.86e-42	182
CP043554.1	CP046745.1	100.000	98	0	0	5355	5452	516081	515984	1.86e-42	182
CP043554.1	CP046745.1	93.443	122	8	0	360175	360296	516260	516139	1.86e-42	182
CP043554.1	CP046745.1	93.443	122	8	0	360175	360296	599576	599455	1.86e-42	182
CP043554.1	CP046745.1	91.667	132	10	1	1656504	1656635	644264	644394	1.86e-42	182
CP043554.1	CP046745.1	93.443	122	8	0	360175	360296	777908	777787	1.86e-42	182
CP043554.1	CP046745.1	93.496	123	6	2	759618	759739	828891	829012	1.86e-42	182
CP043554.1	CP046745.1	93.443	122	8	0	1213898	1214019	828891	829012	1.86e-42	182
CP043554.1	CP046745.1	91.603	131	11	0	2417661	2417791	849856	849726	1.86e-42	182
CP043554.1	CP046745.1	99.020	102	0	1	2570648	2570749	875713	875613	1.86e-42	182
CP043554.1	CP046745.1	91.111	135	10	2	2076142	2076276	957704	957572	1.86e-42	182
CP043554.1	CP046745.1	92.800	125	9	0	360172	360296	1003402	1003526	1.86e-42	182
CP043554.1	CP046745.1	92.188	128	10	0	5219	5346	1264899	1265026	1.86e-42	182
CP043554.1	CP046745.1	92.188	128	10	0	106941	107068	1264899	1265026	1.86e-42	182
CP043554.1	CP046745.1	92.188	128	10	0	2670175	2670302	1265026	1264899	1.86e-42	182
CP043554.1	CP046745.1	92.188	128	10	0	549721	549848	1279526	1279653	1.86e-42	182
CP043554.1	CP046745.1	92.188	128	10	0	613859	613986	1279526	1279653	1.86e-42	182
CP043554.1	CP046745.1	92.800	125	9	0	801349	801473	1279531	1279655	1.86e-42	182
CP043554.1	CP046745.1	92.188	128	10	0	1656508	1656635	1444419	1444292	1.86e-42	182
CP043554.1	CP046745.1	91.729	133	8	3	996588	996719	1527231	1527361	1.86e-42	182
CP043554.1	CP046745.1	92.800	125	9	0	1404140	1404264	1527236	1527360	1.86e-42	182
CP043554.1	CP046745.1	92.188	128	10	0	1213896	1214023	1628302	1628429	1.86e-42	182
CP043554.1	CP046745.1	92.188	128	10	0	2931060	2931187	1628302	1628429	1.86e-42	182
CP043554.1	CP046745.1	92.800	125	9	0	1364769	1364893	1628302	1628426	1.86e-42	182
CP043554.1	CP046745.1	93.443	122	8	0	86029	86150	1628302	1628423	1.86e-42	182
CP043554.1	CP046745.1	92.248	129	9	1	613859	613987	1679740	1679867	1.86e-42	182
CP043554.1	CP046745.1	92.188	128	10	0	1648417	1648544	1802030	1801903	1.86e-42	182
CP043554.1	CP046745.1	92.913	127	6	2	1287730	1287853	1903646	1903520	1.86e-42	182
CP043554.1	CP046745.1	91.111	135	10	2	150619	150753	2027516	2027648	1.86e-42	182
CP043554.1	CP046745.1	91.603	131	11	0	532356	532486	2180094	2180224	1.86e-42	182
CP043554.1	CP046745.1	92.188	128	10	0	713364	713491	2180095	2180222	1.86e-42	182
CP043554.1	CP046745.1	92.188	128	10	0	1648417	1648544	2180222	2180095	1.86e-42	182
CP043554.1	CP046745.1	92.188	128	10	0	150626	150753	2243011	2243138	1.86e-42	182
CP043554.1	CP046745.1	92.188	128	10	0	1656508	1656635	2243138	2243011	1.86e-42	182
CP043554.1	CP046745.1	92.188	128	10	0	2128506	2128633	2267350	2267223	1.86e-42	182
CP043554.1	CP046745.1	92.188	128	10	0	2931060	2931187	2267223	2267350	1.86e-42	182
CP043554.1	CP046745.1	91.603	131	11	0	549721	549851	2273546	2273676	1.86e-42	182
CP043554.1	CP046745.1	91.667	132	9	2	549721	549850	2466949	2466818	1.86e-42	182
CP043554.1	CP046745.1	92.188	128	10	0	549721	549848	2507085	2506958	1.86e-42	182
CP043554.1	CP046745.1	92.308	130	6	1	1287729	1287854	2640773	2640902	1.86e-42	182
CP043554.1	CP046745.1	92.188	128	10	0	880416	880543	2640901	2640774	1.86e-42	182
CP043554.1	CP046745.1	92.248	129	9	1	2121978	2122105	2646873	2646745	1.86e-42	182
CP043554.1	CP046745.1	92.248	129	8	2	2128506	2128633	2650205	2650332	1.86e-42	182
CP043554.1	CP046745.1	92.248	129	8	2	2417661	2417788	2650205	2650332	1.86e-42	182
CP043554.1	CP046745.1	92.248	129	8	2	150626	150753	2650332	2650205	1.86e-42	182
CP043554.1	CP046745.1	91.603	131	11	0	2128505	2128635	2710573	2710703	1.86e-42	182
CP043554.1	CP046745.1	92.248	129	9	1	150626	150753	2765012	2764884	1.86e-42	182
CP043554.1	CP046745.1	94.118	119	7	0	1648417	1648535	3018888	3019006	1.86e-42	182
CP043554.1	CP046745.1	94.118	119	7	0	532366	532484	3019006	3018888	1.86e-42	182
CP043554.1	CP046745.1	92.188	128	9	1	613859	613986	55330	55456	6.69e-42	180
CP043554.1	CP046745.1	92.188	128	9	1	2076149	2076276	55456	55330	6.69e-42	180
CP043554.1	CP046745.1	91.603	131	10	1	150628	150757	135009	134879	6.69e-42	180
CP043554.1	CP046745.1	92.742	124	9	0	1652961	1653084	134884	135007	6.69e-42	180
CP043554.1	CP046745.1	93.443	122	7	1	2931067	2931188	459132	459012	6.69e-42	180
CP043554.1	CP046745.1	93.443	122	7	1	2121978	2122098	459139	459018	6.69e-42	180
CP043554.1	CP046745.1	93.388	121	8	0	360175	360295	521944	521824	6.69e-42	180
CP043554.1	CP046745.1	93.388	121	8	0	374796	374916	828891	829011	6.69e-42	180
CP043554.1	CP046745.1	91.603	131	10	1	2417659	2417789	957700	957571	6.69e-42	180
CP043554.1	CP046745.1	94.783	115	6	0	1364779	1364893	1048586	1048700	6.69e-42	180
CP043554.1	CP046745.1	90.580	138	10	3	996587	996722	1228169	1228305	6.69e-42	180
CP043554.1	CP046745.1	91.538	130	11	0	1303428	1303557	1228173	1228302	6.69e-42	180
CP043554.1	CP046745.1	92.126	127	10	0	2867525	2867651	1265025	1264899	6.69e-42	180
CP043554.1	CP046745.1	92.126	127	10	0	101239	101365	1264899	1265025	6.69e-42	180
CP043554.1	CP046745.1	92.742	124	9	0	2862016	2862139	1265026	1264903	6.69e-42	180
CP043554.1	CP046745.1	91.538	130	11	0	880414	880543	1444290	1444419	6.69e-42	180
CP043554.1	CP046745.1	91.538	130	11	0	1652960	1653089	1461781	1461652	6.69e-42	180
CP043554.1	CP046745.1	91.667	132	7	4	2491769	2491897	1467305	1467175	6.69e-42	180
CP043554.1	CP046745.1	92.126	127	10	0	1284936	1285062	1527365	1527239	6.69e-42	180
CP043554.1	CP046745.1	92.188	128	9	1	532357	532484	1679740	1679866	6.69e-42	180
CP043554.1	CP046745.1	90.441	136	13	0	532349	532484	1801895	1802030	6.69e-42	180
CP043554.1	CP046745.1	92.188	128	9	1	713364	713491	1903520	1903646	6.69e-42	180
CP043554.1	CP046745.1	92.188	128	9	1	1656508	1656635	1903646	1903520	6.69e-42	180
CP043554.1	CP046745.1	92.188	128	9	1	1648417	1648544	1903646	1903520	6.69e-42	180
CP043554.1	CP046745.1	92.188	128	9	1	1392722	1392849	2027522	2027648	6.69e-42	180
CP043554.1	CP046745.1	90.000	140	12	1	1656497	1656636	2177509	2177372	6.69e-42	180
CP043554.1	CP046745.1	92.742	124	9	0	86027	86150	2180093	2180216	6.69e-42	180
CP043554.1	CP046745.1	91.538	130	11	0	880416	880545	2273546	2273675	6.69e-42	180
CP043554.1	CP046745.1	92.188	128	9	1	2121978	2122104	2556644	2556517	6.69e-42	180
CP043554.1	CP046745.1	92.742	124	9	0	222310	222433	2556644	2556521	6.69e-42	180
CP043554.1	CP046745.1	92.188	128	9	1	1117813	1117939	2636524	2636397	6.69e-42	180
CP043554.1	CP046745.1	92.742	124	9	0	2201587	2201710	2640774	2640897	6.69e-42	180
CP043554.1	CP046745.1	91.603	131	10	1	2491764	2491893	2764883	2765013	6.69e-42	180
CP043554.1	CP046745.1	92.800	125	8	1	374799	374922	2765007	2764883	6.69e-42	180
CP043554.1	CP046745.1	92.800	125	8	1	2201587	2201710	2764884	2765008	6.69e-42	180
CP043554.1	CP046745.1	92.063	126	10	0	2201587	2201712	61885	62010	2.41e-41	178
CP043554.1	CP046745.1	93.333	120	8	0	2076153	2076272	829012	828893	2.41e-41	178
CP043554.1	CP046745.1	93.333	120	8	0	1656512	1656631	829012	828893	2.41e-41	178
CP043554.1	CP046745.1	91.473	129	11	0	1648416	1648544	849857	849729	2.41e-41	178
CP043554.1	CP046745.1	90.441	136	11	2	2219260	2219395	1265032	1264899	2.41e-41	178
CP043554.1	CP046745.1	92.683	123	9	0	2675924	2676046	1265025	1264903	2.41e-41	178
CP043554.1	CP046745.1	91.473	129	11	0	880159	880287	1279525	1279653	2.41e-41	178
CP043554.1	CP046745.1	91.473	129	11	0	2128506	2128634	1444419	1444291	2.41e-41	178
CP043554.1	CP046745.1	92.248	129	4	3	1287730	1287853	1444419	1444292	2.41e-41	178
CP043554.1	CP046745.1	93.333	120	8	0	2911718	2911837	1444296	1444415	2.41e-41	178
CP043554.1	CP046745.1	92.800	125	6	3	996597	996719	1461657	1461780	2.41e-41	178
CP043554.1	CP046745.1	92.742	124	7	2	2128510	2128632	1467305	1467183	2.41e-41	178
CP043554.1	CP046745.1	91.473	129	11	0	2128506	2128634	1527361	1527233	2.41e-41	178
CP043554.1	CP046745.1	90.441	136	11	2	1117813	1117946	1628302	1628437	2.41e-41	178
CP043554.1	CP046745.1	92.683	123	9	0	374799	374921	1628307	1628429	2.41e-41	178
CP043554.1	CP046745.1	93.388	121	7	1	2931069	2931189	1679749	1679868	2.41e-41	178
CP043554.1	CP046745.1	92.683	123	9	0	2091128	2091250	1903642	1903520	2.41e-41	178
CP043554.1	CP046745.1	90.441	136	11	2	2121971	2122104	2243003	2243138	2.41e-41	178
CP043554.1	CP046745.1	94.017	117	7	0	2911718	2911834	2243015	2243131	2.41e-41	178
CP043554.1	CP046745.1	91.473	129	11	0	150625	150753	2255049	2254921	2.41e-41	178
CP043554.1	CP046745.1	93.333	120	8	0	1404145	1404264	2255041	2254922	2.41e-41	178
CP043554.1	CP046745.1	93.333	120	8	0	2911718	2911837	2267227	2267346	2.41e-41	178
CP043554.1	CP046745.1	90.909	132	12	0	613859	613990	2273546	2273677	2.41e-41	178
CP043554.1	CP046745.1	90.909	132	12	0	1284936	1285067	2273677	2273546	2.41e-41	178
CP043554.1	CP046745.1	92.683	123	9	0	1404142	1404264	2466945	2466823	2.41e-41	178
CP043554.1	CP046745.1	93.333	120	8	0	2911718	2911837	2507081	2506962	2.41e-41	178
CP043554.1	CP046745.1	91.473	129	11	0	880415	880543	2556645	2556517	2.41e-41	178
CP043554.1	CP046745.1	91.473	129	11	0	996592	996720	2636524	2636396	2.41e-41	178
CP043554.1	CP046745.1	91.473	129	11	0	2128506	2128634	2636397	2636525	2.41e-41	178
CP043554.1	CP046745.1	91.473	129	11	0	2931060	2931188	2640901	2640773	2.41e-41	178
CP043554.1	CP046745.1	91.473	129	11	0	1364769	1364897	2640901	2640773	2.41e-41	178
CP043554.1	CP046745.1	90.977	133	11	1	880156	880287	2646878	2646746	2.41e-41	178
CP043554.1	CP046745.1	90.977	133	10	2	1364769	1364900	2650332	2650201	2.41e-41	178
CP043554.1	CP046745.1	93.388	121	6	2	2911718	2911837	2650328	2650209	2.41e-41	178
CP043554.1	CP046745.1	92.742	124	8	1	86028	86150	2765013	2764890	2.41e-41	178
CP043554.1	CP046745.1	90.909	132	11	1	1652960	1653091	55457	55327	8.66e-41	176
CP043554.1	CP046745.1	91.406	128	11	0	1648417	1648544	644267	644394	8.66e-41	176
CP043554.1	CP046745.1	91.406	128	11	0	713364	713491	644394	644267	8.66e-41	176
CP043554.1	CP046745.1	91.406	128	11	0	2417661	2417788	644267	644394	8.66e-41	176
CP043554.1	CP046745.1	98.980	98	1	0	2948492	2948589	788997	788900	8.66e-41	176
CP043554.1	CP046745.1	92.623	122	9	0	2491769	2491890	829012	828891	8.66e-41	176
CP043554.1	CP046745.1	92.623	122	9	0	880162	880283	828891	829012	8.66e-41	176
CP043554.1	CP046745.1	90.370	135	12	1	1652961	1653095	849856	849723	8.66e-41	176
CP043554.1	CP046745.1	91.406	128	11	0	713364	713491	849729	849856	8.66e-41	176
CP043554.1	CP046745.1	91.406	128	11	0	1392722	1392849	849729	849856	8.66e-41	176
CP043554.1	CP046745.1	90.977	133	9	2	713362	713492	957568	957699	8.66e-41	176
CP043554.1	CP046745.1	91.473	129	10	1	1117812	1117939	1048575	1048703	8.66e-41	176
CP043554.1	CP046745.1	91.406	128	11	0	880416	880543	1279526	1279653	8.66e-41	176
CP043554.1	CP046745.1	91.473	129	9	2	759616	759743	1444292	1444419	8.66e-41	176
CP043554.1	CP046745.1	92.000	125	10	0	1364769	1364893	1444292	1444416	8.66e-41	176
CP043554.1	CP046745.1	92.623	122	9	0	2911716	2911837	1527236	1527357	8.66e-41	176
CP043554.1	CP046745.1	90.299	134	13	0	1211169	1211302	1628297	1628430	8.66e-41	176
CP043554.1	CP046745.1	91.406	128	11	0	880160	880287	1628302	1628429	8.66e-41	176
CP043554.1	CP046745.1	90.909	132	10	2	613856	613986	1903516	1903646	8.66e-41	176
CP043554.1	CP046745.1	92.623	122	9	0	2491765	2491886	2177500	2177379	8.66e-41	176
CP043554.1	CP046745.1	91.473	129	9	2	759616	759743	2243011	2243138	8.66e-41	176
CP043554.1	CP046745.1	93.277	119	8	0	2022928	2023046	2243138	2243020	8.66e-41	176
CP043554.1	CP046745.1	89.362	141	13	2	1656496	1656635	2254909	2255048	8.66e-41	176
CP043554.1	CP046745.1	91.406	128	11	0	2128506	2128633	2254921	2255048	8.66e-41	176
CP043554.1	CP046745.1	93.277	119	8	0	2022928	2023046	2254921	2255039	8.66e-41	176
CP043554.1	CP046745.1	92.063	126	8	2	440293	440417	2438996	2438872	8.66e-41	176
CP043554.1	CP046745.1	92.188	128	5	2	2121978	2122104	2438996	2438873	8.66e-41	176
CP043554.1	CP046745.1	92.000	125	10	0	1819267	1819391	2466820	2466944	8.66e-41	176
CP043554.1	CP046745.1	92.000	125	10	0	2201586	2201710	2506957	2507081	8.66e-41	176
CP043554.1	CP046745.1	91.406	128	11	0	1303429	1303556	2507085	2506958	8.66e-41	176
CP043554.1	CP046745.1	91.406	128	11	0	2931060	2931187	2556644	2556517	8.66e-41	176
CP043554.1	CP046745.1	91.406	128	11	0	880160	880287	2556644	2556517	8.66e-41	176
CP043554.1	CP046745.1	91.406	128	11	0	1213896	1214023	2640901	2640774	8.66e-41	176
CP043554.1	CP046745.1	92.623	122	9	0	86029	86150	2640901	2640780	8.66e-41	176
CP043554.1	CP046745.1	90.370	135	12	1	2931057	2931190	2646877	2646743	8.66e-41	176
CP043554.1	CP046745.1	92.683	123	7	2	86029	86150	2650332	2650211	8.66e-41	176
CP043554.1	CP046745.1	91.406	128	11	0	996592	996719	2710701	2710574	8.66e-41	176
CP043554.1	CP046745.1	91.473	129	9	2	2121978	2122104	2765012	2764884	8.66e-41	176
CP043554.1	CP046745.1	91.473	129	10	1	1364769	1364896	2765012	2764884	8.66e-41	176
CP043554.1	CP046745.1	93.277	119	8	0	1652959	1653077	3018886	3019004	8.66e-41	176
CP043554.1	CP046745.1	91.406	128	10	1	1648417	1648544	55456	55330	3.11e-40	174
CP043554.1	CP046745.1	98.000	100	2	0	2406330	2406429	368776	368875	3.11e-40	174
CP043554.1	CP046745.1	98.000	100	2	0	2406105	2406204	369001	369100	3.11e-40	174
CP043554.1	CP046745.1	91.406	128	10	1	1648417	1648544	957698	957572	3.11e-40	174
CP043554.1	CP046745.1	92.683	123	6	2	1364779	1364901	957582	957701	3.11e-40	174
CP043554.1	CP046745.1	90.441	136	8	2	1287724	1287854	1228308	1228173	3.11e-40	174
CP043554.1	CP046745.1	90.299	134	12	1	2121972	2122104	1279520	1279653	3.11e-40	174
CP043554.1	CP046745.1	91.406	128	10	1	1117813	1117939	1444292	1444419	3.11e-40	174
CP043554.1	CP046745.1	91.935	124	10	0	2201587	2201710	1444419	1444296	3.11e-40	174
CP043554.1	CP046745.1	89.209	139	15	0	2128496	2128634	1461790	1461652	3.11e-40	174
CP043554.1	CP046745.1	91.406	128	9	2	2121978	2122104	1679740	1679866	3.11e-40	174
CP043554.1	CP046745.1	92.000	125	9	1	1404140	1404264	1679742	1679865	3.11e-40	174
CP043554.1	CP046745.1	92.623	122	8	1	1211180	1211301	1679746	1679866	3.11e-40	174
CP043554.1	CP046745.1	91.406	128	10	1	549721	549848	1903520	1903646	3.11e-40	174
CP043554.1	CP046745.1	88.435	147	14	3	713353	713499	2027512	2027655	3.11e-40	174
CP043554.1	CP046745.1	91.406	128	10	1	532357	532484	2027522	2027648	3.11e-40	174
CP043554.1	CP046745.1	91.406	128	10	1	2076149	2076276	2027648	2027522	3.11e-40	174
CP043554.1	CP046745.1	91.935	124	10	0	2128504	2128627	2177502	2177379	3.11e-40	174
CP043554.1	CP046745.1	92.623	122	7	2	1364779	1364900	2177383	2177502	3.11e-40	174
CP043554.1	CP046745.1	90.226	133	13	0	1213895	1214027	2243010	2243142	3.11e-40	174
CP043554.1	CP046745.1	90.769	130	12	0	2491764	2491893	2243139	2243010	3.11e-40	174
CP043554.1	CP046745.1	91.935	124	10	0	2201587	2201710	2243138	2243015	3.11e-40	174
CP043554.1	CP046745.1	90.769	130	12	0	1211172	1211301	2267221	2267350	3.11e-40	174
CP043554.1	CP046745.1	91.473	129	7	1	1287730	1287854	2267350	2267222	3.11e-40	174
CP043554.1	CP046745.1	91.406	128	10	1	1117813	1117939	2267223	2267350	3.11e-40	174
CP043554.1	CP046745.1	91.935	124	10	0	2201587	2201710	2267350	2267227	3.11e-40	174
CP043554.1	CP046745.1	90.299	134	12	1	880157	880289	2466953	2466820	3.11e-40	174
CP043554.1	CP046745.1	90.441	136	8	2	1287729	1287860	2466821	2466955	3.11e-40	174
CP043554.1	CP046745.1	91.935	124	10	0	222310	222433	2636524	2636401	3.11e-40	174
CP043554.1	CP046745.1	91.935	124	10	0	222310	222433	2646873	2646750	3.11e-40	174
CP043554.1	CP046745.1	89.362	141	11	3	1211173	1211310	2650333	2650194	3.11e-40	174
CP043554.1	CP046745.1	92.000	125	8	2	2201587	2201710	2650205	2650328	3.11e-40	174
CP043554.1	CP046745.1	91.935	124	10	0	2201587	2201710	2710574	2710697	3.11e-40	174
CP043554.1	CP046745.1	91.935	124	10	0	222310	222433	2710701	2710578	3.11e-40	174
CP043554.1	CP046745.1	93.220	118	8	0	1404147	1404264	3019006	3018889	3.11e-40	174
CP043554.1	CP046745.1	90.226	133	12	1	1303429	1303561	62012	61881	1.12e-39	172
CP043554.1	CP046745.1	91.339	127	9	2	759618	759743	135009	134884	1.12e-39	172
CP043554.1	CP046745.1	100.000	93	0	0	2055341	2055433	593849	593757	1.12e-39	172
CP043554.1	CP046745.1	90.698	129	12	0	532357	532485	644394	644266	1.12e-39	172
CP043554.1	CP046745.1	92.500	120	9	0	2417665	2417784	829012	828893	1.12e-39	172
CP043554.1	CP046745.1	92.500	120	9	0	713368	713487	828893	829012	1.12e-39	172
CP043554.1	CP046745.1	92.500	120	9	0	1648421	1648540	829012	828893	1.12e-39	172
CP043554.1	CP046745.1	90.769	130	11	1	418240	418369	957571	957699	1.12e-39	172
CP043554.1	CP046745.1	90.698	129	12	0	1656508	1656636	1228301	1228173	1.12e-39	172
CP043554.1	CP046745.1	90.769	130	11	1	1117811	1117939	1279524	1279653	1.12e-39	172
CP043554.1	CP046745.1	90.698	129	12	0	1819269	1819397	1279653	1279525	1.12e-39	172
CP043554.1	CP046745.1	92.500	120	9	0	1404142	1404261	1461657	1461776	1.12e-39	172
CP043554.1	CP046745.1	92.500	120	9	0	2911718	2911837	1461657	1461776	1.12e-39	172
CP043554.1	CP046745.1	91.870	123	10	0	2931065	2931187	1461658	1461780	1.12e-39	172
CP043554.1	CP046745.1	92.000	125	6	4	759617	759739	1467183	1467305	1.12e-39	172
CP043554.1	CP046745.1	91.935	124	8	2	1303430	1303552	1467183	1467305	1.12e-39	172
CP043554.1	CP046745.1	90.769	130	10	2	759616	759744	1527234	1527362	1.12e-39	172
CP043554.1	CP046745.1	90.226	133	12	1	2201580	2201712	1527367	1527236	1.12e-39	172
CP043554.1	CP046745.1	92.500	120	9	0	2911718	2911837	1801907	1802026	1.12e-39	172
CP043554.1	CP046745.1	93.913	115	6	1	1364779	1364893	1903530	1903643	1.12e-39	172
CP043554.1	CP046745.1	93.162	117	8	0	2911720	2911836	2177379	2177495	1.12e-39	172
CP043554.1	CP046745.1	90.698	129	12	0	613858	613986	2180094	2180222	1.12e-39	172
CP043554.1	CP046745.1	90.698	129	12	0	880415	880543	2243010	2243138	1.12e-39	172
CP043554.1	CP046745.1	92.500	120	9	0	1117820	1117939	2255040	2254921	1.12e-39	172
CP043554.1	CP046745.1	93.162	117	8	0	2911721	2911837	2255041	2254925	1.12e-39	172
CP043554.1	CP046745.1	91.473	129	6	2	2076148	2076276	2257708	2257831	1.12e-39	172
CP043554.1	CP046745.1	89.706	136	12	2	1364766	1364899	2267219	2267354	1.12e-39	172
CP043554.1	CP046745.1	90.698	129	12	0	1213896	1214024	2267223	2267351	1.12e-39	172
CP043554.1	CP046745.1	90.698	129	12	0	1392722	1392850	2267223	2267351	1.12e-39	172
CP043554.1	CP046745.1	90.299	134	9	1	1287724	1287853	2556511	2556644	1.12e-39	172
CP043554.1	CP046745.1	91.870	123	10	0	1819269	1819391	2636397	2636519	1.12e-39	172
CP043554.1	CP046745.1	91.870	123	10	0	374799	374921	2640896	2640774	1.12e-39	172
CP043554.1	CP046745.1	91.406	128	7	1	1287730	1287853	2646746	2646873	1.12e-39	172
CP043554.1	CP046745.1	89.706	136	13	1	374799	374934	2813265	2813131	1.12e-39	172
CP043554.1	CP046745.1	91.870	123	10	0	1303434	1303556	2813265	2813143	1.12e-39	172
CP043554.1	CP046745.1	92.500	120	9	0	150635	150754	3019006	3018887	1.12e-39	172
CP043554.1	CP046745.1	100.000	92	0	0	2055511	2055602	593849	593758	4.03e-39	171
CP043554.1	CP046745.1	90.625	128	12	0	880160	880287	644394	644267	4.03e-39	171
CP043554.1	CP046745.1	90.625	128	12	0	613859	613986	644394	644267	4.03e-39	171
CP043554.1	CP046745.1	91.270	126	10	1	86026	86150	644398	644273	4.03e-39	171
CP043554.1	CP046745.1	91.870	123	8	2	2201591	2201712	1467305	1467184	4.03e-39	171
CP043554.1	CP046745.1	90.625	128	12	0	374794	374921	1527234	1527361	4.03e-39	171
CP043554.1	CP046745.1	90.625	128	12	0	1392722	1392849	1628302	1628429	4.03e-39	171
CP043554.1	CP046745.1	89.286	140	9	3	1287720	1287854	1679877	1679739	4.03e-39	171
CP043554.1	CP046745.1	89.630	135	12	2	86029	86163	1903520	1903652	4.03e-39	171
CP043554.1	CP046745.1	90.625	128	12	0	2076149	2076276	2177500	2177373	4.03e-39	171
CP043554.1	CP046745.1	91.870	123	8	2	759622	759743	2177379	2177500	4.03e-39	171
CP043554.1	CP046745.1	91.803	122	10	0	1211180	1211301	2180101	2180222	4.03e-39	171
CP043554.1	CP046745.1	90.152	132	11	2	2931058	2931187	2243007	2243138	4.03e-39	171
CP043554.1	CP046745.1	91.803	122	10	0	86028	86149	2243010	2243131	4.03e-39	171
CP043554.1	CP046745.1	92.500	120	7	2	759625	759743	2255039	2254921	4.03e-39	171
CP043554.1	CP046745.1	90.840	131	7	2	713361	713491	2257834	2257709	4.03e-39	171
CP043554.1	CP046745.1	91.406	128	6	3	1652961	1653088	2257709	2257831	4.03e-39	171
CP043554.1	CP046745.1	91.406	128	6	2	2417661	2417788	2257709	2257831	4.03e-39	171
CP043554.1	CP046745.1	91.803	122	10	0	86029	86150	2267223	2267344	4.03e-39	171
CP043554.1	CP046745.1	91.200	125	11	0	374799	374923	2267228	2267352	4.03e-39	171
CP043554.1	CP046745.1	90.769	130	8	1	1287730	1287855	2273673	2273544	4.03e-39	171
CP043554.1	CP046745.1	90.698	129	11	1	2121978	2122105	2273546	2273674	4.03e-39	171
CP043554.1	CP046745.1	90.769	130	8	1	440291	440416	2507087	2506958	4.03e-39	171
CP043554.1	CP046745.1	90.625	128	12	0	2128506	2128633	2506958	2507085	4.03e-39	171
CP043554.1	CP046745.1	90.076	131	13	0	1392721	1392851	2556645	2556515	4.03e-39	171
CP043554.1	CP046745.1	92.437	119	9	0	2022926	2023044	2646744	2646862	4.03e-39	171
CP043554.1	CP046745.1	90.299	134	7	5	1287727	1287855	2650202	2650334	4.03e-39	171
CP043554.1	CP046745.1	90.698	129	10	2	996592	996719	2650332	2650205	4.03e-39	171
CP043554.1	CP046745.1	90.698	129	10	2	532357	532484	2650332	2650205	4.03e-39	171
CP043554.1	CP046745.1	90.698	129	11	1	2931060	2931187	2765012	2764884	4.03e-39	171
CP043554.1	CP046745.1	92.437	119	9	0	2491765	2491883	3018888	3019006	4.03e-39	171
CP043554.1	CP046745.1	100.000	92	0	0	2664430	2664521	3051170	3051079	4.03e-39	171
CP043554.1	CP046745.1	100.000	92	0	0	2664430	2664521	3051339	3051248	4.03e-39	171
CP043554.1	CP046745.1	100.000	92	0	0	2664430	2664521	3051508	3051417	4.03e-39	171
CP043554.1	CP046745.1	91.129	124	11	0	1303433	1303556	135007	134884	1.45e-38	169
CP043554.1	CP046745.1	90.076	131	11	2	2091126	2091254	644269	644399	1.45e-38	169
CP043554.1	CP046745.1	92.373	118	9	0	86033	86150	828893	829010	1.45e-38	169
CP043554.1	CP046745.1	90.076	131	11	2	759616	759745	849729	849858	1.45e-38	169
CP043554.1	CP046745.1	90.076	131	12	1	880415	880545	957571	957700	1.45e-38	169
CP043554.1	CP046745.1	93.103	116	7	1	2570526	2570641	1005270	1005156	1.45e-38	169
CP043554.1	CP046745.1	89.474	133	14	0	2128505	2128637	1228302	1228170	1.45e-38	169
CP043554.1	CP046745.1	90.076	131	11	2	759614	759743	1228172	1228301	1.45e-38	169
CP043554.1	CP046745.1	91.736	121	10	0	2931067	2931187	1279533	1279653	1.45e-38	169
CP043554.1	CP046745.1	91.200	125	9	2	222310	222433	1444292	1444415	1.45e-38	169
CP043554.1	CP046745.1	90.000	130	13	0	880414	880543	1527232	1527361	1.45e-38	169
CP043554.1	CP046745.1	91.129	124	11	0	1656507	1656630	1527362	1527239	1.45e-38	169
CP043554.1	CP046745.1	90.625	128	11	1	1652961	1653088	2027648	2027522	1.45e-38	169
CP043554.1	CP046745.1	90.000	130	13	0	1648417	1648546	2177500	2177371	1.45e-38	169
CP043554.1	CP046745.1	91.736	121	10	0	222310	222430	2243011	2243131	1.45e-38	169
CP043554.1	CP046745.1	90.769	130	7	2	1648416	1648545	2257708	2257832	1.45e-38	169
CP043554.1	CP046745.1	91.129	124	11	0	222310	222433	2267223	2267346	1.45e-38	169
CP043554.1	CP046745.1	90.000	130	13	0	801342	801471	2466951	2466822	1.45e-38	169
CP043554.1	CP046745.1	90.000	130	13	0	880158	880287	2507087	2506958	1.45e-38	169
CP043554.1	CP046745.1	90.625	128	11	1	1117813	1117939	2556644	2556517	1.45e-38	169
CP043554.1	CP046745.1	91.200	125	10	1	2091128	2091251	2556521	2556645	1.45e-38	169
CP043554.1	CP046745.1	90.000	130	13	0	1211172	1211301	2640903	2640774	1.45e-38	169
CP043554.1	CP046745.1	90.625	128	11	1	1117813	1117939	2646873	2646746	1.45e-38	169
CP043554.1	CP046745.1	91.129	124	11	0	1656507	1656630	2813142	2813265	1.45e-38	169
CP043554.1	CP046745.1	90.476	126	12	0	1213898	1214023	135009	134884	5.21e-38	167
CP043554.1	CP046745.1	80.080	251	28	13	2405409	2405655	368507	368739	5.21e-38	167
CP043554.1	CP046745.1	91.667	120	10	0	613863	613982	828893	829012	5.21e-38	167
CP043554.1	CP046745.1	91.667	120	10	0	880420	880539	828893	829012	5.21e-38	167
CP043554.1	CP046745.1	91.129	124	10	1	2091128	2091250	1048699	1048576	5.21e-38	167
CP043554.1	CP046745.1	89.922	129	13	0	150626	150754	1228174	1228302	5.21e-38	167
CP043554.1	CP046745.1	91.667	120	10	0	2911718	2911837	1228178	1228297	5.21e-38	167
CP043554.1	CP046745.1	91.057	123	11	0	86028	86150	1444291	1444413	5.21e-38	167
CP043554.1	CP046745.1	89.922	129	13	0	150626	150754	1461653	1461781	5.21e-38	167
CP043554.1	CP046745.1	91.129	124	9	2	1656512	1656634	1467305	1467183	5.21e-38	167
CP043554.1	CP046745.1	90.476	126	12	0	222308	222433	2255050	2254925	5.21e-38	167
CP043554.1	CP046745.1	90.698	129	7	2	613859	613987	2257831	2257708	5.21e-38	167
CP043554.1	CP046745.1	91.057	123	11	0	1819269	1819391	2273673	2273551	5.21e-38	167
CP043554.1	CP046745.1	90.625	128	8	2	1648417	1648544	2438873	2438996	5.21e-38	167
CP043554.1	CP046745.1	89.922	129	13	0	996591	996719	2507086	2506958	5.21e-38	167
CP043554.1	CP046745.1	91.057	123	11	0	86028	86150	2636525	2636403	5.21e-38	167
CP043554.1	CP046745.1	89.922	129	13	0	1392721	1392849	2646874	2646746	5.21e-38	167
CP043554.1	CP046745.1	90.625	128	8	1	1287730	1287853	2710574	2710701	5.21e-38	167
CP043554.1	CP046745.1	91.803	122	6	1	440299	440416	2710695	2710574	5.21e-38	167
CP043554.1	CP046745.1	89.474	133	12	2	1211171	1211301	2765016	2764884	5.21e-38	167
CP043554.1	CP046745.1	91.129	124	10	1	1404142	1404264	2765008	2764885	5.21e-38	167
CP043554.1	CP046745.1	91.057	123	11	0	1213901	1214023	2813265	2813143	5.21e-38	167
CP043554.1	CP046745.1	89.394	132	13	1	2076145	2076276	61882	62012	1.87e-37	165
CP043554.1	CP046745.1	88.806	134	15	0	713360	713493	62016	61883	1.87e-37	165
CP043554.1	CP046745.1	89.844	128	13	0	996592	996719	62012	61885	1.87e-37	165
CP043554.1	CP046745.1	90.984	122	11	0	86028	86149	62013	61892	1.87e-37	165
CP043554.1	CP046745.1	89.394	132	13	1	613856	613987	459142	459012	1.87e-37	165
CP043554.1	CP046745.1	89.922	129	12	1	2076148	2076276	459012	459139	1.87e-37	165
CP043554.1	CP046745.1	100.000	89	0	0	2055680	2055768	593849	593761	1.87e-37	165
CP043554.1	CP046745.1	89.844	128	13	0	418241	418368	644394	644267	1.87e-37	165
CP043554.1	CP046745.1	90.400	125	12	0	222310	222434	644394	644270	1.87e-37	165
CP043554.1	CP046745.1	93.636	110	7	0	1211187	1211296	644381	644272	1.87e-37	165
CP043554.1	CP046745.1	90.984	122	11	0	418243	418364	828891	829012	1.87e-37	165
CP043554.1	CP046745.1	89.922	129	12	1	613858	613986	957571	957698	1.87e-37	165
CP043554.1	CP046745.1	89.922	129	11	2	2121978	2122105	957572	957699	1.87e-37	165
CP043554.1	CP046745.1	89.844	128	13	0	2931060	2931187	1228174	1228301	1.87e-37	165
CP043554.1	CP046745.1	90.400	125	12	0	1364769	1364893	1228174	1228298	1.87e-37	165
CP043554.1	CP046745.1	89.844	128	13	0	880160	880287	1444292	1444419	1.87e-37	165
CP043554.1	CP046745.1	89.844	128	13	0	1211174	1211301	1444292	1444419	1.87e-37	165
CP043554.1	CP046745.1	89.922	129	11	2	759616	759743	1461653	1461780	1.87e-37	165
CP043554.1	CP046745.1	89.844	128	13	0	1656508	1656635	1461780	1461653	1.87e-37	165
CP043554.1	CP046745.1	90.476	126	11	1	1404140	1404265	1467184	1467308	1.87e-37	165
CP043554.1	CP046745.1	91.129	124	7	1	1287729	1287848	1527362	1527239	1.87e-37	165
CP043554.1	CP046745.1	96.970	99	2	1	702922	703019	1617044	1617142	1.87e-37	165
CP043554.1	CP046745.1	96.970	99	2	1	702112	702210	1617854	1617951	1.87e-37	165
CP043554.1	CP046745.1	89.922	129	12	1	2121978	2122105	1801903	1802031	1.87e-37	165
CP043554.1	CP046745.1	89.922	129	12	1	880159	880287	1903519	1903646	1.87e-37	165
CP043554.1	CP046745.1	89.922	129	11	2	1117812	1117939	1903519	1903646	1.87e-37	165
CP043554.1	CP046745.1	91.057	123	9	2	2931065	2931187	1903526	1903646	1.87e-37	165
CP043554.1	CP046745.1	89.922	129	12	1	996591	996719	2027521	2027648	1.87e-37	165
CP043554.1	CP046745.1	89.922	129	12	1	1284940	1285068	2027648	2027521	1.87e-37	165
CP043554.1	CP046745.1	90.400	125	12	0	549724	549848	2027524	2027648	1.87e-37	165
CP043554.1	CP046745.1	89.844	128	13	0	532357	532484	2177373	2177500	1.87e-37	165
CP043554.1	CP046745.1	90.984	122	11	0	2201587	2201708	2177500	2177379	1.87e-37	165
CP043554.1	CP046745.1	90.984	122	11	0	996598	996719	2177379	2177500	1.87e-37	165
CP043554.1	CP046745.1	90.476	126	11	1	2091128	2091252	2180218	2180093	1.87e-37	165
CP043554.1	CP046745.1	89.844	128	13	0	880160	880287	2243011	2243138	1.87e-37	165
CP043554.1	CP046745.1	90.400	125	12	0	1364769	1364893	2243011	2243135	1.87e-37	165
CP043554.1	CP046745.1	90.625	128	7	3	996592	996719	2257831	2257709	1.87e-37	165
CP043554.1	CP046745.1	90.698	129	5	4	532357	532484	2257831	2257709	1.87e-37	165
CP043554.1	CP046745.1	89.844	128	13	0	880160	880287	2267223	2267350	1.87e-37	165
CP043554.1	CP046745.1	89.844	128	13	0	880160	880287	2273546	2273673	1.87e-37	165
CP043554.1	CP046745.1	89.844	128	13	0	2931060	2931187	2273546	2273673	1.87e-37	165
CP043554.1	CP046745.1	89.844	128	13	0	1213896	1214023	2507085	2506958	1.87e-37	165
CP043554.1	CP046745.1	91.597	119	10	0	2022928	2023046	2556517	2556635	1.87e-37	165
CP043554.1	CP046745.1	89.844	128	13	0	1364769	1364896	2636524	2636397	1.87e-37	165
CP043554.1	CP046745.1	89.844	128	13	0	880160	880287	2636524	2636397	1.87e-37	165
CP043554.1	CP046745.1	89.844	128	13	0	1392722	1392849	2640901	2640774	1.87e-37	165
CP043554.1	CP046745.1	89.844	128	13	0	880160	880287	2710701	2710574	1.87e-37	165
CP043554.1	CP046745.1	91.597	119	10	0	1656508	1656626	3018888	3019006	1.87e-37	165
CP043554.1	CP046745.1	91.667	120	8	2	759625	759743	3019006	3018888	1.87e-37	165
CP043554.1	CP046745.1	100.000	89	0	0	2664433	2664521	3051674	3051586	1.87e-37	165
CP043554.1	CP046745.1	89.922	129	10	3	759616	759743	55330	55456	6.74e-37	163
CP043554.1	CP046745.1	90.323	124	12	0	1656508	1656631	134884	135007	6.74e-37	163
CP043554.1	CP046745.1	89.231	130	14	0	1284938	1285067	644265	644394	6.74e-37	163
CP043554.1	CP046745.1	89.922	129	9	1	440293	440417	644394	644266	6.74e-37	163
CP043554.1	CP046745.1	91.525	118	10	0	2931070	2931187	644384	644267	6.74e-37	163
CP043554.1	CP046745.1	92.241	116	8	1	2669893	2670008	1005270	1005156	6.74e-37	163
CP043554.1	CP046745.1	90.323	124	12	0	2201587	2201710	1228301	1228178	6.74e-37	163
CP043554.1	CP046745.1	92.920	113	7	1	1211182	1211294	1467190	1467301	6.74e-37	163
CP043554.1	CP046745.1	91.129	124	5	5	2850335	2850455	1573446	1573326	6.74e-37	163
CP043554.1	CP046745.1	90.984	122	10	1	1211180	1211301	1903526	1903646	6.74e-37	163
CP043554.1	CP046745.1	89.231	130	14	0	2417659	2417788	2177502	2177373	6.74e-37	163
CP043554.1	CP046745.1	89.844	128	12	1	374799	374925	2243016	2243143	6.74e-37	163
CP043554.1	CP046745.1	90.323	124	12	0	1364779	1364902	2255038	2254915	6.74e-37	163
CP043554.1	CP046745.1	89.474	133	9	3	1656505	1656637	2257706	2257833	6.74e-37	163
CP043554.1	CP046745.1	90.000	130	8	2	1303427	1303556	2257833	2257709	6.74e-37	163
CP043554.1	CP046745.1	89.922	129	9	1	1652961	1653089	2438873	2438997	6.74e-37	163
CP043554.1	CP046745.1	89.844	128	12	1	1117813	1117939	2466949	2466822	6.74e-37	163
CP043554.1	CP046745.1	90.323	124	12	0	801349	801472	2556639	2556516	6.74e-37	163
CP043554.1	CP046745.1	91.057	123	7	1	440299	440417	2556638	2556516	6.74e-37	163
CP043554.1	CP046745.1	89.313	131	13	1	2091122	2091251	2646744	2646874	6.74e-37	163
CP043554.1	CP046745.1	90.323	124	12	0	86027	86150	2710703	2710580	6.74e-37	163
CP043554.1	CP046745.1	91.525	118	10	0	1364781	1364898	2813258	2813141	6.74e-37	163
CP043554.1	CP046745.1	88.722	133	13	2	2911706	2911837	55321	55452	2.42e-36	161
CP043554.1	CP046745.1	89.683	126	13	0	2491765	2491890	134884	135009	2.42e-36	161
CP043554.1	CP046745.1	90.244	123	12	0	1652967	1653089	459018	459140	2.42e-36	161
CP043554.1	CP046745.1	90.244	123	12	0	222312	222434	828891	829013	2.42e-36	161
CP043554.1	CP046745.1	91.453	117	10	0	1211180	1211296	828895	829011	2.42e-36	161
CP043554.1	CP046745.1	90.833	120	11	0	2911718	2911837	849733	849852	2.42e-36	161
CP043554.1	CP046745.1	90.909	121	10	1	2931067	2931187	957579	957698	2.42e-36	161
CP043554.1	CP046745.1	89.844	128	9	1	1287730	1287853	1048703	1048576	2.42e-36	161
CP043554.1	CP046745.1	89.844	128	9	1	1648417	1648544	1348157	1348034	2.42e-36	161
CP043554.1	CP046745.1	89.844	128	9	1	1287730	1287853	1461780	1461653	2.42e-36	161
CP043554.1	CP046745.1	92.105	114	9	0	1364779	1364892	1461663	1461776	2.42e-36	161
CP043554.1	CP046745.1	90.833	120	11	0	1364779	1364898	1527244	1527363	2.42e-36	161
CP043554.1	CP046745.1	97.849	93	2	0	702923	703015	1616376	1616468	2.42e-36	161
CP043554.1	CP046745.1	97.849	93	2	0	701444	701536	1617855	1617947	2.42e-36	161
CP043554.1	CP046745.1	89.844	128	9	2	440293	440416	1628302	1628429	2.42e-36	161
CP043554.1	CP046745.1	89.313	131	11	3	2091128	2091256	1679862	1679733	2.42e-36	161
CP043554.1	CP046745.1	90.244	123	12	0	1652961	1653083	1723024	1722902	2.42e-36	161
CP043554.1	CP046745.1	90.244	123	12	0	1303434	1303556	1722902	1723024	2.42e-36	161
CP043554.1	CP046745.1	89.147	129	14	0	880159	880287	2255049	2254921	2.42e-36	161
CP043554.1	CP046745.1	89.844	128	9	2	2076149	2076276	2438873	2438996	2.42e-36	161
CP043554.1	CP046745.1	90.323	124	11	1	2091128	2091250	2466826	2466949	2.42e-36	161
CP043554.1	CP046745.1	90.244	123	12	0	801349	801471	2646868	2646746	2.42e-36	161
CP043554.1	CP046745.1	89.231	130	12	2	613859	613987	2650332	2650204	2.42e-36	161
CP043554.1	CP046745.1	90.833	120	11	0	2128505	2128624	3018887	3019006	2.42e-36	161
CP043554.1	CP046745.1	89.147	129	13	1	1284940	1285068	55456	55329	8.72e-36	159
CP043554.1	CP046745.1	89.147	129	13	1	880416	880544	55330	55457	8.72e-36	159
CP043554.1	CP046745.1	89.147	129	13	1	1648416	1648544	459012	459139	8.72e-36	159
CP043554.1	CP046745.1	89.231	130	11	3	759616	759744	459139	459012	8.72e-36	159
CP043554.1	CP046745.1	90.164	122	12	0	713364	713485	459139	459018	8.72e-36	159
CP043554.1	CP046745.1	89.922	129	6	6	658429	658554	766228	766104	8.72e-36	159
CP043554.1	CP046745.1	90.833	120	10	1	1284944	1285063	829011	828893	8.72e-36	159
CP043554.1	CP046745.1	89.313	131	8	3	440291	440416	849727	849856	8.72e-36	159
CP043554.1	CP046745.1	89.062	128	14	0	880416	880543	849729	849856	8.72e-36	159
CP043554.1	CP046745.1	88.722	133	11	1	440289	440417	1279522	1279654	8.72e-36	159
CP043554.1	CP046745.1	90.164	122	12	0	1211180	1211301	1527240	1527361	8.72e-36	159
CP043554.1	CP046745.1	89.147	129	12	2	759616	759743	1801903	1802030	8.72e-36	159
CP043554.1	CP046745.1	89.062	128	14	0	1284940	1285067	1802030	1801903	8.72e-36	159
CP043554.1	CP046745.1	89.062	128	14	0	2931060	2931187	1801903	1802030	8.72e-36	159
CP043554.1	CP046745.1	86.000	150	20	1	1117599	1117748	2061325	2061177	8.72e-36	159
CP043554.1	CP046745.1	90.164	122	12	0	613865	613986	2177379	2177500	8.72e-36	159
CP043554.1	CP046745.1	87.943	141	9	6	759615	759754	2257832	2257699	8.72e-36	159
CP043554.1	CP046745.1	89.844	128	8	2	150626	150753	2257831	2257709	8.72e-36	159
CP043554.1	CP046745.1	95.918	98	4	0	1654806	1654903	2556644	2556547	8.72e-36	159
CP043554.1	CP046745.1	89.062	128	14	0	1364769	1364896	2710701	2710574	8.72e-36	159
CP043554.1	CP046745.1	90.083	121	12	0	880423	880543	336213	336093	3.14e-35	158
CP043554.1	CP046745.1	89.062	128	13	1	880410	880537	459144	459018	3.14e-35	158
CP043554.1	CP046745.1	89.516	124	13	0	2417667	2417790	459018	459141	3.14e-35	158
CP043554.1	CP046745.1	89.062	128	13	1	2121978	2122104	644394	644267	3.14e-35	158
CP043554.1	CP046745.1	92.035	113	7	2	2738230	2738342	659541	659651	3.14e-35	158
CP043554.1	CP046745.1	89.516	124	13	0	2201587	2201710	849856	849733	3.14e-35	158
CP043554.1	CP046745.1	89.062	128	13	1	1117813	1117939	1228174	1228301	3.14e-35	158
CP043554.1	CP046745.1	89.147	129	10	3	2491764	2491892	1348158	1348034	3.14e-35	158
CP043554.1	CP046745.1	88.462	130	15	0	1392720	1392849	1461651	1461780	3.14e-35	158
CP043554.1	CP046745.1	87.970	133	16	0	1656508	1656640	1723024	1722892	3.14e-35	158
CP043554.1	CP046745.1	89.516	124	13	0	2201587	2201710	1802030	1801907	3.14e-35	158
CP043554.1	CP046745.1	89.147	129	11	2	440292	440417	1903519	1903647	3.14e-35	158
CP043554.1	CP046745.1	89.062	128	13	1	1303429	1303556	2027522	2027648	3.14e-35	158
CP043554.1	CP046745.1	89.062	128	13	1	2121978	2122104	2180095	2180222	3.14e-35	158
CP043554.1	CP046745.1	90.083	121	12	0	2931067	2931187	2180102	2180222	3.14e-35	158
CP043554.1	CP046745.1	89.062	128	12	2	440290	440416	2257835	2257709	3.14e-35	158
CP043554.1	CP046745.1	89.062	128	13	1	1117813	1117939	2273546	2273673	3.14e-35	158
CP043554.1	CP046745.1	90.833	120	7	2	1117820	1117939	2438988	2438873	3.14e-35	158
CP043554.1	CP046745.1	90.833	120	7	1	1404145	1404264	2438989	2438874	3.14e-35	158
CP043554.1	CP046745.1	87.970	133	16	0	801339	801471	2650337	2650205	3.14e-35	158
CP043554.1	CP046745.1	88.550	131	14	1	1392721	1392850	2765013	2764883	3.14e-35	158
CP043554.1	CP046745.1	90.678	118	11	0	1364779	1364896	3019005	3018888	3.14e-35	158
CP043554.1	CP046745.1	89.516	124	12	1	2201587	2201710	55456	55334	1.13e-34	156
CP043554.1	CP046745.1	88.372	129	15	0	532356	532484	62013	61885	1.13e-34	156
CP043554.1	CP046745.1	95.000	100	3	2	2405949	2406048	368061	368158	1.13e-34	156
CP043554.1	CP046745.1	90.000	120	12	0	2911716	2911835	459137	459018	1.13e-34	156
CP043554.1	CP046745.1	87.970	133	14	2	2121969	2122100	828881	829012	1.13e-34	156
CP043554.1	CP046745.1	90.598	117	11	0	2931067	2931183	828896	829012	1.13e-34	156
CP043554.1	CP046745.1	88.372	129	15	0	1392722	1392850	1279526	1279654	1.13e-34	156
CP043554.1	CP046745.1	91.304	115	9	1	2022932	2023046	1467304	1467191	1.13e-34	156
CP043554.1	CP046745.1	89.431	123	13	0	86028	86150	1801902	1802024	1.13e-34	156
CP043554.1	CP046745.1	89.431	123	13	0	374799	374921	1801908	1802030	1.13e-34	156
CP043554.1	CP046745.1	87.970	133	15	1	880155	880287	2027517	2027648	1.13e-34	156
CP043554.1	CP046745.1	89.062	128	10	1	1287730	1287853	2180222	2180095	1.13e-34	156
CP043554.1	CP046745.1	89.062	128	10	1	1287730	1287853	2243138	2243011	1.13e-34	156
CP043554.1	CP046745.1	90.833	120	6	2	2911718	2911837	2257827	2257713	1.13e-34	156
CP043554.1	CP046745.1	89.062	128	10	2	713364	713491	2438996	2438873	1.13e-34	156
CP043554.1	CP046745.1	90.164	122	8	2	440299	440416	2640895	2640774	1.13e-34	156
CP043554.1	CP046745.1	90.164	122	8	1	440299	440416	2646867	2646746	1.13e-34	156
CP043554.1	CP046745.1	89.516	124	11	2	1404142	1404264	2650328	2650206	1.13e-34	156
CP043554.1	CP046745.1	89.431	123	13	0	86034	86156	2813265	2813143	1.13e-34	156
CP043554.1	CP046745.1	94.949	99	3	2	2405392	2405488	368620	368718	4.06e-34	154
CP043554.1	CP046745.1	100.000	83	0	0	1733777	1733859	566043	566125	4.06e-34	154
CP043554.1	CP046745.1	92.523	107	8	0	2636870	2636976	566246	566352	4.06e-34	154
CP043554.1	CP046745.1	89.516	124	9	1	440295	440414	828891	829014	4.06e-34	154
CP043554.1	CP046745.1	90.517	116	11	0	86029	86144	849729	849844	4.06e-34	154
CP043554.1	CP046745.1	88.372	129	14	1	1392721	1392849	957571	957698	4.06e-34	154
CP043554.1	CP046745.1	89.062	128	9	4	440293	440416	957572	957698	4.06e-34	154
CP043554.1	CP046745.1	89.431	123	12	1	1819269	1819391	957698	957577	4.06e-34	154
CP043554.1	CP046745.1	88.281	128	15	0	880160	880287	1228174	1228301	4.06e-34	154
CP043554.1	CP046745.1	89.344	122	13	0	86029	86150	1228174	1228295	4.06e-34	154
CP043554.1	CP046745.1	89.062	128	9	2	440293	440416	1679740	1679866	4.06e-34	154
CP043554.1	CP046745.1	89.431	123	12	1	801349	801471	1679745	1679866	4.06e-34	154
CP043554.1	CP046745.1	87.970	133	12	1	440293	440421	2180095	2180227	4.06e-34	154
CP043554.1	CP046745.1	88.148	135	9	5	2201577	2201710	2257699	2257827	4.06e-34	154
CP043554.1	CP046745.1	89.062	128	9	3	2128506	2128633	2257709	2257831	4.06e-34	154
CP043554.1	CP046745.1	89.062	128	9	2	549721	549848	2257831	2257709	4.06e-34	154
CP043554.1	CP046745.1	88.281	128	15	0	1392722	1392849	2273546	2273673	4.06e-34	154
CP043554.1	CP046745.1	88.462	130	11	2	549719	549848	2438998	2438873	4.06e-34	154
CP043554.1	CP046745.1	88.281	128	15	0	1364769	1364896	2507085	2506958	4.06e-34	154
CP043554.1	CP046745.1	88.281	128	15	0	418241	418368	2507085	2506958	4.06e-34	154
CP043554.1	CP046745.1	89.344	122	13	0	86029	86150	2507085	2506964	4.06e-34	154
CP043554.1	CP046745.1	94.898	98	5	0	1654806	1654903	2646873	2646776	4.06e-34	154
CP043554.1	CP046745.1	100.000	83	0	0	2636196	2636278	2727542	2727624	4.06e-34	154
CP043554.1	CP046745.1	100.000	83	0	0	2636428	2636510	2727542	2727624	4.06e-34	154
CP043554.1	CP046745.1	89.831	118	12	0	1364779	1364896	62002	61885	1.46e-33	152
CP043554.1	CP046745.1	89.344	122	12	1	2091128	2091248	134888	135009	1.46e-33	152
CP043554.1	CP046745.1	96.739	92	2	1	2635585	2635675	264022	264113	1.46e-33	152
CP043554.1	CP046745.1	91.743	109	9	0	1652957	1653065	468031	468139	1.46e-33	152
CP043554.1	CP046745.1	96.739	92	2	1	2304037	2304128	565657	565747	1.46e-33	152
CP043554.1	CP046745.1	87.692	130	16	0	1392722	1392851	644394	644265	1.46e-33	152
CP043554.1	CP046745.1	89.831	118	12	0	2022928	2023045	644267	644384	1.46e-33	152
CP043554.1	CP046745.1	91.071	112	10	0	2022935	2023046	829009	828898	1.46e-33	152
CP043554.1	CP046745.1	88.281	128	14	1	1284940	1285067	957698	957572	1.46e-33	152
CP043554.1	CP046745.1	88.281	128	13	1	150626	150753	1584449	1584574	1.46e-33	152
CP043554.1	CP046745.1	88.372	129	11	3	2128506	2128633	1584574	1584449	1.46e-33	152
CP043554.1	CP046745.1	87.692	130	16	0	1392721	1392850	2180094	2180223	1.46e-33	152
CP043554.1	CP046745.1	90.598	117	7	1	2911721	2911837	2438989	2438877	1.46e-33	152
CP043554.1	CP046745.1	88.800	125	12	2	1819268	1819391	2650204	2650327	1.46e-33	152
CP043554.1	CP046745.1	96.739	92	1	2	1733776	1733865	2727305	2727396	1.46e-33	152
CP043554.1	CP046745.1	95.699	93	4	0	2395678	2395770	55413	55321	5.25e-33	150
CP043554.1	CP046745.1	88.372	129	10	2	440292	440416	55329	55456	5.25e-33	150
CP043554.1	CP046745.1	89.167	120	13	0	1284948	1285067	459020	459139	5.25e-33	150
CP043554.1	CP046745.1	100.000	81	0	0	1733779	1733859	566503	566583	5.25e-33	150
CP043554.1	CP046745.1	88.281	128	11	1	1287730	1287853	644267	644394	5.25e-33	150
CP043554.1	CP046745.1	96.667	90	3	0	1654810	1654899	828893	828982	5.25e-33	150
CP043554.1	CP046745.1	88.618	123	14	0	801349	801471	1048581	1048703	5.25e-33	150
CP043554.1	CP046745.1	88.618	123	14	0	1211181	1211303	1461660	1461782	5.25e-33	150
CP043554.1	CP046745.1	88.618	123	14	0	86028	86150	1527233	1527355	5.25e-33	150
CP043554.1	CP046745.1	87.218	133	15	2	1983820	1983950	1628433	1628301	5.25e-33	150
CP043554.1	CP046745.1	88.618	123	14	0	801349	801471	1628307	1628429	5.25e-33	150
CP043554.1	CP046745.1	87.597	129	16	0	2076149	2076277	1723024	1722896	5.25e-33	150
CP043554.1	CP046745.1	88.618	123	14	0	150631	150753	1722902	1723024	5.25e-33	150
CP043554.1	CP046745.1	88.710	124	12	2	759621	759743	1722902	1723024	5.25e-33	150
CP043554.1	CP046745.1	88.618	123	14	0	2128506	2128628	1723024	1722902	5.25e-33	150
CP043554.1	CP046745.1	88.281	128	11	1	1287730	1287853	1802030	1801903	5.25e-33	150
CP043554.1	CP046745.1	88.372	129	10	2	2931060	2931188	2257831	2257708	5.25e-33	150
CP043554.1	CP046745.1	89.344	122	9	1	440299	440416	2466943	2466822	5.25e-33	150
CP043554.1	CP046745.1	98.810	84	1	0	2395678	2395761	2710618	2710701	5.25e-33	150
CP043554.1	CP046745.1	98.810	84	1	0	2636660	2636743	2727541	2727624	5.25e-33	150
CP043554.1	CP046745.1	97.727	88	0	2	1733543	1733630	2727545	2727630	5.25e-33	150
CP043554.1	CP046745.1	87.692	130	15	1	1819263	1819391	2764878	2765007	5.25e-33	150
CP043554.1	CP046745.1	87.786	131	11	2	1287730	1287856	55456	55327	1.89e-32	148
CP043554.1	CP046745.1	77.395	261	51	6	640314	640570	311401	311145	1.89e-32	148
CP043554.1	CP046745.1	85.915	142	16	4	86011	86151	459155	459017	1.89e-32	148
CP043554.1	CP046745.1	88.189	127	12	3	2635957	2636080	565662	565788	1.89e-32	148
CP043554.1	CP046745.1	87.500	128	16	0	1213896	1214023	849729	849856	1.89e-32	148
CP043554.1	CP046745.1	86.567	134	18	0	1211169	1211302	1228169	1228302	1.89e-32	148
CP043554.1	CP046745.1	87.121	132	15	2	1648409	1648539	1723032	1722902	1.89e-32	148
CP043554.1	CP046745.1	91.589	107	9	0	2522738	2522844	2180222	2180116	1.89e-32	148
CP043554.1	CP046745.1	89.344	122	8	2	86029	86150	2257831	2257715	1.89e-32	148
CP043554.1	CP046745.1	87.218	133	13	1	2128502	2128634	2438869	2438997	1.89e-32	148
CP043554.1	CP046745.1	89.256	121	9	2	2201587	2201707	2438873	2438989	1.89e-32	148
CP043554.1	CP046745.1	87.121	132	15	2	801349	801479	2640896	2640766	1.89e-32	148
CP043554.1	CP046745.1	87.692	130	13	3	1652959	1653088	2979467	2979593	1.89e-32	148
CP043554.1	CP046745.1	86.567	134	17	1	374788	374921	55324	55456	6.79e-32	147
CP043554.1	CP046745.1	87.500	128	15	1	1213896	1214023	55330	55456	6.79e-32	147
CP043554.1	CP046745.1	88.525	122	13	1	86029	86150	55330	55450	6.79e-32	147
CP043554.1	CP046745.1	85.714	140	19	1	549720	549858	62013	61874	6.79e-32	147
CP043554.1	CP046745.1	95.652	92	3	1	2635951	2636042	264023	264113	6.79e-32	147
CP043554.1	CP046745.1	100.000	79	0	0	2406227	2406305	368227	368305	6.79e-32	147
CP043554.1	CP046745.1	100.000	79	0	0	2406227	2406305	368507	368585	6.79e-32	147
CP043554.1	CP046745.1	100.000	79	0	0	2405556	2405634	368898	368976	6.79e-32	147
CP043554.1	CP046745.1	100.000	79	0	0	2405837	2405915	368898	368976	6.79e-32	147
CP043554.1	CP046745.1	100.000	79	0	0	2664554	2664632	443746	443668	6.79e-32	147
CP043554.1	CP046745.1	100.000	79	0	0	2664554	2664632	443941	443863	6.79e-32	147
CP043554.1	CP046745.1	91.667	108	5	3	2128505	2128610	468034	468139	6.79e-32	147
CP043554.1	CP046745.1	94.737	95	3	2	2635584	2635678	565777	565869	6.79e-32	147
CP043554.1	CP046745.1	100.000	79	0	0	1733543	1733621	566046	566124	6.79e-32	147
CP043554.1	CP046745.1	95.652	92	3	1	2304038	2304128	566148	566239	6.79e-32	147
CP043554.1	CP046745.1	100.000	79	0	0	1733543	1733621	566504	566582	6.79e-32	147
CP043554.1	CP046745.1	98.780	82	1	0	2635848	2635929	566845	566926	6.79e-32	147
CP043554.1	CP046745.1	100.000	79	0	0	2498545	2498623	593960	593882	6.79e-32	147
CP043554.1	CP046745.1	100.000	79	0	0	2498350	2498428	593960	593882	6.79e-32	147
CP043554.1	CP046745.1	88.430	121	14	0	374801	374921	849736	849856	6.79e-32	147
CP043554.1	CP046745.1	87.597	129	12	2	440293	440417	1444292	1444420	6.79e-32	147
CP043554.1	CP046745.1	87.143	140	5	6	549722	549848	1469845	1469984	6.79e-32	147
CP043554.1	CP046745.1	87.500	128	14	1	1652961	1653088	1584574	1584449	6.79e-32	147
CP043554.1	CP046745.1	89.565	115	12	0	1364779	1364893	1722907	1723021	6.79e-32	147
CP043554.1	CP046745.1	89.565	115	12	0	1364779	1364893	2027531	2027645	6.79e-32	147
CP043554.1	CP046745.1	87.218	133	11	3	880160	880291	2257831	2257704	6.79e-32	147
CP043554.1	CP046745.1	86.765	136	12	5	1364763	1364897	2257838	2257708	6.79e-32	147
CP043554.1	CP046745.1	87.597	129	12	2	440293	440417	2267223	2267351	6.79e-32	147
CP043554.1	CP046745.1	98.780	82	1	0	2636196	2636277	2727306	2727387	6.79e-32	147
CP043554.1	CP046745.1	98.780	82	1	0	2636428	2636509	2727306	2727387	6.79e-32	147
CP043554.1	CP046745.1	82.456	171	24	5	2498239	2498408	441073	441238	2.44e-31	145
CP043554.1	CP046745.1	82.456	171	24	5	2495755	2495920	443557	443726	2.44e-31	145
CP043554.1	CP046745.1	88.525	122	10	1	440293	440410	459139	459018	2.44e-31	145
CP043554.1	CP046745.1	88.333	120	14	0	2201593	2201712	459018	459137	2.44e-31	145
CP043554.1	CP046745.1	95.604	91	2	2	2635705	2635793	565656	565746	2.44e-31	145
CP043554.1	CP046745.1	91.589	107	6	3	2635590	2635696	566154	566257	2.44e-31	145
CP043554.1	CP046745.1	97.619	84	2	0	2635848	2635931	566735	566818	2.44e-31	145
CP043554.1	CP046745.1	98.765	81	1	0	1733779	1733859	566845	566925	2.44e-31	145
CP043554.1	CP046745.1	88.430	121	12	2	1392726	1392845	828893	829012	2.44e-31	145
CP043554.1	CP046745.1	97.619	84	2	0	2395678	2395761	849812	849729	2.44e-31	145
CP043554.1	CP046745.1	98.780	82	0	1	702818	702898	1617394	1617475	2.44e-31	145
CP043554.1	CP046745.1	95.556	90	4	0	1303427	1303516	1989876	1989965	2.44e-31	145
CP043554.1	CP046745.1	87.500	128	12	1	440293	440416	2273546	2273673	2.44e-31	145
CP043554.1	CP046745.1	86.567	134	14	2	1983824	1983956	2438873	2439003	2.44e-31	145
CP043554.1	CP046745.1	97.619	84	2	0	2395678	2395761	2507002	2507085	2.44e-31	145
CP043554.1	CP046745.1	86.923	130	15	2	1983822	1983949	2646744	2646873	2.44e-31	145
CP043554.1	CP046745.1	90.179	112	9	2	2329149	2329258	2710574	2710685	2.44e-31	145
CP043554.1	CP046745.1	98.765	81	1	0	2636895	2636975	2727544	2727624	2.44e-31	145
CP043554.1	CP046745.1	87.705	122	15	0	1211183	1211304	135002	134881	8.78e-31	143
CP043554.1	CP046745.1	100.000	77	0	0	1733783	1733859	566275	566351	8.78e-31	143
CP043554.1	CP046745.1	100.000	77	0	0	2635852	2635928	566507	566583	8.78e-31	143
CP043554.1	CP046745.1	97.590	83	2	0	1733776	1733858	566732	566814	8.78e-31	143
CP043554.1	CP046745.1	98.750	80	1	0	1733543	1733622	566736	566815	8.78e-31	143
CP043554.1	CP046745.1	100.000	77	0	0	658429	658505	766512	766436	8.78e-31	143
CP043554.1	CP046745.1	86.525	141	6	3	613860	613987	1469845	1469985	8.78e-31	143
CP043554.1	CP046745.1	86.525	141	6	6	2076148	2076275	1469985	1469845	8.78e-31	143
CP043554.1	CP046745.1	100.000	77	0	0	2850663	2850739	1573402	1573326	8.78e-31	143
CP043554.1	CP046745.1	96.512	86	3	0	2395680	2395765	1628383	1628298	8.78e-31	143
CP043554.1	CP046745.1	88.889	117	12	1	2091129	2091244	2177495	2177379	8.78e-31	143
CP043554.1	CP046745.1	87.500	128	10	3	1117813	1117939	2257831	2257709	8.78e-31	143
CP043554.1	CP046745.1	87.200	125	16	0	801349	801473	2267228	2267352	8.78e-31	143
CP043554.1	CP046745.1	86.923	130	13	2	1213895	1214024	2438997	2438872	8.78e-31	143
CP043554.1	CP046745.1	97.590	83	2	0	2395679	2395761	2556562	2556644	8.78e-31	143
CP043554.1	CP046745.1	86.822	129	15	2	1983824	1983950	2640774	2640902	8.78e-31	143
CP043554.1	CP046745.1	97.590	83	2	0	2636660	2636742	2727305	2727387	8.78e-31	143
CP043554.1	CP046745.1	100.000	77	0	0	2635852	2635928	2727548	2727624	8.78e-31	143
CP043554.1	CP046745.1	84.459	148	17	4	2498545	2498691	440981	441123	3.16e-30	141
CP043554.1	CP046745.1	84.459	148	17	4	2495663	2495805	443863	444009	3.16e-30	141
CP043554.1	CP046745.1	86.719	128	16	1	374794	374920	459139	459012	3.16e-30	141
CP043554.1	CP046745.1	100.000	76	0	0	1733546	1733621	566275	566350	3.16e-30	141
CP043554.1	CP046745.1	98.734	79	1	0	1733543	1733621	566846	566924	3.16e-30	141
CP043554.1	CP046745.1	86.260	131	16	2	1983823	1983951	1228302	1228172	3.16e-30	141
CP043554.1	CP046745.1	86.719	128	15	1	1303429	1303556	1584449	1584574	3.16e-30	141
CP043554.1	CP046745.1	86.822	129	13	3	1287730	1287854	2177500	2177372	3.16e-30	141
CP043554.1	CP046745.1	86.822	129	13	1	440293	440417	2243011	2243139	3.16e-30	141
CP043554.1	CP046745.1	86.719	128	15	2	1983824	1983949	2506958	2507085	3.16e-30	141
CP043554.1	CP046745.1	86.719	128	15	2	1983824	1983949	2556517	2556644	3.16e-30	141
CP043554.1	CP046745.1	87.805	123	11	1	440299	440417	2636518	2636396	3.16e-30	141
CP043554.1	CP046745.1	98.734	79	1	0	2636896	2636974	2727309	2727387	3.16e-30	141
CP043554.1	CP046745.1	100.000	76	0	0	2635852	2635927	2727312	2727387	3.16e-30	141
CP043554.1	CP046745.1	86.992	123	16	0	1213895	1214017	459140	459018	1.14e-29	139
CP043554.1	CP046745.1	86.719	128	13	2	440293	440416	1228174	1228301	1.14e-29	139
CP043554.1	CP046745.1	87.097	124	14	2	1392723	1392845	1467183	1467305	1.14e-29	139
CP043554.1	CP046745.1	84.768	151	9	7	1648416	1648552	1469985	1469835	1.14e-29	139
CP043554.1	CP046745.1	97.561	82	1	1	702462	702543	1617750	1617830	1.14e-29	139
CP043554.1	CP046745.1	86.260	131	15	3	1983824	1983952	1679866	1679737	1.14e-29	139
CP043554.1	CP046745.1	96.429	84	3	0	713362	713445	1989876	1989959	1.14e-29	139
CP043554.1	CP046745.1	88.596	114	13	0	374799	374912	1989883	1989996	1.14e-29	139
CP043554.1	CP046745.1	96.429	84	3	0	2395679	2395762	2273628	2273545	1.14e-29	139
CP043554.1	CP046745.1	96.429	84	3	0	2395678	2395761	2438913	2438996	1.14e-29	139
CP043554.1	CP046745.1	87.200	125	13	3	2091128	2091250	2650209	2650332	1.14e-29	139
CP043554.1	CP046745.1	86.667	135	6	3	2513708	2513842	2710580	2710702	1.14e-29	139
CP043554.1	CP046745.1	86.992	123	16	0	418246	418368	2813265	2813143	1.14e-29	139
CP043554.1	CP046745.1	85.938	128	18	0	150626	150753	336220	336093	4.09e-29	137
CP043554.1	CP046745.1	91.837	98	8	0	1654806	1654903	644394	644297	4.09e-29	137
CP043554.1	CP046745.1	86.047	129	16	2	1983823	1983949	1461781	1461653	4.09e-29	137
CP043554.1	CP046745.1	86.567	134	6	7	2513708	2513841	1628423	1628302	4.09e-29	137
CP043554.1	CP046745.1	86.885	122	16	0	1404143	1404264	1722902	1723023	4.09e-29	137
CP043554.1	CP046745.1	96.429	84	2	1	2395678	2395761	2027604	2027522	4.09e-29	137
CP043554.1	CP046745.1	87.097	124	12	2	222310	222433	2438996	2438877	4.09e-29	137
CP043554.1	CP046745.1	96.386	83	3	0	2395679	2395761	2646791	2646873	4.09e-29	137
CP043554.1	CP046745.1	86.567	134	5	6	2513708	2513841	55450	55330	1.47e-28	135
CP043554.1	CP046745.1	95.294	85	4	0	2635709	2635793	264028	264112	1.47e-28	135
CP043554.1	CP046745.1	89.623	106	11	0	1303452	1303557	468139	468034	1.47e-28	135
CP043554.1	CP046745.1	95.294	85	4	0	2304043	2304127	565781	565865	1.47e-28	135
CP043554.1	CP046745.1	84.173	139	22	0	2807813	2807951	640199	640061	1.47e-28	135
CP043554.1	CP046745.1	84.783	138	18	3	1983815	1983949	1444429	1444292	1.47e-28	135
CP043554.1	CP046745.1	85.714	140	7	6	713365	713491	1469845	1469984	1.47e-28	135
CP043554.1	CP046745.1	86.131	137	6	4	557793	557929	1527239	1527362	1.47e-28	135
CP043554.1	CP046745.1	86.047	129	14	3	759616	759743	1584449	1584574	1.47e-28	135
CP043554.1	CP046745.1	85.714	140	7	3	557789	557928	1628303	1628429	1.47e-28	135
CP043554.1	CP046745.1	94.318	88	5	0	86029	86116	1989878	1989965	1.47e-28	135
CP043554.1	CP046745.1	94.318	88	5	0	1653001	1653088	1989965	1989878	1.47e-28	135
CP043554.1	CP046745.1	96.341	82	3	0	2076195	2076276	1989959	1989878	1.47e-28	135
CP043554.1	CP046745.1	86.885	122	15	1	86029	86150	2027522	2027642	1.47e-28	135
CP043554.1	CP046745.1	85.606	132	16	3	1983824	1983953	2180222	2180092	1.47e-28	135
CP043554.1	CP046745.1	95.294	85	4	0	2395678	2395762	2267306	2267222	1.47e-28	135
CP043554.1	CP046745.1	85.606	132	15	3	86028	86159	2438997	2438870	1.47e-28	135
CP043554.1	CP046745.1	85.938	128	16	2	1983824	1983949	2466822	2466949	1.47e-28	135
CP043554.1	CP046745.1	88.991	109	12	0	2522737	2522845	2710573	2710681	1.47e-28	135
CP043554.1	CP046745.1	85.714	140	7	3	557789	557928	2710700	2710574	1.47e-28	135
CP043554.1	CP046745.1	89.720	107	10	1	1960435	1960541	2957049	2957154	1.47e-28	135
CP043554.1	CP046745.1	85.938	128	14	1	440293	440416	62012	61885	5.29e-28	134
CP043554.1	CP046745.1	95.294	85	3	1	2931103	2931187	290649	290566	5.29e-28	134
CP043554.1	CP046745.1	96.296	81	3	0	2498441	2498521	441180	441260	5.29e-28	134
CP043554.1	CP046745.1	96.296	81	3	0	2495862	2495942	443759	443839	5.29e-28	134
CP043554.1	CP046745.1	87.288	118	13	2	1983824	1983939	644267	644384	5.29e-28	134
CP043554.1	CP046745.1	82.051	156	28	0	2719545	2719700	723591	723436	5.29e-28	134
CP043554.1	CP046745.1	84.106	151	10	9	2513708	2513857	957692	957555	5.29e-28	134
CP043554.1	CP046745.1	95.238	84	4	0	2395678	2395761	1444375	1444292	5.29e-28	134
CP043554.1	CP046745.1	96.341	82	2	1	702818	702898	1616739	1616820	5.29e-28	134
CP043554.1	CP046745.1	90.196	102	10	0	1124631	1124732	2033353	2033454	5.29e-28	134
CP043554.1	CP046745.1	95.238	84	4	0	2395678	2395761	2243094	2243011	5.29e-28	134
CP043554.1	CP046745.1	95.238	84	4	0	1929063	1929146	2243011	2243094	5.29e-28	134
CP043554.1	CP046745.1	86.047	129	13	2	1211173	1211301	2257832	2257709	5.29e-28	134
CP043554.1	CP046745.1	88.889	108	12	0	2522738	2522845	2506958	2507065	5.29e-28	134
CP043554.1	CP046745.1	85.926	135	7	6	2513708	2513842	2556523	2556645	5.29e-28	134
CP043554.1	CP046745.1	88.889	108	12	0	2522738	2522845	2636397	2636504	5.29e-28	134
CP043554.1	CP046745.1	95.238	84	4	0	2395678	2395761	2636441	2636524	5.29e-28	134
CP043554.1	CP046745.1	84.106	151	10	4	557779	557929	2640909	2640773	5.29e-28	134
CP043554.1	CP046745.1	95.238	84	4	0	1284984	1285067	2923017	2922934	5.29e-28	134
CP043554.1	CP046745.1	85.938	128	15	3	1284940	1285067	2979469	2979593	5.29e-28	134
CP043554.1	CP046745.1	91.667	96	7	1	2074371	2074466	55413	55319	1.90e-27	132
CP043554.1	CP046745.1	95.181	83	4	0	2406223	2406305	368075	368157	1.90e-27	132
CP043554.1	CP046745.1	95.181	83	4	0	2405405	2405487	368894	368976	1.90e-27	132
CP043554.1	CP046745.1	86.719	128	5	3	2513714	2513841	849844	849729	1.90e-27	132
CP043554.1	CP046745.1	97.403	77	2	0	2074371	2074447	849812	849736	1.90e-27	132
CP043554.1	CP046745.1	100.000	71	0	0	88933	89003	961922	961992	1.90e-27	132
CP043554.1	CP046745.1	95.181	83	4	0	2395679	2395761	1048658	1048576	1.90e-27	132
CP043554.1	CP046745.1	85.821	134	7	7	2513708	2513841	1279647	1279526	1.90e-27	132
CP043554.1	CP046745.1	95.181	83	4	0	2395679	2395761	1279608	1279526	1.90e-27	132
CP043554.1	CP046745.1	95.181	83	4	0	1929063	1929145	1279526	1279608	1.90e-27	132
CP043554.1	CP046745.1	85.507	138	7	3	1404140	1404264	1469846	1469983	1.90e-27	132
CP043554.1	CP046745.1	85.271	129	17	1	2076149	2076277	1584574	1584448	1.90e-27	132
CP043554.1	CP046745.1	94.186	86	5	0	2395677	2395762	1989962	1989877	1.90e-27	132
CP043554.1	CP046745.1	95.181	83	4	0	1648463	1648545	1989959	1989877	1.90e-27	132
CP043554.1	CP046745.1	91.579	95	8	0	1654806	1654900	2177373	2177467	1.90e-27	132
CP043554.1	CP046745.1	85.401	137	8	7	2513708	2513844	2267344	2267220	1.90e-27	132
CP043554.1	CP046745.1	85.271	129	17	2	1983824	1983950	2267350	2267222	1.90e-27	132
CP043554.1	CP046745.1	93.258	89	6	0	1929057	1929145	2273540	2273628	1.90e-27	132
CP043554.1	CP046745.1	95.181	83	4	0	2395679	2395761	2466867	2466949	1.90e-27	132
CP043554.1	CP046745.1	85.821	134	7	3	2513708	2513841	2506964	2507085	1.90e-27	132
CP043554.1	CP046745.1	95.181	83	4	0	1929063	1929145	2556644	2556562	1.90e-27	132
CP043554.1	CP046745.1	85.821	134	7	7	2513708	2513841	2640780	2640901	1.90e-27	132
CP043554.1	CP046745.1	95.181	83	4	0	2395680	2395762	2640820	2640902	1.90e-27	132
CP043554.1	CP046745.1	85.385	130	15	4	1983824	1983950	2650205	2650333	1.90e-27	132
CP043554.1	CP046745.1	86.290	124	13	4	1213901	1214023	2979589	2979469	1.90e-27	132
CP043554.1	CP046745.1	94.186	86	5	0	2121976	2122061	3070327	3070242	1.90e-27	132
CP043554.1	CP046745.1	80.435	184	25	8	2495748	2495920	440856	441039	6.84e-27	130
CP043554.1	CP046745.1	80.435	184	25	8	2495538	2495721	441066	441238	6.84e-27	130
CP043554.1	CP046745.1	85.821	134	6	3	557795	557928	1461660	1461780	6.84e-27	130
CP043554.1	CP046745.1	85.156	128	17	1	1656508	1656635	1584574	1584449	6.84e-27	130
CP043554.1	CP046745.1	85.821	134	6	6	2513708	2513841	1679860	1679740	6.84e-27	130
CP043554.1	CP046745.1	85.000	140	8	8	2513708	2513846	1802024	1801897	6.84e-27	130
CP043554.1	CP046745.1	93.182	88	6	0	1284980	1285067	1989965	1989878	6.84e-27	130
CP043554.1	CP046745.1	95.122	82	4	0	2417707	2417788	1989959	1989878	6.84e-27	130
CP043554.1	CP046745.1	86.957	115	15	0	2201596	2201710	1989996	1989882	6.84e-27	130
CP043554.1	CP046745.1	86.957	115	15	0	2911718	2911832	1989882	1989996	6.84e-27	130
CP043554.1	CP046745.1	84.733	131	18	1	669537	669667	2180095	2180223	6.84e-27	130
CP043554.1	CP046745.1	84.559	136	16	2	418240	418374	2438997	2438866	6.84e-27	130
CP043554.1	CP046745.1	85.000	140	8	3	557789	557928	2636523	2636397	6.84e-27	130
CP043554.1	CP046745.1	87.069	116	13	2	2911721	2911836	2979586	2979473	6.84e-27	130
CP043554.1	CP046745.1	94.048	84	5	0	222310	222393	331925	331842	2.46e-26	128
CP043554.1	CP046745.1	94.048	84	5	0	2395678	2395761	459056	459139	2.46e-26	128
CP043554.1	CP046745.1	88.073	109	12	1	2076145	2076253	468032	468139	2.46e-26	128
CP043554.1	CP046745.1	88.571	105	12	0	2201587	2201691	468035	468139	2.46e-26	128
CP043554.1	CP046745.1	95.062	81	4	0	2635961	2636041	565785	565865	2.46e-26	128
CP043554.1	CP046745.1	88.785	107	9	2	551357	551461	644372	644267	2.46e-26	128
CP043554.1	CP046745.1	86.179	123	12	4	2911718	2911838	1463271	1463390	2.46e-26	128
CP043554.1	CP046745.1	85.950	121	15	2	1983824	1983942	1527361	1527241	2.46e-26	128
CP043554.1	CP046745.1	87.500	112	12	2	2329149	2329258	1527361	1527250	2.46e-26	128
CP043554.1	CP046745.1	95.122	82	3	1	701807	701888	1617750	1617830	2.46e-26	128
CP043554.1	CP046745.1	85.156	128	16	3	1983824	1983949	1903646	1903520	2.46e-26	128
CP043554.1	CP046745.1	87.500	112	13	1	2329148	2329258	1903647	1903536	2.46e-26	128
CP043554.1	CP046745.1	85.714	126	13	4	551335	551457	2180095	2180218	2.46e-26	128
CP043554.1	CP046745.1	85.185	135	8	6	2513708	2513842	2646752	2646874	2.46e-26	128
CP043554.1	CP046745.1	94.048	84	5	0	713362	713445	2922932	2923015	2.46e-26	128
CP043554.1	CP046745.1	95.062	81	4	0	2201632	2201712	2923016	2922936	2.46e-26	128
CP043554.1	CP046745.1	95.062	81	4	0	2911716	2911796	2922936	2923016	2.46e-26	128
CP043554.1	CP046745.1	93.976	83	5	0	549720	549802	331926	331844	8.85e-26	126
CP043554.1	CP046745.1	94.048	84	4	1	2406223	2406305	368354	368437	8.85e-26	126
CP043554.1	CP046745.1	94.048	84	4	1	2406223	2406305	368634	368717	8.85e-26	126
CP043554.1	CP046745.1	94.048	84	4	1	2405683	2405766	368894	368976	8.85e-26	126
CP043554.1	CP046745.1	94.048	84	4	1	2405964	2406047	368894	368976	8.85e-26	126
CP043554.1	CP046745.1	87.850	107	13	0	713387	713493	468139	468033	8.85e-26	126
CP043554.1	CP046745.1	89.899	99	9	1	2395679	2395777	828971	828874	8.85e-26	126
CP043554.1	CP046745.1	84.496	129	18	2	1983823	1983949	1048704	1048576	8.85e-26	126
CP043554.1	CP046745.1	89.796	98	10	0	2807857	2807954	1327161	1327064	8.85e-26	126
CP043554.1	CP046745.1	84.028	144	9	4	150627	150757	1469845	1469987	8.85e-26	126
CP043554.1	CP046745.1	84.672	137	9	6	2513708	2513844	1527355	1527231	8.85e-26	126
CP043554.1	CP046745.1	96.104	77	3	0	2395680	2395756	1527315	1527239	8.85e-26	126
CP043554.1	CP046745.1	93.976	83	5	0	1929062	1929144	1628301	1628383	8.85e-26	126
CP043554.1	CP046745.1	85.075	134	8	6	2513709	2513842	2243131	2243010	8.85e-26	126
CP043554.1	CP046745.1	93.976	83	5	0	1929063	1929145	2646873	2646791	8.85e-26	126
CP043554.1	CP046745.1	93.976	83	5	0	2128551	2128633	2923016	2922934	8.85e-26	126
CP043554.1	CP046745.1	93.976	83	5	0	1653006	1653088	2923016	2922934	8.85e-26	126
CP043554.1	CP046745.1	92.135	89	6	1	613898	613986	290653	290566	3.18e-25	124
CP043554.1	CP046745.1	83.916	143	10	3	557786	557928	1228172	1228301	3.18e-25	124
CP043554.1	CP046745.1	84.286	140	9	3	532358	532484	1469845	1469984	3.18e-25	124
CP043554.1	CP046745.1	83.453	139	18	4	1648417	1648555	1584574	1584441	3.18e-25	124
CP043554.1	CP046745.1	92.045	88	7	0	1287772	1287859	1989959	1989872	3.18e-25	124
CP043554.1	CP046745.1	92.045	88	7	0	532357	532444	1989878	1989965	3.18e-25	124
CP043554.1	CP046745.1	92.045	88	7	0	880416	880503	1989878	1989965	3.18e-25	124
CP043554.1	CP046745.1	92.045	88	7	0	1213896	1213983	1989878	1989965	3.18e-25	124
CP043554.1	CP046745.1	93.902	82	5	0	549721	549802	1989878	1989959	3.18e-25	124
CP043554.1	CP046745.1	90.526	95	7	2	2074371	2074465	2027604	2027512	3.18e-25	124
CP043554.1	CP046745.1	84.672	137	8	4	2513708	2513844	2027642	2027519	3.18e-25	124
CP043554.1	CP046745.1	94.937	79	4	0	1340091	1340169	2491515	2491437	3.18e-25	124
CP043554.1	CP046745.1	94.937	79	4	0	1340189	1340267	2491613	2491535	3.18e-25	124
CP043554.1	CP046745.1	84.921	126	16	2	551334	551457	2507086	2506962	3.18e-25	124
CP043554.1	CP046745.1	92.941	85	6	0	2370458	2370542	2636441	2636525	3.18e-25	124
CP043554.1	CP046745.1	94.937	79	4	0	2074371	2074449	2710618	2710696	3.18e-25	124
CP043554.1	CP046745.1	93.902	82	5	0	2076195	2076276	2923015	2922934	3.18e-25	124
CP043554.1	CP046745.1	93.023	86	5	1	1117811	1117895	3070327	3070242	3.18e-25	124
CP043554.1	CP046745.1	86.607	112	13	2	2417661	2417772	290566	290675	1.14e-24	122
CP043554.1	CP046745.1	93.827	81	5	0	1929065	1929145	828891	828971	1.14e-24	122
CP043554.1	CP046745.1	85.246	122	15	2	551339	551458	828893	829013	1.14e-24	122
CP043554.1	CP046745.1	84.252	127	18	2	2329149	2329273	1461780	1461654	1.14e-24	122
CP043554.1	CP046745.1	83.108	148	11	4	1652953	1653087	1469991	1469845	1.14e-24	122
CP043554.1	CP046745.1	86.087	115	14	1	1364779	1364893	1584459	1584571	1.14e-24	122
CP043554.1	CP046745.1	83.969	131	17	1	440290	440416	1801900	1802030	1.14e-24	122
CP043554.1	CP046745.1	92.857	84	6	0	2395678	2395761	1801986	1801903	1.14e-24	122
CP043554.1	CP046745.1	91.954	87	7	0	1929061	1929147	1989876	1989962	1.14e-24	122
CP043554.1	CP046745.1	82.278	158	12	5	557789	557943	2267224	2267368	1.14e-24	122
CP043554.1	CP046745.1	94.805	77	4	0	2664556	2664632	441057	440981	4.12e-24	121
CP043554.1	CP046745.1	93.750	80	5	0	2495663	2495742	593960	593881	4.12e-24	121
CP043554.1	CP046745.1	92.771	83	6	0	1929063	1929145	644394	644312	4.12e-24	121
CP043554.1	CP046745.1	92.771	83	6	0	2395679	2395761	644312	644394	4.12e-24	121
CP043554.1	CP046745.1	85.000	120	16	2	1983828	1983945	829012	828893	4.12e-24	121
CP043554.1	CP046745.1	83.846	130	18	2	669537	669666	957572	957698	4.12e-24	121
CP043554.1	CP046745.1	92.857	84	5	1	2395679	2395762	1679821	1679739	4.12e-24	121
CP043554.1	CP046745.1	92.857	84	5	1	1929062	1929145	1679739	1679821	4.12e-24	121
CP043554.1	CP046745.1	91.111	90	6	2	759615	759703	1989877	1989965	4.12e-24	121
CP043554.1	CP046745.1	84.375	128	15	3	1983824	1983950	2257709	2257832	4.12e-24	121
CP043554.1	CP046745.1	84.328	134	9	7	2513708	2513841	2273667	2273546	4.12e-24	121
CP043554.1	CP046745.1	92.771	83	6	0	1929062	1929144	2640902	2640820	4.12e-24	121
CP043554.1	CP046745.1	91.860	86	7	0	2370458	2370543	2710618	2710703	4.12e-24	121
CP043554.1	CP046745.1	92.771	83	6	0	1648463	1648545	2923015	2922933	4.12e-24	121
CP043554.1	CP046745.1	94.805	77	4	0	2931067	2931143	3070318	3070242	4.12e-24	121
CP043554.1	CP046745.1	89.362	94	10	0	1654810	1654903	135007	134914	1.48e-23	119
CP043554.1	CP046745.1	91.765	85	7	0	1392721	1392805	331926	331842	1.48e-23	119
CP043554.1	CP046745.1	92.683	82	6	0	1404140	1404221	331923	331842	1.48e-23	119
CP043554.1	CP046745.1	91.011	89	7	1	1929057	1929145	957566	957653	1.48e-23	119
CP043554.1	CP046745.1	83.721	129	18	3	1983823	1983949	957699	957572	1.48e-23	119
CP043554.1	CP046745.1	92.771	83	5	1	2395679	2395761	957653	957572	1.48e-23	119
CP043554.1	CP046745.1	83.571	140	10	2	557789	557928	1444293	1444419	1.48e-23	119
CP043554.1	CP046745.1	83.571	140	10	6	2128506	2128632	1469984	1469845	1.48e-23	119
CP043554.1	CP046745.1	83.688	141	8	5	996593	996719	1469845	1469984	1.48e-23	119
CP043554.1	CP046745.1	83.571	140	9	4	1117814	1117939	1469845	1469984	1.48e-23	119
CP043554.1	CP046745.1	92.683	82	6	0	2074373	2074454	1527315	1527234	1.48e-23	119
CP043554.1	CP046745.1	83.333	132	18	3	1404135	1404264	1584444	1584573	1.48e-23	119
CP043554.1	CP046745.1	90.909	88	8	0	2491805	2491892	1989965	1989878	1.48e-23	119
CP043554.1	CP046745.1	90.909	88	8	0	2128546	2128633	1989965	1989878	1.48e-23	119
CP043554.1	CP046745.1	90.909	88	8	0	880160	880247	1989878	1989965	1.48e-23	119
CP043554.1	CP046745.1	90.909	88	8	0	1364769	1364856	1989878	1989965	1.48e-23	119
CP043554.1	CP046745.1	90.909	88	8	0	2121978	2122065	1989878	1989965	1.48e-23	119
CP043554.1	CP046745.1	92.771	83	5	1	2395680	2395762	2257751	2257832	1.48e-23	119
CP043554.1	CP046745.1	84.800	125	12	4	551335	551457	2438996	2438877	1.48e-23	119
CP043554.1	CP046745.1	93.671	79	5	0	2074371	2074449	2507002	2507080	1.48e-23	119
CP043554.1	CP046745.1	85.593	118	11	5	1983824	1983937	2813143	2813258	1.48e-23	119
CP043554.1	CP046745.1	91.860	86	6	1	440293	440378	2922934	2923018	1.48e-23	119
CP043554.1	CP046745.1	92.683	82	6	0	2417707	2417788	2923015	2922934	1.48e-23	119
CP043554.1	CP046745.1	95.890	73	3	0	2513769	2513841	3070253	3070325	1.48e-23	119
CP043554.1	CP046745.1	85.714	112	14	2	2329149	2329258	1228301	1228190	5.32e-23	117
CP043554.1	CP046745.1	84.127	126	15	4	1213896	1214019	1463267	1463389	5.32e-23	117
CP043554.1	CP046745.1	83.453	139	10	8	2201587	2201712	1469984	1469846	5.32e-23	117
CP043554.1	CP046745.1	83.871	124	18	1	801350	801473	1584455	1584576	5.32e-23	117
CP043554.1	CP046745.1	90.000	90	9	0	1392716	1392805	1989872	1989961	5.32e-23	117
CP043554.1	CP046745.1	83.704	135	10	7	2513708	2513842	2180216	2180094	5.32e-23	117
CP043554.1	CP046745.1	91.667	84	7	0	2370459	2370542	2764930	2765013	5.32e-23	117
CP043554.1	CP046745.1	91.765	85	5	2	759615	759698	2922933	2923016	5.32e-23	117
CP043554.1	CP046745.1	92.683	82	5	1	86029	86110	2922934	2923014	5.32e-23	117
CP043554.1	CP046745.1	91.566	83	7	0	2395679	2395761	61930	62012	1.91e-22	115
CP043554.1	CP046745.1	83.582	134	10	6	2513708	2513841	644273	644394	1.91e-22	115
CP043554.1	CP046745.1	90.698	86	8	0	2395680	2395765	1228255	1228170	1.91e-22	115
CP043554.1	CP046745.1	82.432	148	11	9	1303422	1303556	1469839	1469984	1.91e-22	115
CP043554.1	CP046745.1	95.775	71	3	0	222311	222381	1469845	1469915	1.91e-22	115
CP043554.1	CP046745.1	95.775	71	3	0	2395690	2395760	1469915	1469845	1.91e-22	115
CP043554.1	CP046745.1	95.775	71	3	0	1392723	1392793	1469845	1469915	1.91e-22	115
CP043554.1	CP046745.1	92.500	80	6	0	2395682	2395761	1903599	1903520	1.91e-22	115
CP043554.1	CP046745.1	90.805	87	7	1	996589	996674	1989874	1989960	1.91e-22	115
CP043554.1	CP046745.1	85.088	114	16	1	1117813	1117925	1989878	1989991	1.91e-22	115
CP043554.1	CP046745.1	91.566	83	7	0	1819309	1819391	1989965	1989883	1.91e-22	115
CP043554.1	CP046745.1	91.566	83	7	0	2395679	2395761	2180177	2180095	1.91e-22	115
CP043554.1	CP046745.1	91.566	83	7	0	1929063	1929145	2180095	2180177	1.91e-22	115
CP043554.1	CP046745.1	97.059	68	2	0	651772	651839	2556645	2556578	1.91e-22	115
CP043554.1	CP046745.1	82.979	141	10	8	557789	557928	2765011	2764884	1.91e-22	115
CP043554.1	CP046745.1	91.566	83	7	0	374794	374876	2922934	2923016	1.91e-22	115
CP043554.1	CP046745.1	91.566	83	7	0	2491810	2491892	2923016	2922934	1.91e-22	115
CP043554.1	CP046745.1	91.566	83	7	0	1213896	1213978	2922934	2923016	1.91e-22	115
CP043554.1	CP046745.1	93.506	77	5	0	2931067	2931143	2922941	2923017	1.91e-22	115
CP043554.1	CP046745.1	84.956	113	15	2	996608	996720	290675	290565	6.89e-22	113
CP043554.1	CP046745.1	85.849	106	15	0	549744	549849	468139	468034	6.89e-22	113
CP043554.1	CP046745.1	91.463	82	7	0	1929063	1929144	1527234	1527315	6.89e-22	113
CP043554.1	CP046745.1	91.566	83	6	1	2074372	2074454	1679821	1679740	6.89e-22	113
CP043554.1	CP046745.1	91.463	82	7	0	613859	613940	1989878	1989959	6.89e-22	113
CP043554.1	CP046745.1	90.588	85	8	0	1929062	1929146	2267222	2267306	6.89e-22	113
CP043554.1	CP046745.1	86.111	108	11	1	2522738	2522845	2438873	2438976	6.89e-22	113
CP043554.1	CP046745.1	91.463	82	7	0	613859	613940	2922934	2923015	6.89e-22	113
CP043554.1	CP046745.1	82.946	129	19	3	418241	418369	2979593	2979468	6.89e-22	113
CP043554.1	CP046745.1	90.476	84	8	0	1929063	1929146	55330	55413	2.48e-21	111
CP043554.1	CP046745.1	83.333	132	10	6	2513708	2513839	829010	828891	2.48e-21	111
CP043554.1	CP046745.1	90.476	84	8	0	1929063	1929146	849729	849812	2.48e-21	111
CP043554.1	CP046745.1	90.476	84	8	0	1929063	1929146	1801903	1801986	2.48e-21	111
CP043554.1	CP046745.1	94.521	73	3	1	651768	651839	2646879	2646807	2.48e-21	111
CP043554.1	CP046745.1	92.308	78	6	0	2074372	2074449	2764930	2765007	2.48e-21	111
CP043554.1	CP046745.1	90.476	84	8	0	2121978	2122061	2922934	2923017	2.48e-21	111
CP043554.1	CP046745.1	84.483	116	15	3	880172	880287	2979581	2979469	2.48e-21	111
CP043554.1	CP046745.1	93.333	75	5	0	1929072	1929146	3019006	3018932	2.48e-21	111
CP043554.1	CP046745.1	88.764	89	10	0	360051	360139	593650	593562	8.91e-21	110
CP043554.1	CP046745.1	95.588	68	3	0	651770	651837	849726	849793	8.91e-21	110
CP043554.1	CP046745.1	89.535	86	9	0	2664237	2664322	1264866	1264781	8.91e-21	110
CP043554.1	CP046745.1	90.361	83	8	0	2370460	2370542	1461734	1461652	8.91e-21	110
CP043554.1	CP046745.1	82.857	140	7	10	440294	440416	1469845	1469984	8.91e-21	110
CP043554.1	CP046745.1	94.366	71	4	0	86030	86100	1469845	1469915	8.91e-21	110
CP043554.1	CP046745.1	94.366	71	4	0	880161	880231	1469845	1469915	8.91e-21	110
CP043554.1	CP046745.1	95.522	67	3	0	763365	763431	1566663	1566729	3.20e-20	108
CP043554.1	CP046745.1	95.522	67	3	0	1303429	1303495	1566664	1566730	3.20e-20	108
CP043554.1	CP046745.1	95.522	67	3	0	651773	651839	1628302	1628368	3.20e-20	108
CP043554.1	CP046745.1	88.636	88	10	0	2931060	2931147	1989878	1989965	3.20e-20	108
CP043554.1	CP046745.1	89.535	86	8	1	440293	440378	1989878	1989962	3.20e-20	108
CP043554.1	CP046745.1	95.522	67	3	0	651773	651839	1989878	1989944	3.20e-20	108
CP043554.1	CP046745.1	95.522	67	3	0	651773	651839	2273546	2273612	3.20e-20	108
CP043554.1	CP046745.1	89.412	85	9	0	2370458	2370542	2438913	2438997	3.20e-20	108
CP043554.1	CP046745.1	82.031	128	21	1	669543	669670	2507079	2506954	3.20e-20	108
CP043554.1	CP046745.1	89.286	84	9	0	1929063	1929146	459139	459056	1.15e-19	106
CP043554.1	CP046745.1	85.859	99	14	0	86052	86150	468139	468041	1.15e-19	106
CP043554.1	CP046745.1	82.540	126	17	4	1392722	1392845	1463267	1463389	1.15e-19	106
CP043554.1	CP046745.1	93.151	73	4	1	1653022	1653094	1566730	1566659	1.15e-19	106
CP043554.1	CP046745.1	89.286	84	9	0	880416	880499	2922934	2923017	1.15e-19	106
CP043554.1	CP046745.1	83.193	119	17	3	2022926	2023044	2979467	2979582	1.15e-19	106
CP043554.1	CP046745.1	95.385	65	3	0	651773	651837	55330	55394	4.14e-19	104
CP043554.1	CP046745.1	92.958	71	5	0	2370470	2370540	1469915	1469845	4.14e-19	104
CP043554.1	CP046745.1	94.118	68	4	0	651772	651839	2243010	2243077	4.14e-19	104
CP043554.1	CP046745.1	96.774	62	2	0	651773	651834	2267223	2267284	4.14e-19	104
CP043554.1	CP046745.1	85.294	102	13	2	222331	222432	2979572	2979473	4.14e-19	104
CP043554.1	CP046745.1	94.030	67	4	0	557793	557859	331920	331854	1.49e-18	102
CP043554.1	CP046745.1	94.030	67	4	0	651773	651839	1279526	1279592	1.49e-18	102
CP043554.1	CP046745.1	83.186	113	18	1	2374720	2374832	1467301	1467190	1.49e-18	102
CP043554.1	CP046745.1	81.967	122	20	2	1983823	1983942	2177501	2177380	1.49e-18	102
CP043554.1	CP046745.1	94.030	67	4	0	651773	651839	2640901	2640835	1.49e-18	102
CP043554.1	CP046745.1	84.112	107	13	4	1392745	1392849	468139	468035	5.36e-18	100
CP043554.1	CP046745.1	95.238	63	3	0	728732	728794	1651937	1651875	5.36e-18	100
CP043554.1	CP046745.1	95.238	63	3	0	2513779	2513841	1989940	1989878	5.36e-18	100
CP043554.1	CP046745.1	83.784	111	12	3	2329149	2329257	2257709	2257815	5.36e-18	100
CP043554.1	CP046745.1	91.781	73	4	2	557789	557859	2438997	2438925	5.36e-18	100
CP043554.1	CP046745.1	85.417	96	12	2	2719565	2719659	1327070	1327164	1.93e-17	99.0
CP043554.1	CP046745.1	81.818	132	11	7	1364779	1364897	1469854	1469985	1.93e-17	99.0
CP043554.1	CP046745.1	98.182	55	1	0	2148858	2148912	82284	82230	6.94e-17	97.1
CP043554.1	CP046745.1	83.810	105	13	1	440316	440416	468139	468035	6.94e-17	97.1
CP043554.1	CP046745.1	98.182	55	1	0	2635877	2635931	566655	566709	6.94e-17	97.1
CP043554.1	CP046745.1	92.647	68	4	1	651772	651839	957571	957637	6.94e-17	97.1
CP043554.1	CP046745.1	93.750	64	4	0	651771	651834	1801901	1801964	6.94e-17	97.1
CP043554.1	CP046745.1	82.927	123	6	9	1713268	1713377	2180220	2180100	6.94e-17	97.1
CP043554.1	CP046745.1	90.411	73	7	0	2513769	2513841	2923006	2922934	6.94e-17	97.1
CP043554.1	CP046745.1	85.417	96	9	3	1287724	1287814	290558	290653	2.49e-16	95.3
CP043554.1	CP046745.1	96.491	57	2	0	651783	651839	644384	644328	2.49e-16	95.3
CP043554.1	CP046745.1	93.651	63	4	0	651777	651839	828893	828955	2.49e-16	95.3
CP043554.1	CP046745.1	80.952	126	19	4	418241	418364	1463267	1463389	2.49e-16	95.3
CP043554.1	CP046745.1	93.651	63	4	0	2911718	2911780	1566668	1566730	2.49e-16	95.3
CP043554.1	CP046745.1	82.353	119	10	6	1713270	1713377	644271	644389	8.97e-16	93.5
CP043554.1	CP046745.1	81.600	125	12	4	1713264	1713377	1279655	1279531	8.97e-16	93.5
CP043554.1	CP046745.1	89.189	74	8	0	880153	880226	1566657	1566730	8.97e-16	93.5
CP043554.1	CP046745.1	80.303	132	18	5	669537	669667	2438996	2438872	8.97e-16	93.5
CP043554.1	CP046745.1	82.353	119	10	6	1713270	1713377	2556521	2556639	8.97e-16	93.5
CP043554.1	CP046745.1	90.141	71	7	0	2807854	2807924	2701997	2701927	8.97e-16	93.5
CP043554.1	CP046745.1	82.456	114	13	4	440299	440412	2707030	2706924	8.97e-16	93.5
CP043554.1	CP046745.1	91.045	67	6	0	651771	651837	459141	459075	3.23e-15	91.6
CP043554.1	CP046745.1	98.077	52	1	0	1733808	1733859	566655	566706	3.23e-15	91.6
CP043554.1	CP046745.1	81.818	121	11	4	1713268	1713377	1628427	1628307	3.23e-15	91.6
CP043554.1	CP046745.1	92.188	64	5	0	651773	651836	1679740	1679803	3.23e-15	91.6
CP043554.1	CP046745.1	80.645	124	18	4	2201587	2201710	1683610	1683493	3.23e-15	91.6
CP043554.1	CP046745.1	81.746	126	8	9	1213901	1214024	2707031	2706919	3.23e-15	91.6
CP043554.1	CP046745.1	91.045	67	6	0	651773	651839	2922934	2923000	3.23e-15	91.6
CP043554.1	CP046745.1	98.039	51	1	0	1733571	1733621	566655	566705	1.16e-14	89.8
CP043554.1	CP046745.1	93.443	61	3	1	441174	441234	662650	662591	1.16e-14	89.8
CP043554.1	CP046745.1	81.102	127	11	8	1713268	1713382	1679864	1679739	1.16e-14	89.8
CP043554.1	CP046745.1	96.226	53	2	0	2732878	2732930	662598	662650	4.17e-14	87.9
CP043554.1	CP046745.1	88.732	71	8	0	1708272	1708342	723547	723477	4.17e-14	87.9
CP043554.1	CP046745.1	98.000	50	1	0	2644190	2644239	833455	833504	4.17e-14	87.9
CP043554.1	CP046745.1	83.696	92	15	0	700650	700741	1613867	1613958	4.17e-14	87.9
CP043554.1	CP046745.1	83.696	92	15	0	698956	699047	1615562	1615653	4.17e-14	87.9
CP043554.1	CP046745.1	79.259	135	20	4	1284934	1285067	1683616	1683489	4.17e-14	87.9
CP043554.1	CP046745.1	80.672	119	18	1	2911718	2911836	1683493	1683606	4.17e-14	87.9
CP043554.1	CP046745.1	91.935	62	5	0	651772	651833	2180094	2180155	4.17e-14	87.9
CP043554.1	CP046745.1	80.469	128	13	5	1713268	1713383	2273671	2273544	4.17e-14	87.9
CP043554.1	CP046745.1	93.103	58	4	0	2022989	2023046	1566730	1566673	1.50e-13	86.1
CP043554.1	CP046745.1	97.959	49	1	0	2644190	2644238	1887719	1887767	1.50e-13	86.1
CP043554.1	CP046745.1	80.992	121	12	3	1713268	1713377	2243136	2243016	1.50e-13	86.1
CP043554.1	CP046745.1	100.000	46	0	0	1929216	1929261	2243094	2243139	1.50e-13	86.1
CP043554.1	CP046745.1	100.000	46	0	0	1929216	1929261	2254965	2254920	1.50e-13	86.1
CP043554.1	CP046745.1	80.315	127	14	4	1713262	1713377	2640770	2640896	1.50e-13	86.1
CP043554.1	CP046745.1	80.000	130	14	7	374794	374923	2707035	2706918	1.50e-13	86.1
CP043554.1	CP046745.1	80.992	121	12	4	2076151	2076271	2706922	2707031	1.50e-13	86.1
CP043554.1	CP046745.1	80.992	121	12	8	2201589	2201709	2706922	2707031	1.50e-13	86.1
CP043554.1	CP046745.1	97.959	49	1	0	2644191	2644239	3028303	3028255	1.50e-13	86.1
CP043554.1	CP046745.1	91.803	61	4	1	2644194	2644254	1099564	1099623	5.40e-13	84.2
CP043554.1	CP046745.1	79.070	129	21	3	880415	880543	1683488	1683610	5.40e-13	84.2
CP043554.1	CP046745.1	79.675	123	20	2	86028	86150	1683488	1683605	5.40e-13	84.2
CP043554.1	CP046745.1	100.000	45	0	0	1929216	1929260	3018932	3018888	5.40e-13	84.2
CP043554.1	CP046745.1	97.872	47	1	0	1115971	1116017	1099561	1099607	1.94e-12	82.4
CP043554.1	CP046745.1	80.159	126	12	6	2522733	2522845	1469989	1469864	1.94e-12	82.4
CP043554.1	CP046745.1	78.906	128	21	6	2076149	2076276	1683610	1683489	1.94e-12	82.4
CP043554.1	CP046745.1	80.000	125	14	4	1713264	1713377	2267352	2267228	1.94e-12	82.4
CP043554.1	CP046745.1	79.688	128	14	5	713362	713489	2707037	2706922	1.94e-12	82.4
CP043554.1	CP046745.1	91.667	60	4	1	1929061	1929120	2707037	2706979	1.94e-12	82.4
CP043554.1	CP046745.1	91.667	60	4	1	1713325	1713383	2922991	2922932	1.94e-12	82.4
CP043554.1	CP046745.1	100.000	43	0	0	1115972	1116014	833457	833499	6.98e-12	80.5
CP043554.1	CP046745.1	97.826	46	1	0	200037	200082	833459	833504	6.98e-12	80.5
CP043554.1	CP046745.1	97.826	46	1	0	1929218	1929263	1279611	1279656	6.98e-12	80.5
CP043554.1	CP046745.1	94.340	53	2	1	200029	200081	1887716	1887767	6.98e-12	80.5
CP043554.1	CP046745.1	97.826	46	1	0	1115972	1116017	1887721	1887766	6.98e-12	80.5
CP043554.1	CP046745.1	90.323	62	5	1	1713325	1713385	1989935	1989874	6.98e-12	80.5
CP043554.1	CP046745.1	79.528	127	15	4	1648413	1648539	2706916	2707031	6.98e-12	80.5
CP043554.1	CP046745.1	79.688	128	12	9	759615	759741	2707036	2706922	6.98e-12	80.5
CP043554.1	CP046745.1	80.165	121	13	4	2417663	2417783	2706922	2707031	6.98e-12	80.5
CP043554.1	CP046745.1	97.826	46	1	0	200037	200082	3028300	3028255	6.98e-12	80.5
CP043554.1	CP046745.1	97.826	46	1	0	1115972	1116017	3028302	3028257	6.98e-12	80.5
CP043554.1	CP046745.1	95.833	48	2	0	2644192	2644239	1651920	1651873	2.51e-11	78.7
CP043554.1	CP046745.1	90.164	61	4	2	1073892	1073951	2646873	2646814	2.51e-11	78.7
CP043554.1	CP046745.1	80.342	117	12	6	86034	86150	2707031	2706926	2.51e-11	78.7
CP043554.1	CP046745.1	91.379	58	4	1	651773	651830	2707035	2706979	2.51e-11	78.7
CP043554.1	CP046745.1	78.125	128	22	6	713364	713491	1683489	1683610	9.04e-11	76.8
CP043554.1	CP046745.1	78.462	130	18	9	1648417	1648544	1683610	1683489	9.04e-11	76.8
CP043554.1	CP046745.1	95.745	47	2	0	1929216	1929262	2267306	2267352	9.04e-11	76.8
CP043554.1	CP046745.1	97.727	44	1	0	2121977	2122020	2648590	2648633	9.04e-11	76.8
CP043554.1	CP046745.1	92.453	53	4	0	2395704	2395756	2706979	2707031	9.04e-11	76.8
CP043554.1	CP046745.1	92.453	53	4	0	2513784	2513836	2706979	2707031	9.04e-11	76.8
CP043554.1	CP046745.1	97.674	43	1	0	309477	309519	1209043	1209001	3.25e-10	75.0
CP043554.1	CP046745.1	88.525	61	7	0	1073891	1073951	1279525	1279585	3.25e-10	75.0
CP043554.1	CP046745.1	95.652	46	2	0	200037	200082	1651918	1651873	3.25e-10	75.0
CP043554.1	CP046745.1	95.652	46	2	0	1115972	1116017	1651920	1651875	3.25e-10	75.0
CP043554.1	CP046745.1	95.652	46	2	0	2804370	2804415	2922927	2922972	3.25e-10	75.0
CP043554.1	CP046745.1	95.652	46	2	0	1284939	1284984	2923132	2923087	3.25e-10	75.0
CP043554.1	CP046745.1	88.333	60	7	0	2395679	2395738	468080	468139	1.17e-09	73.1
CP043554.1	CP046745.1	97.619	42	1	0	969117	969158	833455	833496	1.17e-09	73.1
CP043554.1	CP046745.1	78.571	126	15	5	1713268	1713381	849854	849729	1.17e-09	73.1
CP043554.1	CP046745.1	92.308	52	3	1	969114	969164	1099556	1099607	1.17e-09	73.1
CP043554.1	CP046745.1	95.556	45	2	0	969743	969787	1099564	1099608	1.17e-09	73.1
CP043554.1	CP046745.1	88.525	61	5	2	1073892	1073951	1628302	1628361	1.17e-09	73.1
CP043554.1	CP046745.1	95.556	45	2	0	1929216	1929260	1628385	1628429	1.17e-09	73.1
CP043554.1	CP046745.1	93.750	48	3	0	2916297	2916344	1651920	1651873	1.17e-09	73.1
CP043554.1	CP046745.1	77.519	129	23	6	2417661	2417789	1683610	1683488	1.17e-09	73.1
CP043554.1	CP046745.1	83.750	80	9	4	1073874	1073951	2267205	2267282	1.17e-09	73.1
CP043554.1	CP046745.1	88.525	61	5	2	1073892	1073951	2273546	2273605	1.17e-09	73.1
CP043554.1	CP046745.1	88.525	61	5	2	1073892	1073951	2556644	2556585	1.17e-09	73.1
CP043554.1	CP046745.1	95.556	45	2	0	1929216	1929260	2640818	2640774	1.17e-09	73.1
CP043554.1	CP046745.1	95.556	45	2	0	2076149	2076193	2923131	2923087	1.17e-09	73.1
CP043554.1	CP046745.1	95.556	45	2	0	1648417	1648461	2923131	2923087	1.17e-09	73.1
CP043554.1	CP046745.1	90.566	53	5	0	1713325	1713377	55387	55335	4.20e-09	71.3
CP043554.1	CP046745.1	90.566	53	5	0	1713325	1713377	459082	459134	4.20e-09	71.3
CP043554.1	CP046745.1	100.000	38	0	0	2804378	2804415	459138	459101	4.20e-09	71.3
CP043554.1	CP046745.1	97.561	41	1	0	969741	969781	833457	833497	4.20e-09	71.3
CP043554.1	CP046745.1	100.000	38	0	0	2804378	2804415	1279527	1279564	4.20e-09	71.3
CP043554.1	CP046745.1	97.561	41	1	0	1073911	1073951	2257813	2257773	4.20e-09	71.3
CP043554.1	CP046745.1	95.455	44	2	0	1648505	1648548	2648630	2648587	4.20e-09	71.3
CP043554.1	CP046745.1	79.832	119	7	9	2931070	2931185	2707026	2706922	4.20e-09	71.3
CP043554.1	CP046745.1	95.455	44	2	0	1404221	1404264	2923087	2923130	4.20e-09	71.3
CP043554.1	CP046745.1	95.349	43	2	0	1929218	1929260	1048661	1048703	1.51e-08	69.4
CP043554.1	CP046745.1	93.478	46	3	0	969119	969164	1651920	1651875	1.51e-08	69.4
CP043554.1	CP046745.1	93.617	47	2	1	1929218	1929264	1679824	1679869	1.51e-08	69.4
CP043554.1	CP046745.1	77.519	129	20	7	2121978	2122104	1683489	1683610	1.51e-08	69.4
CP043554.1	CP046745.1	95.349	43	2	0	2395719	2395761	1683531	1683489	1.51e-08	69.4
CP043554.1	CP046745.1	77.419	124	22	6	374799	374922	1683494	1683611	1.51e-08	69.4
CP043554.1	CP046745.1	87.097	62	6	2	1073891	1073951	1903519	1903579	1.51e-08	69.4
CP043554.1	CP046745.1	95.349	43	2	0	1929218	1929260	2466864	2466822	1.51e-08	69.4
CP043554.1	CP046745.1	95.349	43	2	0	1929218	1929260	2646788	2646746	1.51e-08	69.4
CP043554.1	CP046745.1	95.349	43	2	0	2076237	2076279	2648630	2648588	1.51e-08	69.4
CP043554.1	CP046745.1	97.500	40	1	0	86029	86068	2648591	2648630	1.51e-08	69.4
CP043554.1	CP046745.1	97.500	40	1	0	2417749	2417788	2648630	2648591	1.51e-08	69.4
CP043554.1	CP046745.1	97.500	40	1	0	2395722	2395761	2648630	2648591	1.51e-08	69.4
CP043554.1	CP046745.1	97.500	40	1	0	713364	713403	2648591	2648630	1.51e-08	69.4
CP043554.1	CP046745.1	95.349	43	2	0	1929218	1929260	2650247	2650205	1.51e-08	69.4
CP043554.1	CP046745.1	93.617	47	2	1	759701	759746	2923089	2923135	1.51e-08	69.4
CP043554.1	CP046745.1	95.349	43	2	0	150711	150753	2923089	2923131	1.51e-08	69.4
CP043554.1	CP046745.1	95.349	43	2	0	2128506	2128548	2923131	2923089	1.51e-08	69.4
CP043554.1	CP046745.1	95.349	43	2	0	1656508	1656550	2923131	2923089	1.51e-08	69.4
CP043554.1	CP046745.1	95.349	43	2	0	1652961	1653003	2923131	2923089	1.51e-08	69.4
CP043554.1	CP046745.1	100.000	36	0	0	1983825	1983860	452024	452059	5.44e-08	67.6
CP043554.1	CP046745.1	100.000	36	0	0	2804378	2804413	957573	957608	5.44e-08	67.6
CP043554.1	CP046745.1	97.436	39	1	0	1073913	1073951	1469865	1469903	5.44e-08	67.6
CP043554.1	CP046745.1	76.744	129	24	2	613858	613986	1683488	1683610	5.44e-08	67.6
CP043554.1	CP046745.1	77.165	127	21	8	1287730	1287853	1683610	1683489	5.44e-08	67.6
CP043554.1	CP046745.1	95.238	42	2	0	2804374	2804415	2273543	2273584	5.44e-08	67.6
CP043554.1	CP046745.1	86.885	61	6	2	1073892	1073951	2466949	2466890	5.44e-08	67.6
CP043554.1	CP046745.1	97.436	39	1	0	1073913	1073951	2507064	2507026	5.44e-08	67.6
CP043554.1	CP046745.1	97.436	39	1	0	1073913	1073951	2636503	2636465	5.44e-08	67.6
CP043554.1	CP046745.1	93.333	45	3	0	2931058	2931102	2648589	2648633	5.44e-08	67.6
CP043554.1	CP046745.1	100.000	36	0	0	880416	880451	2648591	2648626	5.44e-08	67.6
CP043554.1	CP046745.1	97.436	39	1	0	1073913	1073951	2710680	2710642	5.44e-08	67.6
CP043554.1	CP046745.1	97.368	38	1	0	2804378	2804415	55331	55368	1.96e-07	65.8
CP043554.1	CP046745.1	76.984	126	22	6	1983828	1983949	1463389	1463267	1.96e-07	65.8
CP043554.1	CP046745.1	97.368	38	1	0	2804378	2804415	1628303	1628340	1.96e-07	65.8
CP043554.1	CP046745.1	97.368	38	1	0	2804378	2804415	1679741	1679778	1.96e-07	65.8
CP043554.1	CP046745.1	87.500	56	7	0	1929063	1929118	1683489	1683544	1.96e-07	65.8
CP043554.1	CP046745.1	95.122	41	2	0	2804375	2804415	1989876	1989916	1.96e-07	65.8
CP043554.1	CP046745.1	97.368	38	1	0	2804378	2804415	2180096	2180133	1.96e-07	65.8
CP043554.1	CP046745.1	97.368	38	1	0	2804378	2804415	2243012	2243049	1.96e-07	65.8
CP043554.1	CP046745.1	97.368	38	1	0	2804378	2804415	2267224	2267261	1.96e-07	65.8
CP043554.1	CP046745.1	93.182	44	3	0	1929218	1929261	2556559	2556516	1.96e-07	65.8
CP043554.1	CP046745.1	100.000	35	0	0	2804381	2804415	2556640	2556606	1.96e-07	65.8
CP043554.1	CP046745.1	100.000	35	0	0	2804381	2804415	2640897	2640863	1.96e-07	65.8
CP043554.1	CP046745.1	97.368	38	1	0	2497972	2498009	2648625	2648588	1.96e-07	65.8
CP043554.1	CP046745.1	91.667	48	3	1	1285022	1285068	2648637	2648590	1.96e-07	65.8
CP043554.1	CP046745.1	88.679	53	6	0	2121983	2122035	2707031	2706979	1.96e-07	65.8
CP043554.1	CP046745.1	97.436	39	0	1	328845	328882	2710610	2710572	1.96e-07	65.8
CP043554.1	CP046745.1	100.000	34	0	0	1082242	1082275	47018	47051	7.03e-07	63.9
CP043554.1	CP046745.1	81.176	85	11	4	2497927	2498007	55412	55329	7.03e-07	63.9
CP043554.1	CP046745.1	100.000	34	0	0	2316623	2316656	278074	278041	7.03e-07	63.9
CP043554.1	CP046745.1	100.000	34	0	0	2804379	2804412	828891	828924	7.03e-07	63.9
CP043554.1	CP046745.1	97.297	37	1	0	2513806	2513842	1683524	1683488	7.03e-07	63.9
CP043554.1	CP046745.1	97.297	37	1	0	651772	651808	1683488	1683524	7.03e-07	63.9
CP043554.1	CP046745.1	95.122	41	0	2	328845	328883	1903610	1903650	7.03e-07	63.9
CP043554.1	CP046745.1	93.182	44	1	2	328845	328887	2257745	2257703	7.03e-07	63.9
CP043554.1	CP046745.1	91.489	47	3	1	1929063	1929108	2648591	2648637	7.03e-07	63.9
CP043554.1	CP046745.1	93.023	43	3	0	2513799	2513841	2648633	2648591	7.03e-07	63.9
CP043554.1	CP046745.1	95.000	40	2	0	1287814	1287853	2648630	2648591	7.03e-07	63.9
CP043554.1	CP046745.1	95.000	40	2	0	1364854	1364893	2923089	2923128	7.03e-07	63.9
CP043554.1	CP046745.1	97.297	37	0	1	328845	328880	290602	290566	2.53e-06	62.1
CP043554.1	CP046745.1	94.872	39	2	0	2121977	2122015	443325	443287	2.53e-06	62.1
CP043554.1	CP046745.1	97.222	36	1	0	418332	418367	452059	452024	2.53e-06	62.1
CP043554.1	CP046745.1	100.000	33	0	0	1213990	1214022	452056	452024	2.53e-06	62.1
CP043554.1	CP046745.1	100.000	33	0	0	2911805	2911837	452059	452027	2.53e-06	62.1
CP043554.1	CP046745.1	92.857	42	3	0	354465	354506	789005	788964	2.53e-06	62.1
CP043554.1	CP046745.1	84.375	64	8	2	1073889	1073951	1444289	1444351	2.53e-06	62.1
CP043554.1	CP046745.1	97.297	37	0	1	328845	328880	1527325	1527361	2.53e-06	62.1
CP043554.1	CP046745.1	97.222	36	1	0	2804378	2804413	1801904	1801939	2.53e-06	62.1
CP043554.1	CP046745.1	92.857	42	3	0	440291	440332	2648589	2648630	2.53e-06	62.1
CP043554.1	CP046745.1	97.222	36	1	0	651773	651808	2648591	2648626	2.53e-06	62.1
CP043554.1	CP046745.1	97.222	36	1	0	2201675	2201710	2648630	2648595	2.53e-06	62.1
CP043554.1	CP046745.1	92.683	41	3	0	1073911	1073951	61993	61953	9.10e-06	60.2
CP043554.1	CP046745.1	92.857	42	2	1	1392808	1392848	452065	452024	9.10e-06	60.2
CP043554.1	CP046745.1	94.737	38	2	0	2804378	2804415	644393	644356	9.10e-06	60.2
CP043554.1	CP046745.1	94.737	38	2	0	1287818	1287855	720036	719999	9.10e-06	60.2
CP043554.1	CP046745.1	97.143	35	1	0	2074419	2074453	720036	720002	9.10e-06	60.2
CP043554.1	CP046745.1	94.737	38	2	0	2804378	2804415	849730	849767	9.10e-06	60.2
CP043554.1	CP046745.1	92.683	41	3	0	2873221	2873261	1259237	1259197	9.10e-06	60.2
CP043554.1	CP046745.1	94.737	38	2	0	2804378	2804415	1527235	1527272	9.10e-06	60.2
CP043554.1	CP046745.1	75.781	128	25	3	2931060	2931187	1683489	1683610	9.10e-06	60.2
CP043554.1	CP046745.1	97.143	35	1	0	2804378	2804412	1683490	1683524	9.10e-06	60.2
CP043554.1	CP046745.1	97.143	35	1	0	2804381	2804415	2646869	2646835	9.10e-06	60.2
CP043554.1	CP046745.1	91.111	45	3	1	374789	374833	2648587	2648630	9.10e-06	60.2
CP043554.1	CP046745.1	97.143	35	1	0	2804378	2804412	2648592	2648626	9.10e-06	60.2
CP043554.1	CP046745.1	100.000	32	0	0	2911718	2911749	2648595	2648626	9.10e-06	60.2
CP043554.1	CP046745.1	84.483	58	9	0	1285011	1285068	443268	443325	3.27e-05	58.4
CP043554.1	CP046745.1	100.000	31	0	0	1073921	1073951	1228203	1228233	3.27e-05	58.4
CP043554.1	CP046745.1	90.698	43	4	0	440293	440335	1683489	1683531	3.27e-05	58.4
CP043554.1	CP046745.1	92.500	40	3	0	613859	613898	2648591	2648630	3.27e-05	58.4
CP043554.1	CP046745.1	96.970	33	1	0	669636	669668	452053	452021	1.18e-04	56.5
CP043554.1	CP046745.1	96.970	33	1	0	551425	551457	452059	452027	1.18e-04	56.5
CP043554.1	CP046745.1	100.000	30	0	0	354471	354500	992283	992312	1.18e-04	56.5
CP043554.1	CP046745.1	96.970	33	1	0	2804382	2804414	2707031	2706999	1.18e-04	56.5
CP043554.1	CP046745.1	100.000	29	0	0	532357	532385	134009	133981	4.23e-04	54.7
CP043554.1	CP046745.1	100.000	29	0	0	2200684	2200712	1444320	1444292	4.23e-04	54.7
CP043554.1	CP046745.1	100.000	28	0	0	2200687	2200714	55355	55328	0.002	52.8
CP043554.1	CP046745.1	100.000	28	0	0	2121976	2122003	134011	133984	0.002	52.8
CP043554.1	CP046745.1	100.000	28	0	0	2650699	2650726	580054	580027	0.002	52.8
CP043554.1	CP046745.1	100.000	28	0	0	204345	204372	1103885	1103858	0.002	52.8
CP043554.1	CP046745.1	100.000	28	0	0	880518	880545	1382914	1382887	0.002	52.8
CP043554.1	CP046745.1	100.000	28	0	0	701168	701195	1616107	1616080	0.002	52.8
CP043554.1	CP046746.1	95.732	2460	105	0	1512487	1514946	1465	3924	0.0	3962
CP043554.1	CP046746.1	95.686	2063	87	2	2473209	2475270	685365	683304	0.0	3315
CP043554.1	CP046746.1	97.972	1430	29	0	1318396	1319825	419285	417856	0.0	2481
CP043554.1	CP046746.1	98.035	1425	28	0	1318401	1319825	1009797	1008373	0.0	2477
CP043554.1	CP046746.1	97.966	1426	29	0	1318400	1319825	3924	5349	0.0	2473
CP043554.1	CP046746.1	97.965	1425	29	0	1318401	1319825	873017	874441	0.0	2471
CP043554.1	CP046746.1	97.834	1431	30	1	1318395	1319825	477125	478554	0.0	2470
CP043554.1	CP046746.1	97.965	1425	28	1	1318401	1319825	531685	533108	0.0	2470
CP043554.1	CP046746.1	96.215	634	22	2	2644188	2644820	819709	820341	0.0	1037
CP043554.1	CP046746.1	95.440	636	26	3	969112	969747	819709	820341	0.0	1011
CP043554.1	CP046746.1	95.548	629	27	1	728749	729377	819714	820341	0.0	1005
CP043554.1	CP046746.1	95.414	567	26	0	1115971	1116537	819713	820279	0.0	904
CP043554.1	CP046746.1	95.570	474	20	1	2644190	2644663	419295	419767	0.0	758
CP043554.1	CP046746.1	95.368	475	21	1	969116	969590	419294	419767	0.0	754
CP043554.1	CP046746.1	95.359	474	20	2	1115971	1116443	419295	419767	0.0	752
CP043554.1	CP046746.1	94.490	490	22	5	728732	729220	419282	419767	0.0	750
CP043554.1	CP046746.1	92.605	311	17	4	1462466	1462773	633065	633372	7.73e-121	442
CP043554.1	CP046746.1	72.624	1326	325	34	1512487	1513793	902938	904244	3.65e-109	403
CP043554.1	CP046746.1	97.409	193	5	0	1929061	1929253	111611	111803	6.28e-87	329
CP043554.1	CP046746.1	95.074	203	8	2	2395561	2395761	221022	220820	1.36e-83	318
CP043554.1	CP046746.1	95.000	200	9	1	1929061	1929260	597359	597161	6.33e-82	313
CP043554.1	CP046746.1	93.689	206	11	2	2074244	2074449	111821	111618	2.94e-80	307
CP043554.1	CP046746.1	95.337	193	8	1	2395571	2395762	111804	111612	1.06e-79	305
CP043554.1	CP046746.1	94.444	198	11	0	1929063	1929260	220820	221017	1.06e-79	305
CP043554.1	CP046746.1	94.000	200	10	2	2395564	2395762	597160	597358	1.37e-78	302
CP043554.1	CP046746.1	94.241	191	11	0	2370351	2370541	111803	111613	8.24e-76	292
CP043554.1	CP046746.1	93.782	193	12	0	2074257	2074449	221017	220825	2.96e-75	291
CP043554.1	CP046746.1	92.929	198	13	1	2370344	2370541	597161	597357	3.83e-74	287
CP043554.1	CP046746.1	92.424	198	15	0	2370344	2370541	221017	220820	4.96e-73	283
CP043554.1	CP046746.1	92.424	198	14	1	2074257	2074454	597161	597357	1.78e-72	281
CP043554.1	CP046746.1	91.000	200	18	0	2490536	2490735	111811	111612	3.86e-69	270
CP043554.1	CP046746.1	90.452	199	18	1	2490537	2490735	597161	597358	2.32e-66	261
CP043554.1	CP046746.1	89.899	198	20	0	2490537	2490734	221017	220820	1.08e-64	255
CP043554.1	CP046746.1	97.101	138	4	0	1303428	1303565	848264	848127	5.07e-58	233
CP043554.1	CP046746.1	98.450	129	2	0	1652960	1653088	848135	848263	2.36e-56	228
CP043554.1	CP046746.1	97.710	131	3	0	1303426	1303556	696861	696991	8.48e-56	226
CP043554.1	CP046746.1	96.992	133	4	0	1656505	1656637	696994	696862	3.05e-55	224
CP043554.1	CP046746.1	97.674	129	3	0	1656508	1656636	848136	848264	1.10e-54	222
CP043554.1	CP046746.1	97.656	128	3	0	1652961	1653088	696991	696864	3.94e-54	220
CP043554.1	CP046746.1	96.923	130	3	1	2121976	2122104	988878	989007	5.10e-53	217
CP043554.1	CP046746.1	96.875	128	4	0	2076149	2076276	848136	848263	1.84e-52	215
CP043554.1	CP046746.1	95.489	133	6	0	150626	150758	848263	848131	6.60e-52	213
CP043554.1	CP046746.1	95.522	134	5	1	713359	713492	848267	848135	6.60e-52	213
CP043554.1	CP046746.1	96.154	130	5	0	1648417	1648546	848136	848265	6.60e-52	213
CP043554.1	CP046746.1	95.489	133	5	1	2076149	2076280	409029	408897	2.37e-51	211
CP043554.1	CP046746.1	96.124	129	5	0	2076148	2076276	696992	696864	2.37e-51	211
CP043554.1	CP046746.1	96.124	129	5	0	2128505	2128633	848135	848263	2.37e-51	211
CP043554.1	CP046746.1	96.154	130	3	2	759615	759743	848264	848136	2.37e-51	211
CP043554.1	CP046746.1	96.124	129	5	0	2931059	2931187	988879	989007	2.37e-51	211
CP043554.1	CP046746.1	95.455	132	5	1	1648417	1648547	409029	408898	8.54e-51	209
CP043554.1	CP046746.1	95.420	131	5	1	713363	713492	408900	409030	3.07e-50	207
CP043554.1	CP046746.1	95.420	131	5	1	2417659	2417788	409031	408901	3.07e-50	207
CP043554.1	CP046746.1	95.385	130	6	0	713362	713491	696862	696991	3.07e-50	207
CP043554.1	CP046746.1	95.420	131	4	2	759615	759744	696863	696992	3.07e-50	207
CP043554.1	CP046746.1	95.385	130	6	0	1648416	1648545	696992	696863	3.07e-50	207
CP043554.1	CP046746.1	93.478	138	9	0	2931050	2931187	183811	183948	1.10e-49	206
CP043554.1	CP046746.1	95.385	130	5	1	2121976	2122104	183819	183948	1.10e-49	206
CP043554.1	CP046746.1	95.349	129	6	0	1392722	1392850	183821	183949	1.10e-49	206
CP043554.1	CP046746.1	95.349	129	6	0	2076148	2076276	327518	327390	1.10e-49	206
CP043554.1	CP046746.1	95.349	129	6	0	2417660	2417788	848135	848263	1.10e-49	206
CP043554.1	CP046746.1	97.500	120	3	0	2911718	2911837	848259	848140	1.10e-49	206
CP043554.1	CP046746.1	95.312	128	6	0	1284941	1285068	20559	20686	3.97e-49	204
CP043554.1	CP046746.1	94.030	134	8	0	713362	713495	327388	327521	3.97e-49	204
CP043554.1	CP046746.1	95.312	128	6	0	2417661	2417788	327517	327390	3.97e-49	204
CP043554.1	CP046746.1	94.697	132	6	1	532354	532484	408898	409029	3.97e-49	204
CP043554.1	CP046746.1	95.349	129	5	1	1656507	1656635	682047	682174	3.97e-49	204
CP043554.1	CP046746.1	95.312	128	6	0	150626	150753	696864	696991	3.97e-49	204
CP043554.1	CP046746.1	95.312	128	6	0	2128506	2128633	696991	696864	3.97e-49	204
CP043554.1	CP046746.1	95.312	128	6	0	1364769	1364896	848263	848136	3.97e-49	204
CP043554.1	CP046746.1	95.312	128	6	0	1213896	1214023	848263	848136	3.97e-49	204
CP043554.1	CP046746.1	95.312	128	6	0	2491765	2491892	848136	848263	3.97e-49	204
CP043554.1	CP046746.1	96.721	122	4	0	86029	86150	848263	848142	3.97e-49	204
CP043554.1	CP046746.1	95.276	127	6	0	2417662	2417788	20559	20685	1.43e-48	202
CP043554.1	CP046746.1	94.615	130	7	0	2417655	2417784	310658	310529	1.43e-48	202
CP043554.1	CP046746.1	94.615	130	7	0	1648416	1648545	327518	327389	1.43e-48	202
CP043554.1	CP046746.1	95.968	124	5	0	2201587	2201710	848136	848259	1.43e-48	202
CP043554.1	CP046746.1	94.615	130	6	1	1303425	1303554	682178	682050	5.14e-48	200
CP043554.1	CP046746.1	94.574	129	7	0	1364769	1364897	696864	696992	5.14e-48	200
CP043554.1	CP046746.1	96.667	120	4	0	2911718	2911837	696868	696987	5.14e-48	200
CP043554.1	CP046746.1	95.935	123	5	0	374799	374921	848258	848136	5.14e-48	200
CP043554.1	CP046746.1	95.238	126	5	1	1652963	1653088	682050	682174	1.85e-47	198
CP043554.1	CP046746.1	94.531	128	7	0	2491765	2491892	696991	696864	1.85e-47	198
CP043554.1	CP046746.1	94.531	128	7	0	2417661	2417788	696991	696864	1.85e-47	198
CP043554.1	CP046746.1	94.531	128	7	0	1213896	1214023	696864	696991	1.85e-47	198
CP043554.1	CP046746.1	95.902	122	5	0	86029	86150	696864	696985	1.85e-47	198
CP043554.1	CP046746.1	94.531	128	7	0	2076149	2076276	757694	757821	1.85e-47	198
CP043554.1	CP046746.1	93.893	131	8	0	1211172	1211302	848265	848135	1.85e-47	198
CP043554.1	CP046746.1	94.531	128	7	0	996592	996719	848263	848136	1.85e-47	198
CP043554.1	CP046746.1	94.531	128	7	0	532357	532484	848263	848136	1.85e-47	198
CP043554.1	CP046746.1	93.333	135	7	1	613852	613986	988875	989007	1.85e-47	198
CP043554.1	CP046746.1	94.488	127	7	0	1652962	1653088	20559	20685	6.65e-47	196
CP043554.1	CP046746.1	95.161	124	6	0	2076149	2076272	310652	310529	6.65e-47	196
CP043554.1	CP046746.1	93.233	133	9	0	532357	532489	327390	327522	6.65e-47	196
CP043554.1	CP046746.1	93.893	131	7	1	549721	549850	408901	409031	6.65e-47	196
CP043554.1	CP046746.1	95.161	124	6	0	2201587	2201710	696991	696868	6.65e-47	196
CP043554.1	CP046746.1	95.161	124	6	0	2201587	2201710	728095	728218	6.65e-47	196
CP043554.1	CP046746.1	93.846	130	7	1	1117811	1117939	183819	183948	2.39e-46	195
CP043554.1	CP046746.1	93.798	129	8	0	532357	532485	183821	183949	2.39e-46	195
CP043554.1	CP046746.1	94.444	126	7	0	549725	549850	310529	310654	2.39e-46	195
CP043554.1	CP046746.1	93.846	130	7	1	1652960	1653088	409030	408901	2.39e-46	195
CP043554.1	CP046746.1	94.488	127	6	1	150625	150751	682175	682050	2.39e-46	195
CP043554.1	CP046746.1	95.122	123	6	0	374799	374921	696869	696991	2.39e-46	195
CP043554.1	CP046746.1	93.798	129	8	0	549720	549848	757822	757694	2.39e-46	195
CP043554.1	CP046746.1	93.798	129	8	0	150626	150754	1011138	1011010	2.39e-46	195
CP043554.1	CP046746.1	93.750	128	8	0	2076149	2076276	183948	183821	8.60e-46	193
CP043554.1	CP046746.1	94.400	125	7	0	713368	713492	310529	310653	8.60e-46	193
CP043554.1	CP046746.1	93.846	130	5	3	759616	759744	682174	682047	8.60e-46	193
CP043554.1	CP046746.1	94.444	126	6	1	2128508	2128633	682050	682174	8.60e-46	193
CP043554.1	CP046746.1	93.750	128	8	0	532357	532484	696864	696991	8.60e-46	193
CP043554.1	CP046746.1	93.750	128	8	0	996592	996719	696864	696991	8.60e-46	193
CP043554.1	CP046746.1	93.130	131	9	0	1652961	1653091	757694	757824	8.60e-46	193
CP043554.1	CP046746.1	93.750	128	8	0	1648417	1648544	757694	757821	8.60e-46	193
CP043554.1	CP046746.1	93.750	128	8	0	713364	713491	757821	757694	8.60e-46	193
CP043554.1	CP046746.1	93.701	127	8	0	613859	613985	20685	20559	3.09e-45	191
CP043554.1	CP046746.1	91.971	137	10	1	1648417	1648552	310652	310516	3.09e-45	191
CP043554.1	CP046746.1	92.593	135	7	3	613863	613996	310529	310661	3.09e-45	191
CP043554.1	CP046746.1	92.593	135	6	4	759612	759743	408896	409029	3.09e-45	191
CP043554.1	CP046746.1	92.537	134	8	2	150626	150757	408901	409034	3.09e-45	191
CP043554.1	CP046746.1	93.130	131	8	1	2128504	2128633	409031	408901	3.09e-45	191
CP043554.1	CP046746.1	94.400	125	6	1	2911716	2911840	682172	682049	3.09e-45	191
CP043554.1	CP046746.1	93.077	130	9	0	532356	532485	757822	757693	3.09e-45	191
CP043554.1	CP046746.1	93.750	128	7	1	2076149	2076276	845736	845610	3.09e-45	191
CP043554.1	CP046746.1	94.355	124	7	0	2911716	2911839	1011136	1011013	3.09e-45	191
CP043554.1	CP046746.1	93.077	130	8	1	1404136	1404264	183818	183947	1.11e-44	189
CP043554.1	CP046746.1	94.444	126	1	4	1733627	1733750	383352	383231	1.11e-44	189
CP043554.1	CP046746.1	93.077	130	8	1	1652957	1653085	728090	728219	1.11e-44	189
CP043554.1	CP046746.1	93.023	129	9	0	880416	880544	848263	848135	1.11e-44	189
CP043554.1	CP046746.1	93.023	129	9	0	549721	549849	848263	848135	1.11e-44	189
CP043554.1	CP046746.1	93.023	129	8	1	2121976	2122103	20687	20559	4.00e-44	187
CP043554.1	CP046746.1	92.969	128	9	0	996591	996718	20686	20559	4.00e-44	187
CP043554.1	CP046746.1	92.969	128	9	0	1303429	1303556	79507	79634	4.00e-44	187
CP043554.1	CP046746.1	92.969	128	9	0	150626	150753	156091	156218	4.00e-44	187
CP043554.1	CP046746.1	92.969	128	9	0	613859	613986	183821	183948	4.00e-44	187
CP043554.1	CP046746.1	92.969	128	9	0	713364	713491	183821	183948	4.00e-44	187
CP043554.1	CP046746.1	92.969	128	9	0	1652961	1653088	183948	183821	4.00e-44	187
CP043554.1	CP046746.1	92.969	128	9	0	1648417	1648544	183948	183821	4.00e-44	187
CP043554.1	CP046746.1	92.969	128	9	0	549721	549848	327390	327517	4.00e-44	187
CP043554.1	CP046746.1	92.969	128	9	0	1652961	1653088	327517	327390	4.00e-44	187
CP043554.1	CP046746.1	93.023	129	8	1	2491765	2491892	409029	408901	4.00e-44	187
CP043554.1	CP046746.1	93.023	129	8	1	613859	613986	408901	409029	4.00e-44	187
CP043554.1	CP046746.1	93.023	129	8	1	996592	996719	408901	409029	4.00e-44	187
CP043554.1	CP046746.1	92.424	132	9	1	2201582	2201712	409034	408903	4.00e-44	187
CP043554.1	CP046746.1	94.309	123	6	1	2911716	2911837	408903	409025	4.00e-44	187
CP043554.1	CP046746.1	93.023	129	8	1	2076148	2076276	682047	682174	4.00e-44	187
CP043554.1	CP046746.1	93.651	126	7	1	1213896	1214021	682174	682050	4.00e-44	187
CP043554.1	CP046746.1	93.651	126	7	1	2491767	2491892	682050	682174	4.00e-44	187
CP043554.1	CP046746.1	92.969	128	9	0	1303429	1303556	757821	757694	4.00e-44	187
CP043554.1	CP046746.1	92.969	128	9	0	1392721	1392848	761582	761455	4.00e-44	187
CP043554.1	CP046746.1	92.969	128	9	0	613858	613985	761582	761455	4.00e-44	187
CP043554.1	CP046746.1	92.424	132	9	1	1213893	1214024	845607	845737	4.00e-44	187
CP043554.1	CP046746.1	93.023	129	8	1	2417661	2417789	845736	845609	4.00e-44	187
CP043554.1	CP046746.1	92.969	128	9	0	1284940	1285067	848136	848263	4.00e-44	187
CP043554.1	CP046746.1	92.969	128	9	0	613859	613986	848263	848136	4.00e-44	187
CP043554.1	CP046746.1	93.023	129	7	2	2417661	2417788	989007	988880	4.00e-44	187
CP043554.1	CP046746.1	93.023	129	7	2	2076149	2076276	989007	988880	4.00e-44	187
CP043554.1	CP046746.1	91.791	134	9	2	2911708	2911839	310517	310650	1.44e-43	185
CP043554.1	CP046746.1	92.366	131	9	1	2128504	2128633	310654	310524	1.44e-43	185
CP043554.1	CP046746.1	92.969	128	7	2	2201589	2201715	682050	682176	1.44e-43	185
CP043554.1	CP046746.1	92.969	128	8	1	2121978	2122104	696864	696991	1.44e-43	185
CP043554.1	CP046746.1	92.913	127	9	0	2076150	2076276	761455	761581	1.44e-43	185
CP043554.1	CP046746.1	92.969	128	8	1	1648417	1648544	845736	845610	1.44e-43	185
CP043554.1	CP046746.1	94.167	120	7	0	2911718	2911837	20681	20562	5.17e-43	183
CP043554.1	CP046746.1	92.248	129	10	0	150625	150753	183820	183948	5.17e-43	183
CP043554.1	CP046746.1	91.729	133	10	1	2201579	2201711	310659	310528	5.17e-43	183
CP043554.1	CP046746.1	92.248	129	10	0	613859	613987	327390	327518	5.17e-43	183
CP043554.1	CP046746.1	92.308	130	9	1	1656508	1656636	409029	408900	5.17e-43	183
CP043554.1	CP046746.1	92.308	130	8	2	2121978	2122105	408901	409030	5.17e-43	183
CP043554.1	CP046746.1	92.308	130	9	1	1648415	1648544	682046	682174	5.17e-43	183
CP043554.1	CP046746.1	92.913	127	8	1	996591	996717	682175	682050	5.17e-43	183
CP043554.1	CP046746.1	95.652	115	4	1	1364779	1364893	682164	682051	5.17e-43	183
CP043554.1	CP046746.1	92.248	129	10	0	613859	613987	696864	696992	5.17e-43	183
CP043554.1	CP046746.1	92.248	129	10	0	2931060	2931188	696864	696992	5.17e-43	183
CP043554.1	CP046746.1	94.167	120	7	0	2911718	2911837	728218	728099	5.17e-43	183
CP043554.1	CP046746.1	92.913	127	8	1	2121978	2122103	761581	761455	5.17e-43	183
CP043554.1	CP046746.1	91.176	136	10	2	2121978	2122111	848263	848128	5.17e-43	183
CP043554.1	CP046746.1	93.496	123	8	0	1404142	1404264	848259	848137	5.17e-43	183
CP043554.1	CP046746.1	92.308	130	8	2	759615	759743	1011139	1011011	5.17e-43	183
CP043554.1	CP046746.1	92.857	126	9	0	2201587	2201712	1011011	1011136	5.17e-43	183
CP043554.1	CP046746.1	92.188	128	10	0	2931059	2931186	20686	20559	1.86e-42	182
CP043554.1	CP046746.1	92.188	128	10	0	1652961	1653088	79634	79507	1.86e-42	182
CP043554.1	CP046746.1	89.116	147	15	1	1303411	1303556	183802	183948	1.86e-42	182
CP043554.1	CP046746.1	92.188	128	10	0	549721	549848	183821	183948	1.86e-42	182
CP043554.1	CP046746.1	92.800	125	9	0	1652960	1653084	310653	310529	1.86e-42	182
CP043554.1	CP046746.1	91.603	131	11	0	1656507	1656637	327518	327388	1.86e-42	182
CP043554.1	CP046746.1	90.580	138	11	2	759615	759751	327389	327525	1.86e-42	182
CP043554.1	CP046746.1	92.248	129	9	1	1213896	1214023	408901	409029	1.86e-42	182
CP043554.1	CP046746.1	92.857	126	8	1	713364	713489	682174	682050	1.86e-42	182
CP043554.1	CP046746.1	91.729	133	7	1	1287727	1287855	696994	696862	1.86e-42	182
CP043554.1	CP046746.1	91.667	132	10	1	1284937	1285067	696995	696864	1.86e-42	182
CP043554.1	CP046746.1	92.188	128	10	0	549721	549848	696864	696991	1.86e-42	182
CP043554.1	CP046746.1	92.188	128	10	0	880416	880543	696864	696991	1.86e-42	182
CP043554.1	CP046746.1	91.603	131	11	0	532356	532486	761582	761452	1.86e-42	182
CP043554.1	CP046746.1	92.188	128	10	0	549720	549847	761582	761455	1.86e-42	182
CP043554.1	CP046746.1	92.248	129	9	1	1303425	1303553	985478	985351	1.86e-42	182
CP043554.1	CP046746.1	92.248	129	8	2	713364	713491	988880	989007	1.86e-42	182
CP043554.1	CP046746.1	92.188	128	10	0	1652961	1653088	989007	988880	1.86e-42	182
CP043554.1	CP046746.1	92.248	129	8	2	1648417	1648544	989007	988880	1.86e-42	182
CP043554.1	CP046746.1	91.603	131	10	1	880416	880545	408901	409031	6.69e-42	180
CP043554.1	CP046746.1	92.857	126	6	3	222310	222433	408901	409025	6.69e-42	180
CP043554.1	CP046746.1	93.443	122	7	1	2931067	2931187	408908	409029	6.69e-42	180
CP043554.1	CP046746.1	93.443	122	7	1	86029	86150	682174	682054	6.69e-42	180
CP043554.1	CP046746.1	92.800	125	7	2	2128506	2128629	728095	728218	6.69e-42	180
CP043554.1	CP046746.1	92.742	124	9	0	222310	222433	757821	757698	6.69e-42	180
CP043554.1	CP046746.1	91.045	134	11	1	713358	713490	761588	761455	6.69e-42	180
CP043554.1	CP046746.1	92.248	129	6	1	1287730	1287854	848136	848264	6.69e-42	180
CP043554.1	CP046746.1	91.538	130	9	2	759616	759744	79507	79635	2.41e-41	178
CP043554.1	CP046746.1	91.473	129	11	0	1656507	1656635	79635	79507	2.41e-41	178
CP043554.1	CP046746.1	95.536	112	4	1	1303428	1303539	140338	140448	2.41e-41	178
CP043554.1	CP046746.1	96.296	108	4	0	2076166	2076273	140448	140341	2.41e-41	178
CP043554.1	CP046746.1	96.296	108	4	0	1652978	1653085	140448	140341	2.41e-41	178
CP043554.1	CP046746.1	93.333	120	8	0	2911718	2911837	183825	183944	2.41e-41	178
CP043554.1	CP046746.1	90.000	140	11	3	1284934	1285071	409036	408898	2.41e-41	178
CP043554.1	CP046746.1	92.683	123	9	0	1404142	1404264	696868	696990	2.41e-41	178
CP043554.1	CP046746.1	91.473	129	11	0	1303432	1303560	728219	728091	2.41e-41	178
CP043554.1	CP046746.1	91.473	129	11	0	2076145	2076273	728091	728219	2.41e-41	178
CP043554.1	CP046746.1	92.683	123	9	0	1404142	1404264	757817	757695	2.41e-41	178
CP043554.1	CP046746.1	91.538	130	10	1	532356	532485	845609	845737	2.41e-41	178
CP043554.1	CP046746.1	90.000	140	11	2	2931060	2931198	848263	848126	2.41e-41	178
CP043554.1	CP046746.1	92.683	123	9	0	1819269	1819391	848136	848258	2.41e-41	178
CP043554.1	CP046746.1	91.406	128	11	0	2128506	2128633	79634	79507	8.66e-41	176
CP043554.1	CP046746.1	91.406	128	11	0	1213896	1214023	79507	79634	8.66e-41	176
CP043554.1	CP046746.1	94.737	114	5	1	1648434	1648547	140448	140336	8.66e-41	176
CP043554.1	CP046746.1	95.455	110	5	0	86032	86141	140341	140450	8.66e-41	176
CP043554.1	CP046746.1	96.262	107	4	0	2911718	2911824	140342	140448	8.66e-41	176
CP043554.1	CP046746.1	90.370	135	12	1	2121971	2122104	327383	327517	8.66e-41	176
CP043554.1	CP046746.1	91.406	128	11	0	880416	880543	327390	327517	8.66e-41	176
CP043554.1	CP046746.1	91.406	128	11	0	996592	996719	327390	327517	8.66e-41	176
CP043554.1	CP046746.1	92.623	122	9	0	2931068	2931189	327398	327519	8.66e-41	176
CP043554.1	CP046746.1	91.473	129	10	1	374794	374921	408901	409029	8.66e-41	176
CP043554.1	CP046746.1	92.063	126	9	1	2417663	2417788	682050	682174	8.66e-41	176
CP043554.1	CP046746.1	91.406	128	11	0	1652962	1653089	761455	761582	8.66e-41	176
CP043554.1	CP046746.1	91.406	128	11	0	880160	880287	848263	848136	8.66e-41	176
CP043554.1	CP046746.1	91.473	129	9	2	759616	759743	988880	989007	8.66e-41	176
CP043554.1	CP046746.1	91.406	128	11	0	880416	880543	988880	989007	8.66e-41	176
CP043554.1	CP046746.1	90.226	133	13	0	1652957	1653089	156222	156090	3.11e-40	174
CP043554.1	CP046746.1	91.935	124	10	0	2201587	2201710	183948	183825	3.11e-40	174
CP043554.1	CP046746.1	91.935	124	10	0	532361	532484	310529	310652	3.11e-40	174
CP043554.1	CP046746.1	90.769	130	12	0	2911708	2911837	327384	327513	3.11e-40	174
CP043554.1	CP046746.1	91.406	128	10	1	1117813	1117939	696864	696991	3.11e-40	174
CP043554.1	CP046746.1	91.935	124	10	0	1819268	1819391	696992	696869	3.11e-40	174
CP043554.1	CP046746.1	91.935	124	10	0	150630	150753	728218	728095	3.11e-40	174
CP043554.1	CP046746.1	90.769	130	12	0	996592	996721	757821	757692	3.11e-40	174
CP043554.1	CP046746.1	89.855	138	11	3	996584	996720	845602	845737	3.11e-40	174
CP043554.1	CP046746.1	92.000	125	9	1	1652964	1653088	985351	985474	3.11e-40	174
CP043554.1	CP046746.1	92.000	125	9	1	1213896	1214020	985474	985351	3.11e-40	174
CP043554.1	CP046746.1	92.000	125	9	1	2128509	2128633	985351	985474	3.11e-40	174
CP043554.1	CP046746.1	94.643	112	5	1	713363	713474	140338	140448	1.12e-39	172
CP043554.1	CP046746.1	94.643	112	5	1	1656525	1656636	140448	140338	1.12e-39	172
CP043554.1	CP046746.1	95.370	108	5	0	2417678	2417785	140448	140341	1.12e-39	172
CP043554.1	CP046746.1	90.698	129	12	0	2128506	2128634	156218	156090	1.12e-39	172
CP043554.1	CP046746.1	91.270	126	11	0	1303433	1303558	310529	310654	1.12e-39	172
CP043554.1	CP046746.1	90.840	131	8	2	1287729	1287855	327518	327388	1.12e-39	172
CP043554.1	CP046746.1	90.698	129	12	0	880160	880288	696864	696992	1.12e-39	172
CP043554.1	CP046746.1	91.270	126	11	0	1656507	1656632	728094	728219	1.12e-39	172
CP043554.1	CP046746.1	90.152	132	13	0	1392721	1392852	757822	757691	1.12e-39	172
CP043554.1	CP046746.1	90.698	129	12	0	2128506	2128634	757694	757822	1.12e-39	172
CP043554.1	CP046746.1	91.870	123	10	0	86028	86150	757822	757700	1.12e-39	172
CP043554.1	CP046746.1	91.339	127	10	1	1117813	1117938	761581	761455	1.12e-39	172
CP043554.1	CP046746.1	91.870	123	10	0	801349	801471	848258	848136	1.12e-39	172
CP043554.1	CP046746.1	91.339	127	10	1	1656511	1656637	985351	985476	1.12e-39	172
CP043554.1	CP046746.1	89.630	135	13	1	880153	880286	20693	20559	4.03e-39	171
CP043554.1	CP046746.1	91.200	125	11	0	222309	222433	20686	20562	4.03e-39	171
CP043554.1	CP046746.1	92.437	119	9	0	2911716	2911834	79509	79627	4.03e-39	171
CP043554.1	CP046746.1	93.162	117	6	2	1284955	1285071	140450	140336	4.03e-39	171
CP043554.1	CP046746.1	95.327	107	5	0	222314	222420	140342	140448	4.03e-39	171
CP043554.1	CP046746.1	95.327	107	5	0	2491782	2491888	140448	140342	4.03e-39	171
CP043554.1	CP046746.1	90.076	131	13	0	1648417	1648547	156218	156088	4.03e-39	171
CP043554.1	CP046746.1	90.625	128	12	0	1303429	1303556	156091	156218	4.03e-39	171
CP043554.1	CP046746.1	90.076	131	13	0	222303	222433	183814	183944	4.03e-39	171
CP043554.1	CP046746.1	90.769	130	8	1	440292	440417	183820	183949	4.03e-39	171
CP043554.1	CP046746.1	90.625	128	12	0	2128506	2128633	183948	183821	4.03e-39	171
CP043554.1	CP046746.1	90.698	129	11	1	996592	996719	310524	310652	4.03e-39	171
CP043554.1	CP046746.1	90.625	128	12	0	150626	150753	327390	327517	4.03e-39	171
CP043554.1	CP046746.1	90.625	128	12	0	2128506	2128633	327517	327390	4.03e-39	171
CP043554.1	CP046746.1	89.209	139	12	3	1404126	1404263	682186	682050	4.03e-39	171
CP043554.1	CP046746.1	91.270	126	10	1	532357	532482	682174	682050	4.03e-39	171
CP043554.1	CP046746.1	92.500	120	8	1	1211180	1211299	682168	682050	4.03e-39	171
CP043554.1	CP046746.1	90.625	128	12	0	1392722	1392849	696864	696991	4.03e-39	171
CP043554.1	CP046746.1	91.270	126	9	2	759620	759744	728218	728094	4.03e-39	171
CP043554.1	CP046746.1	90.625	128	12	0	2201583	2201710	757690	757817	4.03e-39	171
CP043554.1	CP046746.1	90.152	132	12	1	2128506	2128637	845736	845606	4.03e-39	171
CP043554.1	CP046746.1	90.698	129	11	1	613858	613986	845609	845736	4.03e-39	171
CP043554.1	CP046746.1	90.698	129	11	1	1652961	1653089	845736	845609	4.03e-39	171
CP043554.1	CP046746.1	91.339	127	8	3	759615	759740	985475	985351	4.03e-39	171
CP043554.1	CP046746.1	90.698	129	11	1	2121978	2122105	1011138	1011010	4.03e-39	171
CP043554.1	CP046746.1	90.625	128	12	0	613859	613986	1011138	1011011	4.03e-39	171
CP043554.1	CP046746.1	89.630	135	10	1	1287731	1287861	20559	20693	1.45e-38	169
CP043554.1	CP046746.1	95.283	106	5	0	374799	374904	140343	140448	1.45e-38	169
CP043554.1	CP046746.1	90.000	130	13	0	996591	996720	183820	183949	1.45e-38	169
CP043554.1	CP046746.1	90.769	130	7	3	759614	759742	190701	190826	1.45e-38	169
CP043554.1	CP046746.1	91.129	124	11	0	2201587	2201710	191704	191581	1.45e-38	169
CP043554.1	CP046746.1	91.200	125	10	1	2121982	2122105	310529	310653	1.45e-38	169
CP043554.1	CP046746.1	91.736	121	10	0	2931067	2931187	310532	310652	1.45e-38	169
CP043554.1	CP046746.1	91.129	124	11	0	2201587	2201710	327517	327394	1.45e-38	169
CP043554.1	CP046746.1	90.769	130	7	2	1287730	1287854	409029	408900	1.45e-38	169
CP043554.1	CP046746.1	93.103	116	7	1	1364779	1364893	408911	409026	1.45e-38	169
CP043554.1	CP046746.1	91.129	124	11	0	1213900	1214023	728218	728095	1.45e-38	169
CP043554.1	CP046746.1	90.551	127	12	0	150626	150752	761581	761455	1.45e-38	169
CP043554.1	CP046746.1	90.625	128	11	1	1117813	1117939	848263	848136	1.45e-38	169
CP043554.1	CP046746.1	91.803	122	9	1	2911716	2911837	985472	985352	1.45e-38	169
CP043554.1	CP046746.1	90.000	130	13	0	996591	996720	988879	989008	1.45e-38	169
CP043554.1	CP046746.1	90.000	130	13	0	1284939	1285068	989008	988879	1.45e-38	169
CP043554.1	CP046746.1	91.736	121	10	0	2931067	2931187	1011131	1011011	1.45e-38	169
CP043554.1	CP046746.1	95.238	105	5	0	2201606	2201710	140446	140342	5.21e-38	167
CP043554.1	CP046746.1	89.394	132	14	0	2076149	2076280	156218	156087	5.21e-38	167
CP043554.1	CP046746.1	89.922	129	13	0	880159	880287	183820	183948	5.21e-38	167
CP043554.1	CP046746.1	88.971	136	14	1	1213896	1214031	183821	183955	5.21e-38	167
CP043554.1	CP046746.1	91.200	125	8	1	2201588	2201712	190826	190705	5.21e-38	167
CP043554.1	CP046746.1	90.076	131	10	3	759615	759743	310523	310652	5.21e-38	167
CP043554.1	CP046746.1	90.476	126	12	0	880420	880545	310529	310654	5.21e-38	167
CP043554.1	CP046746.1	89.922	129	13	0	1364769	1364897	327390	327518	5.21e-38	167
CP043554.1	CP046746.1	91.057	123	11	0	801349	801471	696869	696991	5.21e-38	167
CP043554.1	CP046746.1	91.129	124	10	1	2091128	2091250	848140	848263	5.21e-38	167
CP043554.1	CP046746.1	91.667	120	10	0	2911718	2911837	988884	989003	5.21e-38	167
CP043554.1	CP046746.1	89.922	129	13	0	2417660	2417788	1011010	1011138	5.21e-38	167
CP043554.1	CP046746.1	89.844	128	13	0	418241	418368	79507	79634	1.87e-37	165
CP043554.1	CP046746.1	91.597	119	10	0	1364779	1364897	79517	79635	1.87e-37	165
CP043554.1	CP046746.1	94.444	108	4	2	759620	759726	140342	140448	1.87e-37	165
CP043554.1	CP046746.1	94.393	107	6	0	2128523	2128629	140448	140342	1.87e-37	165
CP043554.1	CP046746.1	94.393	107	6	0	1213900	1214006	140342	140448	1.87e-37	165
CP043554.1	CP046746.1	96.040	101	4	0	1364779	1364879	140348	140448	1.87e-37	165
CP043554.1	CP046746.1	89.922	129	11	2	759616	759743	156091	156218	1.87e-37	165
CP043554.1	CP046746.1	91.667	120	9	1	1284944	1285063	310647	310529	1.87e-37	165
CP043554.1	CP046746.1	89.844	128	13	0	1213896	1214023	327390	327517	1.87e-37	165
CP043554.1	CP046746.1	91.057	123	10	1	86029	86150	408901	409023	1.87e-37	165
CP043554.1	CP046746.1	90.476	126	11	1	1211180	1211304	408907	409032	1.87e-37	165
CP043554.1	CP046746.1	89.922	129	12	1	613859	613987	682174	682047	1.87e-37	165
CP043554.1	CP046746.1	90.400	125	12	0	713367	713491	728219	728095	1.87e-37	165
CP043554.1	CP046746.1	89.844	128	13	0	1364769	1364896	757821	757694	1.87e-37	165
CP043554.1	CP046746.1	89.844	128	13	0	1392722	1392849	848263	848136	1.87e-37	165
CP043554.1	CP046746.1	89.313	131	14	0	713362	713492	1011140	1011010	1.87e-37	165
CP043554.1	CP046746.1	89.844	128	13	0	2076149	2076276	1011011	1011138	1.87e-37	165
CP043554.1	CP046746.1	90.400	125	12	0	1404140	1404264	1011136	1011012	1.87e-37	165
CP043554.1	CP046746.1	91.525	118	10	0	2022929	2023046	20559	20676	6.74e-37	163
CP043554.1	CP046746.1	89.844	128	11	2	2076149	2076276	94735	94860	6.74e-37	163
CP043554.1	CP046746.1	89.764	127	13	0	2911711	2911837	191574	191700	6.74e-37	163
CP043554.1	CP046746.1	90.323	124	12	0	1364779	1364902	728212	728089	6.74e-37	163
CP043554.1	CP046746.1	90.323	124	12	0	996596	996719	728218	728095	6.74e-37	163
CP043554.1	CP046746.1	90.323	124	12	0	2491765	2491888	728095	728218	6.74e-37	163
CP043554.1	CP046746.1	89.764	127	13	0	1303429	1303555	761581	761455	6.74e-37	163
CP043554.1	CP046746.1	89.844	128	11	2	996592	996718	761581	761455	6.74e-37	163
CP043554.1	CP046746.1	89.844	128	12	1	150626	150753	845610	845736	6.74e-37	163
CP043554.1	CP046746.1	89.922	129	10	3	759616	759743	845610	845736	6.74e-37	163
CP043554.1	CP046746.1	90.984	122	10	1	2911716	2911837	845612	845732	6.74e-37	163
CP043554.1	CP046746.1	89.844	128	12	1	2201584	2201710	989011	988884	6.74e-37	163
CP043554.1	CP046746.1	89.922	129	8	3	440293	440416	310524	310652	2.42e-36	161
CP043554.1	CP046746.1	90.244	123	12	0	374799	374921	327395	327517	2.42e-36	161
CP043554.1	CP046746.1	89.922	129	8	3	440293	440416	408901	409029	2.42e-36	161
CP043554.1	CP046746.1	89.844	128	9	1	440293	440416	696864	696991	2.42e-36	161
CP043554.1	CP046746.1	89.147	129	14	0	880416	880544	1011138	1011010	2.42e-36	161
CP043554.1	CP046746.1	89.147	129	14	0	1648417	1648545	1011011	1011139	2.42e-36	161
CP043554.1	CP046746.1	90.244	123	12	0	374794	374916	1011138	1011016	2.42e-36	161
CP043554.1	CP046746.1	93.458	107	7	0	880419	880525	140341	140447	8.72e-36	159
CP043554.1	CP046746.1	93.458	107	7	0	613863	613969	140342	140448	8.72e-36	159
CP043554.1	CP046746.1	89.062	128	14	0	1656508	1656635	156218	156091	8.72e-36	159
CP043554.1	CP046746.1	89.600	125	13	0	1404140	1404264	156093	156217	8.72e-36	159
CP043554.1	CP046746.1	89.062	128	14	0	418241	418368	183821	183948	8.72e-36	159
CP043554.1	CP046746.1	89.764	127	10	1	1213896	1214022	190703	190826	8.72e-36	159
CP043554.1	CP046746.1	89.147	129	13	1	2491765	2491892	310652	310524	8.72e-36	159
CP043554.1	CP046746.1	89.147	129	13	1	1213896	1214023	310524	310652	8.72e-36	159
CP043554.1	CP046746.1	90.164	122	12	0	86029	86150	327390	327511	8.72e-36	159
CP043554.1	CP046746.1	89.600	125	13	0	532360	532484	728219	728095	8.72e-36	159
CP043554.1	CP046746.1	89.062	128	14	0	2128507	2128634	761455	761582	8.72e-36	159
CP043554.1	CP046746.1	89.231	130	10	1	440292	440417	988879	989008	8.72e-36	159
CP043554.1	CP046746.1	89.062	128	12	2	1648417	1648544	94735	94860	3.14e-35	158
CP043554.1	CP046746.1	89.062	128	12	2	713364	713491	94860	94735	3.14e-35	158
CP043554.1	CP046746.1	90.678	118	11	0	374799	374916	310530	310647	3.14e-35	158
CP043554.1	CP046746.1	90.164	122	10	2	1364779	1364900	310535	310654	3.14e-35	158
CP043554.1	CP046746.1	89.516	124	13	0	222310	222433	327390	327513	3.14e-35	158
CP043554.1	CP046746.1	89.062	128	13	1	1656508	1656635	845736	845610	3.14e-35	158
CP043554.1	CP046746.1	88.462	130	15	0	1213896	1214025	988880	989009	3.14e-35	158
CP043554.1	CP046746.1	87.050	139	16	2	1364755	1364893	183809	183945	1.13e-34	156
CP043554.1	CP046746.1	87.500	136	15	2	613855	613989	191574	191708	1.13e-34	156
CP043554.1	CP046746.1	87.970	133	15	1	2076146	2076277	191708	191576	1.13e-34	156
CP043554.1	CP046746.1	89.600	125	9	4	2091128	2091250	682052	682174	1.13e-34	156
CP043554.1	CP046746.1	89.431	123	13	0	2201588	2201710	761455	761577	1.13e-34	156
CP043554.1	CP046746.1	90.164	122	8	1	440299	440416	848257	848136	1.13e-34	156
CP043554.1	CP046746.1	89.062	128	10	2	1287730	1287853	989007	988880	1.13e-34	156
CP043554.1	CP046746.1	88.372	129	13	2	1284939	1285067	94734	94860	4.06e-34	154
CP043554.1	CP046746.1	88.372	129	13	2	880415	880543	94861	94735	4.06e-34	154
CP043554.1	CP046746.1	88.372	129	13	2	2417661	2417789	94735	94861	4.06e-34	154
CP043554.1	CP046746.1	89.344	122	13	0	86029	86150	183821	183942	4.06e-34	154
CP043554.1	CP046746.1	88.976	127	11	1	2076150	2076276	190826	190703	4.06e-34	154
CP043554.1	CP046746.1	88.281	128	15	0	2417661	2417788	191704	191577	4.06e-34	154
CP043554.1	CP046746.1	88.372	129	13	2	1648417	1648544	191704	191577	4.06e-34	154
CP043554.1	CP046746.1	87.143	140	12	4	2513708	2513841	443265	443126	4.06e-34	154
CP043554.1	CP046746.1	89.916	119	12	0	86032	86150	728219	728101	4.06e-34	154
CP043554.1	CP046746.1	87.786	131	16	0	374792	374922	988878	989008	4.06e-34	154
CP043554.1	CP046746.1	89.344	122	13	0	86029	86150	988880	989001	4.06e-34	154
CP043554.1	CP046746.1	89.344	122	13	0	86029	86150	1011138	1011017	4.06e-34	154
CP043554.1	CP046746.1	92.453	106	8	0	1819286	1819391	140448	140343	1.46e-33	152
CP043554.1	CP046746.1	87.879	132	12	2	1648418	1648549	190826	190699	1.46e-33	152
CP043554.1	CP046746.1	88.710	124	14	0	1392726	1392849	310529	310652	1.46e-33	152
CP043554.1	CP046746.1	89.831	118	12	0	86033	86150	310529	310646	1.46e-33	152
CP043554.1	CP046746.1	97.727	88	2	0	2931100	2931187	443184	443271	1.46e-33	152
CP043554.1	CP046746.1	88.189	127	15	0	549725	549851	728218	728092	1.46e-33	152
CP043554.1	CP046746.1	88.800	125	11	1	86026	86150	190700	190821	5.25e-33	150
CP043554.1	CP046746.1	88.281	128	12	1	713363	713490	190702	190826	5.25e-33	150
CP043554.1	CP046746.1	87.597	129	16	0	1211173	1211301	327389	327517	5.25e-33	150
CP043554.1	CP046746.1	88.372	129	10	4	1287729	1287853	682047	682174	5.25e-33	150
CP043554.1	CP046746.1	89.256	121	12	1	801349	801469	682169	682050	5.25e-33	150
CP043554.1	CP046746.1	88.710	124	12	2	86028	86150	761582	761460	5.25e-33	150
CP043554.1	CP046746.1	96.667	90	2	1	713356	713445	111606	111694	1.89e-32	148
CP043554.1	CP046746.1	91.667	108	8	1	2121981	2122087	140341	140448	1.89e-32	148
CP043554.1	CP046746.1	92.308	104	8	0	2931067	2931170	140345	140448	1.89e-32	148
CP043554.1	CP046746.1	86.667	135	17	1	374790	374923	191572	191706	1.89e-32	148
CP043554.1	CP046746.1	87.218	133	13	4	2121975	2122104	191573	191704	1.89e-32	148
CP043554.1	CP046746.1	87.500	128	16	0	713364	713491	191577	191704	1.89e-32	148
CP043554.1	CP046746.1	88.525	122	14	0	1211180	1211301	728216	728095	1.89e-32	148
CP043554.1	CP046746.1	88.095	126	13	2	1364769	1364893	761581	761457	1.89e-32	148
CP043554.1	CP046746.1	88.281	128	10	3	1287730	1287853	845736	845610	1.89e-32	148
CP043554.1	CP046746.1	89.565	115	12	0	1364779	1364893	156101	156215	6.79e-32	147
CP043554.1	CP046746.1	87.121	132	13	2	2417658	2417788	190831	190703	6.79e-32	147
CP043554.1	CP046746.1	87.023	131	16	1	1117810	1117939	191574	191704	6.79e-32	147
CP043554.1	CP046746.1	87.402	127	16	0	880160	880286	761581	761455	6.79e-32	147
CP043554.1	CP046746.1	86.667	135	15	3	1983818	1983950	848131	848264	6.79e-32	147
CP043554.1	CP046746.1	86.232	138	14	4	1819268	1819403	79635	79501	2.44e-31	145
CP043554.1	CP046746.1	97.619	84	2	0	2395678	2395761	183904	183821	2.44e-31	145
CP043554.1	CP046746.1	97.619	84	2	0	532357	532440	220820	220903	2.44e-31	145
CP043554.1	CP046746.1	96.591	88	2	1	2122018	2122104	443184	443271	2.44e-31	145
CP043554.1	CP046746.1	96.552	87	3	0	1117853	1117939	443185	443271	2.44e-31	145
CP043554.1	CP046746.1	93.814	97	5	1	713350	713445	597372	597276	2.44e-31	145
CP043554.1	CP046746.1	89.565	115	11	1	1364779	1364893	845620	845733	2.44e-31	145
CP043554.1	CP046746.1	87.023	131	13	1	440293	440419	1011138	1011008	2.44e-31	145
CP043554.1	CP046746.1	87.903	124	14	1	1284944	1285067	1011016	1011138	2.44e-31	145
CP043554.1	CP046746.1	96.512	86	3	0	1653006	1653091	111695	111610	8.78e-31	143
CP043554.1	CP046746.1	86.029	136	15	3	1983824	1983955	183948	183813	8.78e-31	143
CP043554.1	CP046746.1	87.402	127	13	1	374794	374920	190703	190826	8.78e-31	143
CP043554.1	CP046746.1	88.793	116	13	0	1397945	1398060	310537	310652	8.78e-31	143
CP043554.1	CP046746.1	98.750	80	1	0	1733859	1733938	378226	378147	8.78e-31	143
CP043554.1	CP046746.1	87.313	134	6	6	2513708	2513841	409023	408901	8.78e-31	143
CP043554.1	CP046746.1	88.000	125	10	2	440292	440412	682175	682052	8.78e-31	143
CP043554.1	CP046746.1	88.430	121	10	2	440299	440415	761575	761455	8.78e-31	143
CP043554.1	CP046746.1	87.313	134	5	5	2513708	2513841	989001	988880	8.78e-31	143
CP043554.1	CP046746.1	97.561	82	2	0	2076195	2076276	111694	111613	3.16e-30	141
CP043554.1	CP046746.1	97.561	82	2	0	2395680	2395761	761500	761581	3.16e-30	141
CP043554.1	CP046746.1	89.381	113	10	2	2329148	2329258	989008	988896	3.16e-30	141
CP043554.1	CP046746.1	96.429	84	3	0	1284984	1285067	111696	111613	1.14e-29	139
CP043554.1	CP046746.1	87.705	122	11	2	2931065	2931186	190709	190826	1.14e-29	139
CP043554.1	CP046746.1	96.429	84	3	0	2076195	2076278	220901	220818	1.14e-29	139
CP043554.1	CP046746.1	100.000	75	0	0	2664326	2664400	601485	601411	1.14e-29	139
CP043554.1	CP046746.1	96.429	84	3	0	2395679	2395762	696946	696863	1.14e-29	139
CP043554.1	CP046746.1	87.705	122	11	1	440299	440416	728216	728095	1.14e-29	139
CP043554.1	CP046746.1	89.815	108	11	0	2522738	2522845	757694	757801	1.14e-29	139
CP043554.1	CP046746.1	96.429	84	3	0	2395679	2395762	848181	848264	1.14e-29	139
CP043554.1	CP046746.1	96.429	84	3	0	2395678	2395761	988963	988880	1.14e-29	139
CP043554.1	CP046746.1	96.386	83	3	0	1648463	1648545	111694	111612	4.09e-29	137
CP043554.1	CP046746.1	86.567	134	6	2	2513708	2513841	183942	183821	4.09e-29	137
CP043554.1	CP046746.1	86.614	127	13	2	2121978	2122103	190703	190826	4.09e-29	137
CP043554.1	CP046746.1	86.992	123	14	2	86029	86150	191577	191698	4.09e-29	137
CP043554.1	CP046746.1	86.567	134	6	7	2513708	2513841	696985	696864	4.09e-29	137
CP043554.1	CP046746.1	92.632	95	7	0	1654809	1654903	728219	728125	4.09e-29	137
CP043554.1	CP046746.1	96.341	82	3	0	2417707	2417788	111694	111613	1.47e-28	135
CP043554.1	CP046746.1	97.468	79	2	0	2911718	2911796	111617	111695	1.47e-28	135
CP043554.1	CP046746.1	86.290	124	17	0	801349	801472	156096	156219	1.47e-28	135
CP043554.1	CP046746.1	96.341	82	3	0	713364	713445	220820	220901	1.47e-28	135
CP043554.1	CP046746.1	85.938	128	17	1	763366	763492	327390	327517	1.47e-28	135
CP043554.1	CP046746.1	87.500	120	11	2	440301	440416	327398	327517	1.47e-28	135
CP043554.1	CP046746.1	95.349	86	3	1	2329148	2329232	443272	443187	1.47e-28	135
CP043554.1	CP046746.1	96.341	82	3	0	2076195	2076276	597276	597357	1.47e-28	135
CP043554.1	CP046746.1	85.714	133	14	3	440290	440417	757825	757693	1.47e-28	135
CP043554.1	CP046746.1	86.885	122	15	1	1211180	1211301	845616	845736	1.47e-28	135
CP043554.1	CP046746.1	85.612	139	8	7	2513708	2513846	848142	848268	1.47e-28	135
CP043554.1	CP046746.1	95.238	84	4	0	1929063	1929146	20685	20602	5.29e-28	134
CP043554.1	CP046746.1	96.341	82	2	1	86029	86110	111613	111693	5.29e-28	134
CP043554.1	CP046746.1	85.271	129	19	0	1284939	1285067	191705	191577	5.29e-28	134
CP043554.1	CP046746.1	84.962	133	18	2	1983820	1983950	327521	327389	5.29e-28	134
CP043554.1	CP046746.1	88.393	112	11	2	2329149	2329258	327517	327406	5.29e-28	134
CP043554.1	CP046746.1	85.606	132	14	4	1983823	1983950	409030	408900	5.29e-28	134
CP043554.1	CP046746.1	94.253	87	5	0	613900	613986	443185	443271	5.29e-28	134
CP043554.1	CP046746.1	95.238	84	4	0	880160	880243	597357	597274	5.29e-28	134
CP043554.1	CP046746.1	96.296	81	3	0	2201632	2201712	597275	597355	5.29e-28	134
CP043554.1	CP046746.1	85.156	128	19	0	880416	880543	191577	191704	1.90e-27	132
CP043554.1	CP046746.1	95.181	83	4	0	996592	996674	220820	220902	1.90e-27	132
CP043554.1	CP046746.1	93.333	90	4	2	2395680	2395768	310606	310518	1.90e-27	132
CP043554.1	CP046746.1	95.238	84	3	1	1929062	1929144	310523	310606	1.90e-27	132
CP043554.1	CP046746.1	97.403	77	2	0	1733859	1733935	383445	383369	1.90e-27	132
CP043554.1	CP046746.1	95.181	83	4	0	1648463	1648545	597276	597358	1.90e-27	132
CP043554.1	CP046746.1	94.186	86	5	0	1929060	1929145	696861	696946	1.90e-27	132
CP043554.1	CP046746.1	96.203	79	3	0	2201632	2201710	111695	111617	6.84e-27	130
CP043554.1	CP046746.1	89.524	105	7	3	440299	440399	140344	140448	6.84e-27	130
CP043554.1	CP046746.1	85.000	140	8	3	557789	557928	183822	183948	6.84e-27	130
CP043554.1	CP046746.1	94.186	86	4	1	2395678	2395762	408985	408900	6.84e-27	130
CP043554.1	CP046746.1	94.118	85	5	0	1303427	1303511	597359	597275	6.84e-27	130
CP043554.1	CP046746.1	95.122	82	4	0	549721	549802	597357	597276	6.84e-27	130
CP043554.1	CP046746.1	95.122	82	4	0	2417707	2417788	597276	597357	6.84e-27	130
CP043554.1	CP046746.1	84.733	131	18	2	419296	419425	846562	846433	6.84e-27	130
CP043554.1	CP046746.1	94.186	86	4	1	1929060	1929145	985477	985393	6.84e-27	130
CP043554.1	CP046746.1	83.942	137	18	2	1287720	1287853	94725	94860	2.46e-26	128
CP043554.1	CP046746.1	85.484	124	16	2	86027	86150	94862	94741	2.46e-26	128
CP043554.1	CP046746.1	93.103	87	6	0	2121975	2122061	111610	111696	2.46e-26	128
CP043554.1	CP046746.1	94.048	84	5	0	222310	222393	111613	111696	2.46e-26	128
CP043554.1	CP046746.1	94.048	84	5	0	880160	880243	111613	111696	2.46e-26	128
CP043554.1	CP046746.1	87.963	108	13	0	2522738	2522845	183948	183841	2.46e-26	128
CP043554.1	CP046746.1	86.290	124	10	4	440293	440412	190703	190823	2.46e-26	128
CP043554.1	CP046746.1	87.611	113	11	2	2522732	2522842	845744	845633	2.46e-26	128
CP043554.1	CP046746.1	94.048	84	5	0	1929062	1929145	848264	848181	2.46e-26	128
CP043554.1	CP046746.1	93.103	87	6	0	2074371	2074457	988963	988877	2.46e-26	128
CP043554.1	CP046746.1	94.048	84	5	0	2395679	2395762	1011056	1011139	2.46e-26	128
CP043554.1	CP046746.1	86.842	114	13	2	2329147	2329258	20556	20669	8.85e-26	126
CP043554.1	CP046746.1	93.976	83	5	0	2128551	2128633	111695	111613	8.85e-26	126
CP043554.1	CP046746.1	94.048	84	4	1	2395679	2395762	140420	140338	8.85e-26	126
CP043554.1	CP046746.1	85.039	127	16	2	551333	551457	183819	183944	8.85e-26	126
CP043554.1	CP046746.1	93.976	83	5	0	2491810	2491892	220902	220820	8.85e-26	126
CP043554.1	CP046746.1	93.976	83	5	0	1653006	1653088	220902	220820	8.85e-26	126
CP043554.1	CP046746.1	93.976	83	5	0	1303429	1303511	220820	220902	8.85e-26	126
CP043554.1	CP046746.1	93.976	83	5	0	1653006	1653088	597275	597357	8.85e-26	126
CP043554.1	CP046746.1	93.976	83	5	0	996592	996674	597357	597275	8.85e-26	126
CP043554.1	CP046746.1	93.976	83	5	0	2491810	2491892	597275	597357	8.85e-26	126
CP043554.1	CP046746.1	92.045	88	7	0	1287772	1287859	111694	111607	3.18e-25	124
CP043554.1	CP046746.1	93.902	82	5	0	613859	613940	111613	111694	3.18e-25	124
CP043554.1	CP046746.1	84.496	129	16	3	440293	440417	191577	191705	3.18e-25	124
CP043554.1	CP046746.1	93.902	82	5	0	549721	549802	220820	220901	3.18e-25	124
CP043554.1	CP046746.1	93.023	86	5	1	1929062	1929146	408900	408985	3.18e-25	124
CP043554.1	CP046746.1	84.559	136	9	4	557793	557928	408906	409029	3.18e-25	124
CP043554.1	CP046746.1	92.045	88	7	0	1392763	1392850	443185	443272	3.18e-25	124
CP043554.1	CP046746.1	92.941	85	6	0	2417661	2417745	443271	443187	3.18e-25	124
CP043554.1	CP046746.1	84.286	140	9	7	557789	557928	757820	757694	3.18e-25	124
CP043554.1	CP046746.1	89.000	100	11	0	1397960	1398059	761554	761455	3.18e-25	124
CP043554.1	CP046746.1	84.375	128	17	3	2121978	2122104	94860	94735	1.14e-24	122
CP043554.1	CP046746.1	91.954	87	7	0	374790	374876	111609	111695	1.14e-24	122
CP043554.1	CP046746.1	92.941	85	4	2	759615	759698	111612	111695	1.14e-24	122
CP043554.1	CP046746.1	92.857	84	6	0	880416	880499	111613	111696	1.14e-24	122
CP043554.1	CP046746.1	91.954	87	7	0	2074371	2074457	183904	183818	1.14e-24	122
CP043554.1	CP046746.1	92.857	84	6	0	2395679	2395762	190785	190702	1.14e-24	122
CP043554.1	CP046746.1	91.209	91	7	1	613850	613940	220812	220901	1.14e-24	122
CP043554.1	CP046746.1	93.902	82	4	1	86029	86110	220820	220900	1.14e-24	122
CP043554.1	CP046746.1	91.954	87	7	0	1652961	1653047	443271	443185	1.14e-24	122
CP043554.1	CP046746.1	92.857	84	6	0	532357	532440	597357	597274	1.14e-24	122
CP043554.1	CP046746.1	92.941	85	4	2	759615	759698	597358	597275	1.14e-24	122
CP043554.1	CP046746.1	93.902	82	4	1	86029	86110	597357	597277	1.14e-24	122
CP043554.1	CP046746.1	92.857	84	6	0	2395678	2395761	757738	757821	1.14e-24	122
CP043554.1	CP046746.1	92.771	83	6	0	2491810	2491892	111695	111613	4.12e-24	121
CP043554.1	CP046746.1	92.771	83	6	0	1213896	1213978	111613	111695	4.12e-24	121
CP043554.1	CP046746.1	92.771	83	6	0	1213896	1213978	597357	597275	4.12e-24	121
CP043554.1	CP046746.1	92.771	83	6	0	2128551	2128633	597275	597357	4.12e-24	121
CP043554.1	CP046746.1	92.771	83	6	0	374794	374876	597357	597275	4.12e-24	121
CP043554.1	CP046746.1	91.860	86	6	1	440293	440378	111613	111697	1.48e-23	119
CP043554.1	CP046746.1	93.671	79	5	0	1929067	1929145	140342	140420	1.48e-23	119
CP043554.1	CP046746.1	80.337	178	18	11	2513708	2513880	310646	310481	1.48e-23	119
CP043554.1	CP046746.1	90.110	91	9	0	2395678	2395768	327473	327383	1.48e-23	119
CP043554.1	CP046746.1	90.909	88	8	0	996633	996720	443185	443272	1.48e-23	119
CP043554.1	CP046746.1	93.671	79	5	0	1819313	1819391	597274	597352	1.48e-23	119
CP043554.1	CP046746.1	83.333	132	18	4	1983824	1983953	845736	845607	1.48e-23	119
CP043554.1	CP046746.1	91.765	85	7	0	1929061	1929145	1011140	1011056	1.48e-23	119
CP043554.1	CP046746.1	91.667	84	7	0	2931060	2931143	111613	111696	5.32e-23	117
CP043554.1	CP046746.1	91.765	85	5	2	1929062	1929145	190702	190785	5.32e-23	117
CP043554.1	CP046746.1	83.099	142	11	3	557789	557930	327391	327519	5.32e-23	117
CP043554.1	CP046746.1	90.909	88	7	1	759657	759743	443184	443271	5.32e-23	117
CP043554.1	CP046746.1	90.805	87	8	0	880457	880543	443185	443271	5.32e-23	117
CP043554.1	CP046746.1	90.909	88	7	1	1117809	1117895	597361	597274	5.32e-23	117
CP043554.1	CP046746.1	84.000	125	17	3	1284943	1285067	927585	927706	5.32e-23	117
CP043554.1	CP046746.1	91.667	84	6	1	1117813	1117895	220820	220903	1.91e-22	115
CP043554.1	CP046746.1	83.582	134	10	7	2513708	2513841	327511	327390	1.91e-22	115
CP043554.1	CP046746.1	91.566	83	7	0	2911755	2911837	443185	443267	1.91e-22	115
CP043554.1	CP046746.1	92.500	80	6	0	2395679	2395758	728140	728219	1.91e-22	115
CP043554.1	CP046746.1	93.506	77	5	0	2074373	2074449	761500	761576	1.91e-22	115
CP043554.1	CP046746.1	83.582	134	10	6	2513708	2513841	1011017	1011138	1.91e-22	115
CP043554.1	CP046746.1	85.593	118	5	7	2513720	2513837	140447	140342	6.89e-22	113
CP043554.1	CP046746.1	92.405	79	6	0	2201632	2201710	220902	220824	6.89e-22	113
CP043554.1	CP046746.1	90.000	90	5	1	440334	440419	443185	443274	6.89e-22	113
CP043554.1	CP046746.1	90.805	87	5	3	440293	440378	597357	597273	6.89e-22	113
CP043554.1	CP046746.1	91.566	83	5	2	613859	613940	597357	597276	6.89e-22	113
CP043554.1	CP046746.1	83.333	126	18	3	1983826	1983949	682050	682174	6.89e-22	113
CP043554.1	CP046746.1	91.566	83	6	1	2395679	2395761	682093	682174	6.89e-22	113
CP043554.1	CP046746.1	90.588	85	8	0	2370458	2370542	757738	757822	6.89e-22	113
CP043554.1	CP046746.1	90.476	84	8	0	2370458	2370541	183904	183821	2.48e-21	111
CP043554.1	CP046746.1	90.476	84	8	0	880160	880243	220820	220903	2.48e-21	111
CP043554.1	CP046746.1	90.476	84	8	0	2121978	2122061	597357	597274	2.48e-21	111
CP043554.1	CP046746.1	90.476	84	8	0	1392722	1392805	597357	597274	2.48e-21	111
CP043554.1	CP046746.1	95.652	69	3	0	1364781	1364849	597345	597277	2.48e-21	111
CP043554.1	CP046746.1	82.963	135	11	3	2513708	2513842	761460	761582	2.48e-21	111
CP043554.1	CP046746.1	93.243	74	5	0	2022973	2023046	111695	111622	8.91e-21	110
CP043554.1	CP046746.1	81.295	139	23	2	669530	669668	183815	183950	8.91e-21	110
CP043554.1	CP046746.1	90.361	83	8	0	2128551	2128633	220902	220820	8.91e-21	110
CP043554.1	CP046746.1	89.535	86	9	0	1929061	1929146	327388	327473	8.91e-21	110
CP043554.1	CP046746.1	82.946	129	15	6	724881	725007	366775	366652	8.91e-21	110
CP043554.1	CP046746.1	82.192	146	8	5	2076149	2076276	443271	443126	8.91e-21	110
CP043554.1	CP046746.1	96.970	66	1	1	1117746	1117811	820275	820339	8.91e-21	110
CP043554.1	CP046746.1	95.522	67	3	0	651773	651839	111613	111679	3.20e-20	108
CP043554.1	CP046746.1	90.244	82	8	0	1364768	1364849	220819	220900	3.20e-20	108
CP043554.1	CP046746.1	89.535	86	8	1	440293	440378	220820	220904	3.20e-20	108
CP043554.1	CP046746.1	81.757	148	9	5	2201587	2201716	443271	443124	3.20e-20	108
CP043554.1	CP046746.1	95.522	67	3	0	651773	651839	696864	696930	3.20e-20	108
CP043554.1	CP046746.1	95.522	67	3	0	651773	651839	848263	848197	3.20e-20	108
CP043554.1	CP046746.1	82.836	134	10	8	2513708	2513841	985354	985474	3.20e-20	108
CP043554.1	CP046746.1	89.286	84	9	0	1284939	1285022	443272	443189	1.15e-19	106
CP043554.1	CP046746.1	88.506	87	10	0	1929060	1929146	988877	988963	1.15e-19	106
CP043554.1	CP046746.1	89.157	83	9	0	2395679	2395761	191659	191577	4.14e-19	104
CP043554.1	CP046746.1	81.507	146	9	5	713364	713491	443126	443271	4.14e-19	104
CP043554.1	CP046746.1	81.507	146	9	5	1648417	1648544	443271	443126	4.14e-19	104
CP043554.1	CP046746.1	90.909	77	7	0	2931067	2931143	597350	597274	4.14e-19	104
CP043554.1	CP046746.1	91.781	73	6	0	2513769	2513841	111685	111613	1.49e-18	102
CP043554.1	CP046746.1	91.781	73	6	0	2513769	2513841	190775	190703	1.49e-18	102
CP043554.1	CP046746.1	94.030	67	4	0	651773	651839	327390	327456	1.49e-18	102
CP043554.1	CP046746.1	80.645	155	11	7	1213896	1214032	443126	443279	1.49e-18	102
CP043554.1	CP046746.1	88.506	87	6	2	1287730	1287812	443271	443185	1.49e-18	102
CP043554.1	CP046746.1	95.238	63	3	0	651777	651839	310529	310591	5.36e-18	100
CP043554.1	CP046746.1	87.952	83	10	0	1929063	1929145	191577	191659	1.93e-17	99.0
CP043554.1	CP046746.1	95.161	62	3	0	2074397	2074458	443183	443122	1.93e-17	99.0
CP043554.1	CP046746.1	84.158	101	16	0	2497328	2497428	719604	719504	1.93e-17	99.0
CP043554.1	CP046746.1	95.161	62	3	0	651773	651834	988880	988941	1.93e-17	99.0
CP043554.1	CP046746.1	93.750	64	4	0	651776	651839	140341	140404	6.94e-17	97.1
CP043554.1	CP046746.1	95.161	62	2	1	651777	651838	190708	190768	6.94e-17	97.1
CP043554.1	CP046746.1	90.541	74	5	1	651766	651839	408896	408967	6.94e-17	97.1
CP043554.1	CP046746.1	96.552	58	2	0	86029	86086	443126	443183	6.94e-17	97.1
CP043554.1	CP046746.1	96.552	58	2	0	2395704	2395761	443183	443126	6.94e-17	97.1
CP043554.1	CP046746.1	96.552	58	2	0	1929063	1929120	443126	443183	6.94e-17	97.1
CP043554.1	CP046746.1	82.645	121	10	6	1713268	1713377	848138	848258	6.94e-17	97.1
CP043554.1	CP046746.1	87.059	85	9	2	2490652	2490735	190785	190702	2.49e-16	95.3
CP043554.1	CP046746.1	100.000	51	0	0	2931067	2931117	443133	443183	2.49e-16	95.3
CP043554.1	CP046746.1	94.915	59	3	0	374793	374851	443125	443183	8.97e-16	93.5
CP043554.1	CP046746.1	81.250	128	12	7	1713268	1713383	696989	696862	8.97e-16	93.5
CP043554.1	CP046746.1	85.882	85	11	1	2395677	2395761	94777	94860	1.16e-14	89.8
CP043554.1	CP046746.1	81.356	118	14	4	1713268	1713377	190825	190708	1.16e-14	89.8
CP043554.1	CP046746.1	98.000	50	1	0	2121977	2122026	443125	443174	4.17e-14	87.9
CP043554.1	CP046746.1	90.769	65	6	0	651773	651837	1011138	1011074	4.17e-14	87.9
CP043554.1	CP046746.1	87.671	73	9	0	2513769	2513841	191649	191577	1.50e-13	86.1
CP043554.1	CP046746.1	93.103	58	4	0	651773	651830	443126	443183	1.50e-13	86.1
CP043554.1	CP046746.1	100.000	45	0	0	532440	532484	220973	221017	5.40e-13	84.2
CP043554.1	CP046746.1	81.034	116	11	4	1713268	1713372	327515	327400	1.94e-12	82.4
CP043554.1	CP046746.1	80.328	122	12	5	1713268	1713377	409027	408906	1.94e-12	82.4
CP043554.1	CP046746.1	97.826	46	1	0	613942	613987	220973	221018	6.98e-12	80.5
CP043554.1	CP046746.1	97.826	46	1	0	2076148	2076193	221018	220973	6.98e-12	80.5
CP043554.1	CP046746.1	97.826	46	1	0	1648416	1648461	221018	220973	6.98e-12	80.5
CP043554.1	CP046746.1	97.778	45	1	0	2417661	2417705	221017	220973	2.51e-11	78.7
CP043554.1	CP046746.1	97.778	45	1	0	759701	759745	220975	221019	2.51e-11	78.7
CP043554.1	CP046746.1	94.118	51	3	0	200032	200082	819711	819761	2.51e-11	78.7
CP043554.1	CP046746.1	97.778	45	1	0	555251	555295	985473	985429	2.51e-11	78.7
CP043554.1	CP046746.1	82.292	96	11	6	1939219	1939309	991804	991710	2.51e-11	78.7
CP043554.1	CP046746.1	95.745	47	2	0	557884	557930	220973	221019	9.04e-11	76.8
CP043554.1	CP046746.1	97.727	44	1	0	1656507	1656550	221018	220975	9.04e-11	76.8
CP043554.1	CP046746.1	97.727	44	1	0	1287729	1287772	221018	220975	9.04e-11	76.8
CP043554.1	CP046746.1	92.453	53	4	0	1713325	1713377	310582	310530	9.04e-11	76.8
CP043554.1	CP046746.1	97.778	45	0	1	532440	532484	597204	597161	9.04e-11	76.8
CP043554.1	CP046746.1	92.593	54	3	1	2916297	2916350	819714	819766	9.04e-11	76.8
CP043554.1	CP046746.1	85.135	74	10	1	1713311	1713383	111684	111611	3.25e-10	75.0
CP043554.1	CP046746.1	83.529	85	9	3	1713297	1713377	140426	140343	3.25e-10	75.0
CP043554.1	CP046746.1	97.674	43	1	0	150711	150753	220975	221017	3.25e-10	75.0
CP043554.1	CP046746.1	97.674	43	1	0	2128506	2128548	221017	220975	3.25e-10	75.0
CP043554.1	CP046746.1	97.674	43	1	0	1652961	1653003	221017	220975	3.25e-10	75.0
CP043554.1	CP046746.1	100.000	40	0	0	2395681	2395720	443224	443185	3.25e-10	75.0
CP043554.1	CP046746.1	97.619	42	1	0	1983824	1983865	221017	220976	1.17e-09	73.1
CP043554.1	CP046746.1	97.619	42	1	0	996678	996719	220976	221017	1.17e-09	73.1
CP043554.1	CP046746.1	88.525	61	5	2	1073892	1073951	696864	696923	1.17e-09	73.1
CP043554.1	CP046746.1	88.525	61	5	2	1073892	1073951	848263	848204	1.17e-09	73.1
CP043554.1	CP046746.1	100.000	38	0	0	1514936	1514973	5351	5388	4.20e-09	71.3
CP043554.1	CP046746.1	93.617	47	3	0	1929216	1929262	20602	20556	4.20e-09	71.3
CP043554.1	CP046746.1	95.455	44	2	0	1364854	1364897	220975	221018	4.20e-09	71.3
CP043554.1	CP046746.1	89.474	57	5	1	1073895	1073951	310529	310584	4.20e-09	71.3
CP043554.1	CP046746.1	100.000	38	0	0	2804378	2804415	408902	408939	4.20e-09	71.3
CP043554.1	CP046746.1	100.000	38	0	0	2804378	2804415	443127	443164	4.20e-09	71.3
CP043554.1	CP046746.1	90.566	53	5	0	1713325	1713377	443183	443131	4.20e-09	71.3
CP043554.1	CP046746.1	97.561	41	1	0	2074374	2074414	443224	443184	4.20e-09	71.3
CP043554.1	CP046746.1	97.561	41	1	0	1073911	1073951	597338	597298	4.20e-09	71.3
CP043554.1	CP046746.1	88.333	60	6	1	1073892	1073951	985474	985416	4.20e-09	71.3
CP043554.1	CP046746.1	90.566	53	5	0	1713325	1713377	988937	988885	4.20e-09	71.3
CP043554.1	CP046746.1	87.097	62	6	2	1073891	1073951	183820	183880	1.51e-08	69.4
CP043554.1	CP046746.1	97.500	40	1	0	2417749	2417788	443165	443126	1.51e-08	69.4
CP043554.1	CP046746.1	97.500	40	1	0	1703184	1703223	777157	777196	1.51e-08	69.4
CP043554.1	CP046746.1	95.349	43	2	0	1929218	1929260	848178	848136	1.51e-08	69.4
CP043554.1	CP046746.1	91.837	49	3	1	1648414	1648461	111814	111766	5.44e-08	67.6
CP043554.1	CP046746.1	97.436	39	1	0	2076155	2076193	111804	111766	5.44e-08	67.6
CP043554.1	CP046746.1	97.436	39	1	0	1404221	1404259	111766	111804	5.44e-08	67.6
CP043554.1	CP046746.1	93.333	45	3	0	150711	150755	111768	111812	5.44e-08	67.6
CP043554.1	CP046746.1	80.851	94	11	6	1939219	1939307	193338	193429	5.44e-08	67.6
CP043554.1	CP046746.1	93.333	45	3	0	549804	549848	220973	221017	5.44e-08	67.6
CP043554.1	CP046746.1	97.436	39	1	0	2911799	2911837	220975	221013	5.44e-08	67.6
CP043554.1	CP046746.1	100.000	36	0	0	2804380	2804415	310528	310563	5.44e-08	67.6
CP043554.1	CP046746.1	95.238	42	2	0	2804374	2804415	696861	696902	5.44e-08	67.6
CP043554.1	CP046746.1	100.000	36	0	0	2804378	2804413	1011137	1011102	5.44e-08	67.6
CP043554.1	CP046746.1	95.122	41	2	0	2804375	2804415	111611	111651	1.96e-07	65.8
CP043554.1	CP046746.1	87.719	57	6	1	759701	759756	111768	111824	1.96e-07	65.8
CP043554.1	CP046746.1	93.182	44	3	0	2128505	2128548	111811	111768	1.96e-07	65.8
CP043554.1	CP046746.1	93.182	44	3	0	1652960	1653003	111811	111768	1.96e-07	65.8
CP043554.1	CP046746.1	100.000	35	0	0	2804381	2804415	140342	140376	1.96e-07	65.8
CP043554.1	CP046746.1	91.667	48	3	1	1939219	1939266	315491	315445	1.96e-07	65.8
CP043554.1	CP046746.1	95.122	41	2	0	1929218	1929258	682090	682050	1.96e-07	65.8
CP043554.1	CP046746.1	97.368	38	1	0	1929223	1929260	696954	696991	1.96e-07	65.8
CP043554.1	CP046746.1	91.489	47	4	0	969741	969787	819714	819760	1.96e-07	65.8
CP043554.1	CP046746.1	100.000	35	0	0	2804381	2804415	848259	848225	1.96e-07	65.8
CP043554.1	CP046746.1	97.368	38	1	0	2804378	2804415	988881	988918	1.96e-07	65.8
CP043554.1	CP046746.1	97.297	37	1	0	1284948	1284984	111802	111766	7.03e-07	63.9
CP043554.1	CP046746.1	97.297	37	1	0	1656514	1656550	111804	111768	7.03e-07	63.9
CP043554.1	CP046746.1	97.297	37	1	0	1364854	1364890	111768	111804	7.03e-07	63.9
CP043554.1	CP046746.1	97.297	37	1	0	2804378	2804414	190704	190740	7.03e-07	63.9
CP043554.1	CP046746.1	93.023	43	3	0	1211259	1211301	220975	221017	7.03e-07	63.9
CP043554.1	CP046746.1	95.000	40	2	0	613859	613898	443126	443165	7.03e-07	63.9
CP043554.1	CP046746.1	93.023	43	3	0	2805809	2805851	777196	777154	7.03e-07	63.9
CP043554.1	CP046746.1	81.176	85	11	5	2497927	2498007	988962	988879	7.03e-07	63.9
CP043554.1	CP046746.1	85.246	61	7	2	1073892	1073951	220820	220879	2.53e-06	62.1
CP043554.1	CP046746.1	97.222	36	1	0	2911716	2911751	302624	302659	2.53e-06	62.1
CP043554.1	CP046746.1	97.297	37	0	1	328845	328880	327481	327517	2.53e-06	62.1
CP043554.1	CP046746.1	97.297	37	0	1	328845	328880	443235	443271	2.53e-06	62.1
CP043554.1	CP046746.1	94.872	39	2	0	1073913	1073951	761560	761522	2.53e-06	62.1
CP043554.1	CP046746.1	97.297	37	0	1	328845	328880	988971	989007	2.53e-06	62.1
CP043554.1	CP046746.1	97.222	36	0	1	328845	328879	20594	20559	9.10e-06	60.2
CP043554.1	CP046746.1	94.737	38	2	0	2804378	2804415	191578	191615	9.10e-06	60.2
CP043554.1	CP046746.1	92.857	42	1	1	441094	441133	407348	407389	9.10e-06	60.2
CP043554.1	CP046746.1	87.037	54	6	1	1073895	1073948	728218	728166	9.10e-06	60.2
CP043554.1	CP046746.1	92.500	40	3	0	2804375	2804414	327388	327427	3.27e-05	58.4
CP043554.1	CP046746.1	90.476	42	4	0	1819357	1819398	302661	302620	1.18e-04	56.5
CP043554.1	CP046746.1	100.000	30	0	0	2757572	2757601	407389	407360	1.18e-04	56.5
CP043554.1	CP046746.1	100.000	30	0	0	2757388	2757417	407389	407360	1.18e-04	56.5
CP043554.1	CP046746.1	100.000	30	0	0	2757204	2757233	407389	407360	1.18e-04	56.5
CP043554.1	CP046746.1	100.000	30	0	0	2738332	2738361	407389	407360	1.18e-04	56.5
CP043554.1	CP046746.1	100.000	30	0	0	2738165	2738194	407389	407360	1.18e-04	56.5
CP043554.1	CP046746.1	100.000	30	0	0	2738000	2738029	407389	407360	1.18e-04	56.5
CP043554.1	CP046746.1	100.000	30	0	0	2732768	2732797	407389	407360	1.18e-04	56.5
CP043554.1	CP046746.1	100.000	29	0	0	2200686	2200714	20659	20687	4.23e-04	54.7
CP043554.1	CP046746.1	100.000	28	0	0	2088315	2088342	44058	44031	0.002	52.8
CP043554.1	CP046746.1	96.774	31	1	0	2395734	2395764	777173	777203	0.002	52.8
CP043554.1	CP046746.1	100.000	28	0	0	2200687	2200714	988905	988878	0.002	52.8
CP043556.1	CP046746.1	98.596	76967	995	41	203178	280107	381407	304490	0.0	1.361e+05
CP043556.1	CP046746.1	98.288	60408	997	20	576820	637219	81062	20684	0.0	1.058e+05
CP043556.1	CP046746.1	98.573	48714	663	10	1092015	1140710	563439	612138	0.0	86079
CP043556.1	CP046746.1	98.479	47085	705	10	436292	483375	219595	172521	0.0	82972
CP043556.1	CP046746.1	98.701	43490	551	14	691812	735297	985337	941858	0.0	77168
CP043556.1	CP046746.1	98.466	29393	445	5	115216	144605	728298	757687	0.0	51775
CP043556.1	CP046746.1	98.134	28459	484	27	397407	425833	256227	227784	0.0	49568
CP043556.1	CP046746.1	98.586	27725	372	2	855719	883425	819722	792000	0.0	49009
CP043556.1	CP046746.1	98.827	24986	285	5	751798	776779	927132	902151	0.0	44510
CP043556.1	CP046746.1	97.369	25233	589	20	23964	49128	646092	671317	0.0	42848
CP043556.1	CP046746.1	97.271	25142	655	17	779329	804461	901109	875990	0.0	42599
CP043556.1	CP046746.1	98.033	24092	420	22	810069	834140	872319	848262	0.0	41814
CP043556.1	CP046746.1	98.182	22165	380	6	180955	203098	405315	383153	0.0	38677
CP043556.1	CP046746.1	98.581	21560	298	7	834139	855696	848137	826584	0.0	38112
CP043556.1	CP046746.1	97.633	21335	477	13	895527	916857	443293	464603	0.0	36575
CP043556.1	CP046746.1	98.570	20282	272	9	1071623	1091891	543165	563441	0.0	35831
CP043556.1	CP046746.1	97.622	20901	453	23	307475	328363	282158	261290	0.0	35803
CP043556.1	CP046746.1	97.923	19935	388	4	144608	164542	757833	777741	0.0	34496
CP043556.1	CP046746.1	97.946	19132	343	13	23915	43012	646057	665172	0.0	33107
CP043556.1	CP046746.1	96.823	17849	560	4	483359	501203	172505	154660	0.0	29813
CP043556.1	CP046746.1	97.918	17242	302	17	92395	109601	710871	728090	0.0	29798
CP043556.1	CP046746.1	97.702	16842	355	10	501612	518450	154125	137313	0.0	28928
CP043556.1	CP046746.1	98.678	15209	199	2	637220	652428	20557	5351	0.0	26971
CP043556.1	CP046746.1	96.394	15086	530	13	285576	300655	297238	282161	0.0	24833
CP043556.1	CP046746.1	99.170	12165	96	2	665090	677254	1008372	996213	0.0	21900
CP043556.1	CP046746.1	98.232	12498	203	2	165597	178094	778001	790480	0.0	21839
CP043556.1	CP046746.1	98.684	10866	133	2	679287	690143	996215	985351	0.0	19265
CP043556.1	CP046746.1	98.247	10839	157	23	522442	533256	137233	126404	0.0	18932
CP043556.1	CP046746.1	90.097	13582	1276	55	78745	92304	697267	710801	0.0	17566
CP043556.1	CP046746.1	98.516	8964	128	3	883417	892377	408893	417854	0.0	15812
CP043556.1	CP046746.1	97.814	9058	197	1	742264	751321	936791	927735	0.0	15629
CP043556.1	CP046746.1	98.294	8206	140	0	425932	434137	227811	219606	0.0	14379
CP043556.1	CP046746.1	95.168	8547	377	21	539932	548455	120335	111802	0.0	13463
CP043556.1	CP046746.1	99.248	7443	51	5	924551	931992	469692	477130	0.0	13429
CP043556.1	CP046746.1	97.574	7789	185	4	60976	68763	680677	688462	0.0	13333
CP043556.1	CP046746.1	97.853	7221	151	4	931981	939199	478556	485774	0.0	12473
CP043556.1	CP046746.1	98.570	6993	98	2	11037	18027	633150	640142	0.0	12358
CP043556.1	CP046746.1	97.920	6249	123	6	562686	568931	99192	92948	0.0	10813
CP043556.1	CP046746.1	96.847	6279	198	0	72253	78531	690578	696856	0.0	10499
CP043556.1	CP046746.1	95.537	6229	251	20	570396	576606	92903	86684	0.0	9937
CP043556.1	CP046746.1	96.594	5754	179	15	533282	539029	126336	120594	0.0	9524
CP043556.1	CP046746.1	98.455	5242	68	1	280248	285489	304500	299272	0.0	9219
CP043556.1	CP046746.1	96.514	5536	170	8	53774	59289	675055	680587	0.0	9132
CP043556.1	CP046746.1	98.979	4700	44	3	939192	943890	487278	491974	0.0	8410
CP043556.1	CP046746.1	96.972	4987	119	7	553992	558977	104684	99729	0.0	8344
CP043556.1	CP046746.1	98.716	3816	47	1	20109	23922	642206	646021	0.0	6774
CP043556.1	CP046746.1	96.887	3919	122	0	652423	656341	3919	1	0.0	6562
CP043556.1	CP046746.1	96.839	3575	113	0	50143	53717	671390	674964	0.0	5976
CP043556.1	CP046746.1	97.526	3395	80	4	550552	553944	108163	104771	0.0	5801
CP043556.1	CP046746.1	98.951	2575	24	3	656342	658916	1015844	1013273	0.0	4602
CP043556.1	CP046746.1	97.829	2349	46	4	1	2348	612147	614491	0.0	4050
CP043556.1	CP046746.1	93.851	2602	152	7	394676	397275	258828	256233	0.0	3912
CP043556.1	CP046746.1	85.035	3535	488	28	738598	742122	940321	936818	0.0	3559
CP043556.1	CP046746.1	87.290	2675	314	23	295528	298189	286854	284193	0.0	3033
CP043556.1	CP046746.1	87.290	2675	314	23	295960	298621	287286	284625	0.0	3033
CP043556.1	CP046746.1	97.020	1745	52	0	548447	550191	111614	109870	0.0	2935
CP043556.1	CP046746.1	86.235	2361	293	29	295413	297757	286537	284193	0.0	2531
CP043556.1	CP046746.1	87.183	2052	245	17	296531	298573	287147	285105	0.0	2316
CP043556.1	CP046746.1	96.819	1226	39	0	736657	737882	941789	940564	0.0	2049
CP043556.1	CP046746.1	94.132	1261	73	1	1042050	1043310	508736	509995	0.0	1917
CP043556.1	CP046746.1	85.113	1807	241	23	295533	297325	285985	284193	0.0	1821
CP043556.1	CP046746.1	84.257	1804	262	19	296829	298621	287281	285489	0.0	1738
CP043556.1	CP046746.1	96.686	1026	33	1	1001063	1002088	524048	525072	0.0	1705
CP043556.1	CP046746.1	97.770	852	17	2	967641	968491	501794	500944	0.0	1467
CP043556.1	CP046746.1	98.030	812	14	2	1056105	1056915	516594	517404	0.0	1410
CP043556.1	CP046746.1	96.786	840	23	3	1053000	1053835	528224	529063	0.0	1399
CP043556.1	CP046746.1	96.067	839	31	2	1047541	1048378	527509	528346	0.0	1365
CP043556.1	CP046746.1	87.298	1173	130	19	1021401	1022559	539768	540935	0.0	1323
CP043556.1	CP046746.1	94.815	810	40	2	1005170	1005979	510405	511212	0.0	1262
CP043556.1	CP046746.1	96.505	744	26	0	1066409	1067152	535977	536720	0.0	1230
CP043556.1	CP046746.1	96.032	756	29	1	1046131	1046886	501672	502426	0.0	1229
CP043556.1	CP046746.1	97.612	712	15	2	988940	989650	503923	504633	0.0	1219
CP043556.1	CP046746.1	95.767	756	31	1	1061174	1061929	501671	502425	0.0	1218
CP043556.1	CP046746.1	95.520	759	33	1	996343	997101	501668	502425	0.0	1212
CP043556.1	CP046746.1	84.559	1237	171	18	295667	296893	285419	284193	0.0	1208
CP043556.1	CP046746.1	88.023	1027	115	6	804992	806014	875465	874443	0.0	1208
CP043556.1	CP046746.1	96.201	737	27	1	1013398	1014133	496815	497551	0.0	1205
CP043556.1	CP046746.1	97.151	702	20	0	806003	806704	873016	872315	0.0	1186
CP043556.1	CP046746.1	97.594	665	16	0	660557	661221	1011638	1010974	0.0	1140
CP043556.1	CP046746.1	93.455	764	46	4	961251	962012	515474	514713	0.0	1131
CP043556.1	CP046746.1	95.976	671	22	5	949543	950210	517370	518038	0.0	1085
CP043556.1	CP046746.1	82.605	1236	197	16	297395	298621	287147	285921	0.0	1075
CP043556.1	CP046746.1	92.126	762	56	4	975612	976370	518039	517279	0.0	1072
CP043556.1	CP046746.1	91.612	763	60	4	1062314	1063073	517277	518038	0.0	1051
CP043556.1	CP046746.1	91.076	762	65	3	975613	976372	515474	514714	0.0	1027
CP043556.1	CP046746.1	91.088	763	61	7	1062316	1063074	514716	515475	0.0	1026
CP043556.1	CP046746.1	90.969	764	65	4	974975	975736	518038	517277	0.0	1026
CP043556.1	CP046746.1	90.945	762	66	3	974974	975734	515475	514716	0.0	1022
CP043556.1	CP046746.1	96.721	610	18	2	965580	966188	516731	516123	0.0	1014
CP043556.1	CP046746.1	90.551	762	69	2	961250	962009	518039	517279	0.0	1005
CP043556.1	CP046746.1	94.118	663	36	3	1017754	1018414	538611	539272	0.0	1005
CP043556.1	CP046746.1	90.495	768	60	9	982753	983514	517279	518039	0.0	1002
CP043556.1	CP046746.1	96.205	606	20	3	1068912	1069515	516126	516730	0.0	989
CP043556.1	CP046746.1	90.091	767	66	6	982751	983513	514714	515474	0.0	987
CP043556.1	CP046746.1	89.817	766	73	5	998914	999677	517277	518039	0.0	977
CP043556.1	CP046746.1	93.192	661	40	5	1017755	1018413	539769	540426	0.0	966
CP043556.1	CP046746.1	88.932	768	82	3	998909	999676	514710	515474	0.0	944
CP043556.1	CP046746.1	92.285	674	39	8	659062	659724	1013094	1012423	0.0	944
CP043556.1	CP046746.1	91.982	661	49	4	1045593	1046253	509871	510527	0.0	924
CP043556.1	CP046746.1	94.511	583	31	1	1065702	1066283	819715	820297	0.0	898
CP043556.1	CP046746.1	90.030	672	59	8	949544	950211	514808	515475	0.0	863
CP043556.1	CP046746.1	94.180	567	28	5	1014948	1015511	538707	539271	0.0	859
CP043556.1	CP046746.1	89.985	669	59	7	991069	991730	493616	494283	0.0	857
CP043556.1	CP046746.1	89.864	661	61	6	1008864	1009520	539768	540426	0.0	845
CP043556.1	CP046746.1	93.918	559	30	4	1008968	1009523	495209	495766	0.0	841
CP043556.1	CP046746.1	89.259	661	67	4	1008865	1009521	538612	539272	0.0	824
CP043556.1	CP046746.1	89.140	663	66	6	1008864	1009521	505129	505790	0.0	821
CP043556.1	CP046746.1	92.958	568	33	7	1014948	1015512	539864	540427	0.0	821
CP043556.1	CP046746.1	88.722	665	67	7	1008865	1009523	493616	494278	0.0	806
CP043556.1	CP046746.1	88.376	671	71	7	947704	948369	539758	540426	0.0	800
CP043556.1	CP046746.1	96.304	487	17	1	560618	561104	99683	99198	0.0	798
CP043556.1	CP046746.1	93.053	547	37	1	923850	924396	467140	467685	0.0	798
CP043556.1	CP046746.1	88.688	663	62	12	1017222	1017877	495107	495763	0.0	797
CP043556.1	CP046746.1	88.066	662	71	6	947714	948369	493616	494275	0.0	778
CP043556.1	CP046746.1	88.048	661	73	6	947714	948369	538612	539271	0.0	778
CP043556.1	CP046746.1	88.006	667	69	10	987364	988024	539768	540429	0.0	778
CP043556.1	CP046746.1	87.970	665	71	8	963245	963902	494278	493616	0.0	776
CP043556.1	CP046746.1	87.856	667	71	9	1008861	1009522	511087	511748	0.0	774
CP043556.1	CP046746.1	99.296	426	3	0	501196	501621	154616	154191	0.0	771
CP043556.1	CP046746.1	87.838	666	70	10	1017755	1018417	509874	510531	0.0	771
CP043556.1	CP046746.1	91.592	559	44	3	1025636	1026192	495209	495766	0.0	769
CP043556.1	CP046746.1	87.764	662	74	7	1025532	1026189	539768	540426	0.0	767
CP043556.1	CP046746.1	87.519	665	76	6	1025533	1026192	493616	494278	0.0	761
CP043556.1	CP046746.1	87.500	664	76	7	1025532	1026190	505129	505790	0.0	760
CP043556.1	CP046746.1	87.519	665	74	9	1017755	1018414	505130	505790	0.0	760
CP043556.1	CP046746.1	87.557	659	77	5	1021400	1022056	509872	510527	0.0	758
CP043556.1	CP046746.1	87.462	662	78	5	1025533	1026190	538612	539272	0.0	758
CP043556.1	CP046746.1	87.500	664	73	10	1011280	1011938	539769	540427	0.0	758
CP043556.1	CP046746.1	89.414	614	46	9	1054978	1055586	542567	543166	0.0	756
CP043556.1	CP046746.1	87.199	664	75	9	1002495	1003151	505129	505789	0.0	747
CP043556.1	CP046746.1	87.218	665	73	11	1011280	1011937	505130	505789	0.0	747
CP043556.1	CP046746.1	86.745	679	81	8	971220	971895	510529	509857	0.0	747
CP043556.1	CP046746.1	86.834	676	77	11	971221	971889	505790	505120	0.0	745
CP043556.1	CP046746.1	86.885	671	75	12	1025527	1026191	511085	511748	0.0	739
CP043556.1	CP046746.1	94.915	472	22	2	1065703	1066172	419296	419767	0.0	737
CP043556.1	CP046746.1	86.917	665	77	10	971221	971879	539272	538612	0.0	737
CP043556.1	CP046746.1	86.838	661	82	5	987365	988021	538612	539271	0.0	734
CP043556.1	CP046746.1	86.411	677	82	10	1045582	1046253	538600	539271	0.0	732
CP043556.1	CP046746.1	86.747	664	78	10	1002495	1003152	539768	540427	0.0	730
CP043556.1	CP046746.1	86.131	685	83	11	963227	963903	505809	505129	0.0	728
CP043556.1	CP046746.1	86.697	669	74	14	963246	963906	511748	511087	0.0	728
CP043556.1	CP046746.1	86.617	665	80	8	1011276	1011937	509869	510527	0.0	726
CP043556.1	CP046746.1	86.391	676	77	14	947704	948369	505119	505789	0.0	725
CP043556.1	CP046746.1	86.576	663	82	7	987364	988021	505129	505789	0.0	725
CP043556.1	CP046746.1	86.330	673	82	10	971222	971889	540426	539759	0.0	725
CP043556.1	CP046746.1	86.446	664	82	8	1011279	1011937	538611	539271	0.0	721
CP043556.1	CP046746.1	86.466	665	80	10	1045595	1046254	539768	540427	0.0	721
CP043556.1	CP046746.1	86.446	664	79	10	987365	988021	493616	494275	0.0	717
CP043556.1	CP046746.1	86.446	664	79	11	991068	991723	538611	539271	0.0	717
CP043556.1	CP046746.1	86.405	662	82	8	1002496	1003151	538612	539271	0.0	717
CP043556.1	CP046746.1	86.384	661	83	7	963248	963903	540426	539768	0.0	715
CP043556.1	CP046746.1	86.330	673	70	21	963245	963905	495766	495104	0.0	713
CP043556.1	CP046746.1	86.316	665	80	11	991069	991726	539769	540429	0.0	713
CP043556.1	CP046746.1	86.145	664	84	8	1045595	1046253	505129	505789	0.0	710
CP043556.1	CP046746.1	86.061	660	88	4	1002493	1003151	509871	510527	0.0	706
CP043556.1	CP046746.1	86.233	661	80	11	991069	991723	511091	511746	0.0	706
CP043556.1	CP046746.1	86.057	667	79	13	947710	948369	511087	511746	0.0	704
CP043556.1	CP046746.1	89.408	557	53	6	947817	948369	495209	495763	0.0	697
CP043556.1	CP046746.1	85.671	663	87	7	1045596	1046253	493616	494275	0.0	691
CP043556.1	CP046746.1	85.564	665	90	5	1008862	1009524	509871	510531	0.0	691
CP043556.1	CP046746.1	89.088	559	55	5	1044504	1045061	509978	510531	0.0	689
CP043556.1	CP046746.1	85.650	662	88	7	963247	963902	539272	538612	0.0	689
CP043556.1	CP046746.1	85.522	670	84	13	1011280	1011941	493616	494280	0.0	688
CP043556.1	CP046746.1	85.457	667	88	8	1017755	1018416	493616	494278	0.0	686
CP043556.1	CP046746.1	89.048	557	56	5	987468	988021	495209	495763	0.0	686
CP043556.1	CP046746.1	85.103	678	91	10	1010739	1011414	539768	540437	0.0	684
CP043556.1	CP046746.1	85.564	665	81	15	991069	991723	505130	505789	0.0	682
CP043556.1	CP046746.1	85.501	669	80	14	987361	988021	511087	511746	0.0	682
CP043556.1	CP046746.1	85.351	669	82	15	971220	971879	494277	493616	0.0	678
CP043556.1	CP046746.1	85.479	668	78	16	1029325	1029984	509871	510527	0.0	678
CP043556.1	CP046746.1	85.119	672	86	14	1002496	1003158	493616	494282	0.0	675
CP043556.1	CP046746.1	85.052	669	91	8	1025529	1026194	509870	510532	0.0	673
CP043556.1	CP046746.1	85.219	663	89	8	1050633	1051292	509871	510527	0.0	673
CP043556.1	CP046746.1	85.202	669	81	17	1029325	1029984	495104	495763	0.0	671
CP043556.1	CP046746.1	85.157	667	84	13	1050635	1051292	505129	505789	0.0	669
CP043556.1	CP046746.1	84.970	672	86	15	947705	948369	509864	510527	0.0	667
CP043556.1	CP046746.1	85.030	668	86	12	1045592	1046253	511087	511746	0.0	667
CP043556.1	CP046746.1	85.007	667	85	13	1017755	1018415	511091	511748	0.0	664
CP043556.1	CP046746.1	84.731	668	95	7	1050628	1051292	511083	511746	0.0	662
CP043556.1	CP046746.1	84.789	664	95	6	1010740	1011401	538612	539271	0.0	662
CP043556.1	CP046746.1	84.604	669	91	11	971220	971883	511748	511087	0.0	654
CP043556.1	CP046746.1	84.743	662	91	9	1011280	1011937	511091	511746	0.0	654
CP043556.1	CP046746.1	87.435	573	66	6	1017314	1017884	539864	540432	0.0	654
CP043556.1	CP046746.1	87.091	581	69	5	1017302	1017877	493696	494275	0.0	652
CP043556.1	CP046746.1	84.880	668	77	23	991069	991723	495107	495763	0.0	652
CP043556.1	CP046746.1	84.558	667	93	10	1010739	1011401	505129	505789	0.0	652
CP043556.1	CP046746.1	84.639	664	91	9	1050636	1051292	538612	539271	0.0	651
CP043556.1	CP046746.1	87.679	560	65	4	1017859	1018416	495209	495766	0.0	649
CP043556.1	CP046746.1	84.408	667	91	11	1050635	1051294	539768	540428	0.0	643
CP043556.1	CP046746.1	84.361	665	92	10	1002493	1003151	511088	511746	0.0	641
CP043556.1	CP046746.1	84.408	667	87	15	1050636	1051292	493616	494275	0.0	640
CP043556.1	CP046746.1	87.387	555	68	2	1014958	1015511	495210	495763	1.28e-179	636
CP043556.1	CP046746.1	84.234	666	91	13	1017221	1017877	538611	539271	1.28e-179	636
CP043556.1	CP046746.1	84.047	677	88	18	1044394	1045060	495100	495766	4.60e-179	634
CP043556.1	CP046746.1	84.060	665	99	7	963244	963905	510531	509871	4.60e-179	634
CP043556.1	CP046746.1	84.125	674	85	21	1002493	1003154	495104	495767	1.65e-178	632
CP043556.1	CP046746.1	83.988	662	99	6	987362	988021	509871	510527	2.14e-177	628
CP043556.1	CP046746.1	83.857	669	94	12	1010737	1011401	511088	511746	2.77e-176	625
CP043556.1	CP046746.1	83.406	687	99	13	1010735	1011417	509869	510544	9.95e-176	623
CP043556.1	CP046746.1	83.982	668	88	16	982223	982876	511087	511749	9.95e-176	623
CP043556.1	CP046746.1	83.939	660	95	11	991069	991723	509874	510527	3.58e-175	621
CP043556.1	CP046746.1	86.620	568	69	7	1035288	1035854	509967	510528	3.58e-175	621
CP043556.1	CP046746.1	89.178	499	50	4	1011445	1011941	495272	495768	1.29e-174	619
CP043556.1	CP046746.1	83.857	669	86	20	1021400	1022056	495105	495763	4.63e-174	617
CP043556.1	CP046746.1	83.482	672	98	10	1010740	1011405	493616	494280	5.99e-173	614
CP043556.1	CP046746.1	86.159	578	69	10	1014942	1015515	509961	510531	5.99e-173	614
CP043556.1	CP046746.1	86.491	570	64	11	982316	982876	525636	526201	5.99e-173	614
CP043556.1	CP046746.1	86.316	570	69	9	1029420	1029984	505224	505789	2.15e-172	612
CP043556.1	CP046746.1	86.316	570	68	10	1029420	1029985	539864	540427	2.15e-172	612
CP043556.1	CP046746.1	86.501	563	65	8	982326	982879	495209	495769	2.79e-171	608
CP043556.1	CP046746.1	85.788	584	71	12	1014936	1015511	505210	505789	2.79e-171	608
CP043556.1	CP046746.1	93.627	408	25	1	1030620	1031027	515068	515474	2.79e-171	608
CP043556.1	CP046746.1	86.165	571	67	11	1008958	1009522	525636	526200	1.00e-170	606
CP043556.1	CP046746.1	85.789	570	71	10	1029420	1029984	493711	494275	2.17e-167	595
CP043556.1	CP046746.1	88.595	491	54	2	1045764	1046253	495274	495763	2.17e-167	595
CP043556.1	CP046746.1	85.764	569	73	8	1029420	1029984	538707	539271	2.17e-167	595
CP043556.1	CP046746.1	83.058	667	100	13	1021399	1022056	538609	539271	7.80e-167	593
CP043556.1	CP046746.1	86.581	544	63	5	923298	923839	464731	465266	2.81e-166	592
CP043556.1	CP046746.1	83.805	636	89	13	1035226	1035854	495136	495764	2.81e-166	592
CP043556.1	CP046746.1	92.701	411	28	2	1030620	1031029	517631	518040	2.81e-166	592
CP043556.1	CP046746.1	82.836	670	106	9	992070	992737	525545	526207	2.81e-166	592
CP043556.1	CP046746.1	83.082	662	98	14	1017222	1017877	525545	526198	1.01e-165	590
CP043556.1	CP046746.1	88.000	500	55	5	971220	971717	495765	495269	1.31e-164	586
CP043556.1	CP046746.1	85.172	580	76	10	1017305	1017877	505213	505789	1.31e-164	586
CP043556.1	CP046746.1	82.883	666	97	13	1021402	1022056	493616	494275	1.69e-163	582
CP043556.1	CP046746.1	82.655	663	106	9	1021401	1022056	505129	505789	2.19e-162	579
CP043556.1	CP046746.1	77.883	954	185	23	295422	296362	285232	284292	1.32e-159	569
CP043556.1	CP046746.1	87.500	496	58	4	1044565	1045058	538779	539272	1.32e-159	569
CP043556.1	CP046746.1	88.841	466	46	5	1050830	1051292	495301	495763	4.73e-159	568
CP043556.1	CP046746.1	84.991	573	71	14	1025626	1026191	525636	526200	4.73e-159	568
CP043556.1	CP046746.1	90.802	424	36	3	1063865	1064287	496341	496762	6.12e-158	564
CP043556.1	CP046746.1	82.256	665	103	13	1021400	1022056	511089	511746	7.92e-157	560
CP043556.1	CP046746.1	87.273	495	57	6	1044565	1045057	539936	540426	7.92e-157	560
CP043556.1	CP046746.1	84.441	572	81	8	1035285	1035853	539860	540426	1.02e-155	556
CP043556.1	CP046746.1	84.642	573	71	16	963246	963809	526200	525636	3.68e-155	555
CP043556.1	CP046746.1	84.229	577	82	9	1017305	1017877	511175	511746	1.32e-154	553
CP043556.1	CP046746.1	84.146	574	81	6	982316	982880	493710	494282	6.16e-153	547
CP043556.1	CP046746.1	84.359	569	76	13	991162	991723	525636	526198	2.22e-152	545
CP043556.1	CP046746.1	81.618	680	103	20	1010735	1011405	495102	495768	7.97e-152	544
CP043556.1	CP046746.1	90.361	415	39	1	1025158	1025572	496357	496770	7.97e-152	544
CP043556.1	CP046746.1	84.211	570	79	8	982316	982877	539863	540429	7.97e-152	544
CP043556.1	CP046746.1	83.646	587	84	11	1014932	1015511	493694	494275	2.87e-151	542
CP043556.1	CP046746.1	83.798	574	87	6	1035285	1035855	538703	539273	1.03e-150	540
CP043556.1	CP046746.1	89.095	431	45	2	992304	992734	511325	511753	4.80e-149	534
CP043556.1	CP046746.1	90.418	407	38	1	978004	978409	515474	515068	4.80e-149	534
CP043556.1	CP046746.1	85.968	506	61	10	1044560	1045060	493778	494278	1.73e-148	532
CP043556.1	CP046746.1	86.056	502	63	7	1035361	1035858	505296	505794	1.73e-148	532
CP043556.1	CP046746.1	83.536	577	83	12	1035284	1035854	493706	494276	2.23e-147	529
CP043556.1	CP046746.1	87.179	468	55	5	1044594	1045058	505325	505790	8.03e-147	527
CP043556.1	CP046746.1	83.538	571	78	15	947807	948369	525636	526198	1.34e-144	520
CP043556.1	CP046746.1	83.451	568	85	9	1050729	1051292	525636	526198	1.34e-144	520
CP043556.1	CP046746.1	83.509	570	80	12	1014948	1015511	525637	526198	1.34e-144	520
CP043556.1	CP046746.1	89.183	416	42	3	977996	978409	518045	517631	1.74e-143	516
CP043556.1	CP046746.1	83.218	578	81	14	1017845	1018415	525632	526200	1.74e-143	516
CP043556.1	CP046746.1	81.016	669	108	16	1029328	1029988	525545	526202	6.25e-143	514
CP043556.1	CP046746.1	80.995	663	113	12	1035197	1035854	525545	526199	6.25e-143	514
CP043556.1	CP046746.1	81.081	666	107	16	982225	982874	538610	539272	6.25e-143	514
CP043556.1	CP046746.1	82.877	584	83	15	1014936	1015511	511172	511746	2.91e-141	508
CP043556.1	CP046746.1	83.045	578	81	15	1021494	1022062	525637	526206	2.91e-141	508
CP043556.1	CP046746.1	82.986	576	81	15	1045686	1046253	525632	526198	3.76e-140	505
CP043556.1	CP046746.1	82.982	570	85	11	1011373	1011937	525636	526198	3.76e-140	505
CP043556.1	CP046746.1	82.982	570	84	12	1029420	1029984	511185	511746	1.35e-139	503
CP043556.1	CP046746.1	82.897	573	79	16	987458	988021	525636	526198	6.29e-138	497
CP043556.1	CP046746.1	81.061	660	91	18	1012805	1013433	511091	511747	2.26e-137	496
CP043556.1	CP046746.1	80.422	664	117	13	1044401	1045059	525545	526200	8.14e-137	494
CP043556.1	CP046746.1	84.800	500	66	8	1002657	1003151	525704	526198	8.14e-137	494
CP043556.1	CP046746.1	82.281	570	88	10	982316	982874	505223	505790	6.34e-133	481
CP043556.1	CP046746.1	81.771	576	91	13	1035284	1035854	511181	511747	1.37e-129	470
CP043556.1	CP046746.1	82.955	528	80	10	1044536	1045059	511227	511748	4.94e-129	468
CP043556.1	CP046746.1	79.616	677	116	18	992064	992729	495100	495765	1.78e-128	466
CP043556.1	CP046746.1	79.310	667	115	19	982224	982875	509871	510529	2.31e-122	446
CP043556.1	CP046746.1	80.763	577	96	13	1010830	1011401	525632	526198	1.39e-119	436
CP043556.1	CP046746.1	80.104	578	96	16	992161	992729	493710	494277	2.35e-112	412
CP043556.1	CP046746.1	80.105	573	99	14	992161	992727	539863	540426	2.35e-112	412
CP043556.1	CP046746.1	83.841	427	64	4	992304	992728	505367	505790	5.08e-109	401
CP043556.1	CP046746.1	79.581	573	106	10	992161	992728	538706	539272	1.83e-108	399
CP043556.1	CP046746.1	87.432	366	21	3	952900	953264	495424	495765	6.57e-108	398
CP043556.1	CP046746.1	92.419	277	14	6	1030431	1030704	517275	517547	3.95e-105	388
CP043556.1	CP046746.1	82.944	428	65	7	992304	992729	510108	510529	2.38e-102	379
CP043556.1	CP046746.1	75.528	805	177	18	297827	298621	287147	286353	8.56e-102	377
CP043556.1	CP046746.1	91.822	269	20	2	1030433	1030701	514715	514981	1.11e-100	374
CP043556.1	CP046746.1	83.632	391	57	7	1012804	1013189	538611	538999	8.62e-97	361
CP043556.1	CP046746.1	83.548	389	59	5	1012805	1013189	539769	540156	3.10e-96	359
CP043556.1	CP046746.1	83.042	401	60	7	1012793	1013189	509862	510258	1.11e-95	357
CP043556.1	CP046746.1	85.095	369	25	12	952900	953264	493935	494277	1.87e-93	350
CP043556.1	CP046746.1	90.299	268	24	2	952641	952906	538597	538864	1.87e-93	350
CP043556.1	CP046746.1	91.700	253	20	1	952655	952906	539769	540021	1.87e-93	350
CP043556.1	CP046746.1	92.276	246	17	2	1013190	1013434	539029	539273	6.71e-93	348
CP043556.1	CP046746.1	92.245	245	17	2	1013190	1013433	495521	495764	2.41e-92	346
CP043556.1	CP046746.1	97.073	205	5	1	332203	332407	258792	258589	8.68e-92	344
CP043556.1	CP046746.1	93.162	234	13	2	953035	953266	511518	511750	1.12e-90	340
CP043556.1	CP046746.1	91.837	245	18	2	1013190	1013433	525956	526199	1.12e-90	340
CP043556.1	CP046746.1	93.133	233	13	2	953035	953265	525970	526201	4.04e-90	339
CP043556.1	CP046746.1	84.254	362	32	11	952903	953263	538935	539272	2.43e-87	329
CP043556.1	CP046746.1	90.119	253	22	3	952655	952906	511091	511341	3.14e-86	326
CP043556.1	CP046746.1	96.465	198	6	1	432726	432923	597161	597357	3.14e-86	326
CP043556.1	CP046746.1	83.880	366	31	9	952900	953263	505451	505790	1.13e-85	324
CP043556.1	CP046746.1	96.392	194	7	0	59310	59503	221018	220825	1.46e-84	320
CP043556.1	CP046746.1	90.535	243	21	2	1013190	1013432	540186	540426	1.46e-84	320
CP043556.1	CP046746.1	90.244	246	21	3	1013190	1013433	494032	494276	5.26e-84	318
CP043556.1	CP046746.1	96.354	192	7	0	432732	432923	111804	111613	1.89e-83	316
CP043556.1	CP046746.1	81.772	395	56	15	1012805	1013189	505130	505518	1.89e-83	316
CP043556.1	CP046746.1	83.702	362	30	15	952903	953262	540092	540426	6.80e-83	315
CP043556.1	CP046746.1	96.791	187	6	0	59317	59503	111804	111618	2.45e-82	313
CP043556.1	CP046746.1	94.949	198	9	1	59311	59508	597161	597357	3.17e-81	309
CP043556.1	CP046746.1	85.284	299	44	0	660009	660307	1012183	1011885	3.17e-81	309
CP043556.1	CP046746.1	88.627	255	25	4	952655	952906	505130	505383	1.14e-80	307
CP043556.1	CP046746.1	87.266	267	30	2	952651	952914	493613	493878	5.30e-79	302
CP043556.1	CP046746.1	95.699	186	8	0	1125746	1125931	221017	220832	1.91e-78	300
CP043556.1	CP046746.1	80.769	390	67	8	1012805	1013189	493616	494002	6.85e-78	298
CP043556.1	CP046746.1	95.556	180	8	0	1125752	1125931	111804	111625	4.12e-75	289
CP043556.1	CP046746.1	95.210	167	8	0	388796	388962	261295	261129	6.95e-68	265
CP043556.1	CP046746.1	84.980	253	31	6	952655	952904	509874	510122	1.95e-63	250
CP043556.1	CP046746.1	88.235	204	22	2	777921	778123	901304	901102	3.26e-61	243
CP043556.1	CP046746.1	99.237	131	1	0	515296	515426	848135	848265	1.52e-59	237
CP043556.1	CP046746.1	100.000	127	0	0	1091889	1092015	20685	20559	5.45e-59	235
CP043556.1	CP046746.1	99.225	129	1	0	1037892	1038020	521253	521381	1.96e-58	233
CP043556.1	CP046746.1	100.000	126	0	0	1064254	1064379	537078	537203	1.96e-58	233
CP043556.1	CP046746.1	98.473	131	2	0	961249	961379	500428	500298	7.05e-58	231
CP043556.1	CP046746.1	99.213	127	1	0	997759	997885	522855	522981	2.54e-57	230
CP043556.1	CP046746.1	99.213	127	1	0	1043185	1043311	522855	522981	2.54e-57	230
CP043556.1	CP046746.1	87.437	199	23	2	702209	702406	220820	221017	9.12e-57	228
CP043556.1	CP046746.1	95.172	145	6	1	996968	997112	508725	508868	9.12e-57	228
CP043556.1	CP046746.1	98.450	129	2	0	1027840	1027968	521250	521378	9.12e-57	228
CP043556.1	CP046746.1	99.206	126	1	0	983923	984048	538048	538173	9.12e-57	228
CP043556.1	CP046746.1	98.450	129	2	0	515297	515425	696991	696863	9.12e-57	228
CP043556.1	CP046746.1	99.206	126	0	1	989527	989651	500303	500428	3.28e-56	226
CP043556.1	CP046746.1	98.438	128	2	0	1064252	1064379	518511	518638	3.28e-56	226
CP043556.1	CP046746.1	100.000	122	0	0	1009399	1009520	519721	519842	3.28e-56	226
CP043556.1	CP046746.1	98.438	128	2	0	951909	952036	528219	528346	3.28e-56	226
CP043556.1	CP046746.1	99.200	125	1	0	998914	999038	528222	528346	3.28e-56	226
CP043556.1	CP046746.1	99.200	125	1	0	983926	984050	536596	536720	3.28e-56	226
CP043556.1	CP046746.1	96.377	138	3	2	998914	999051	537078	537213	3.28e-56	226
CP043556.1	CP046746.1	92.405	158	12	0	1023613	1023770	540927	541084	3.28e-56	226
CP043556.1	CP046746.1	97.037	135	2	2	1018282	1018415	540951	541084	3.28e-56	226
CP043556.1	CP046746.1	97.692	130	3	0	983922	984051	499544	499673	1.18e-55	224
CP043556.1	CP046746.1	98.425	127	2	0	973007	973133	501067	500941	1.18e-55	224
CP043556.1	CP046746.1	98.425	127	2	0	1008328	1008454	500941	501067	1.18e-55	224
CP043556.1	CP046746.1	98.425	127	2	0	1054446	1054572	500941	501067	1.18e-55	224
CP043556.1	CP046746.1	94.000	150	6	3	1054446	1054593	508142	508290	1.18e-55	224
CP043556.1	CP046746.1	97.015	134	2	2	1026669	1026802	509868	509999	1.18e-55	224
CP043556.1	CP046746.1	95.139	144	4	3	1064237	1064379	516589	516730	1.18e-55	224
CP043556.1	CP046746.1	86.321	212	22	7	1004048	1004257	517279	517485	1.18e-55	224
CP043556.1	CP046746.1	97.710	131	1	2	1068819	1068948	521256	521385	1.18e-55	224
CP043556.1	CP046746.1	97.692	130	2	1	397272	397400	409030	408901	4.24e-55	222
CP043556.1	CP046746.1	97.674	129	3	0	998916	999044	495641	495769	4.24e-55	222
CP043556.1	CP046746.1	99.187	123	1	0	1051170	1051292	499548	499670	4.24e-55	222
CP043556.1	CP046746.1	97.674	129	3	0	971757	971885	508267	508139	4.24e-55	222
CP043556.1	CP046746.1	97.674	129	3	0	947708	947836	508139	508267	4.24e-55	222
CP043556.1	CP046746.1	95.683	139	5	1	1031518	1031655	516606	516744	4.24e-55	222
CP043556.1	CP046746.1	99.187	123	1	0	1037895	1038017	518515	518637	4.24e-55	222
CP043556.1	CP046746.1	97.692	130	2	1	1010734	1010863	521251	521379	4.24e-55	222
CP043556.1	CP046746.1	98.413	126	2	0	960066	960191	528346	528221	4.24e-55	222
CP043556.1	CP046746.1	99.187	123	1	0	1037895	1038017	528224	528346	4.24e-55	222
CP043556.1	CP046746.1	98.425	127	1	1	996977	997102	536594	536720	4.24e-55	222
CP043556.1	CP046746.1	97.674	129	3	0	1046130	1046258	536595	536723	4.24e-55	222
CP043556.1	CP046746.1	98.413	126	2	0	1018290	1018415	536595	536720	4.24e-55	222
CP043556.1	CP046746.1	96.992	133	2	2	1015380	1015511	540951	541082	4.24e-55	222
CP043556.1	CP046746.1	96.947	131	4	0	1027842	1027972	495637	495767	1.53e-54	220
CP043556.1	CP046746.1	96.324	136	2	3	996978	997112	495640	495773	1.53e-54	220
CP043556.1	CP046746.1	98.413	126	1	1	1045593	1045717	500301	500426	1.53e-54	220
CP043556.1	CP046746.1	98.413	126	1	1	996979	997103	500304	500429	1.53e-54	220
CP043556.1	CP046746.1	96.296	135	3	2	1049455	1049588	503921	504054	1.53e-54	220
CP043556.1	CP046746.1	98.400	125	2	0	973009	973133	508266	508142	1.53e-54	220
CP043556.1	CP046746.1	98.400	125	2	0	1008328	1008452	508142	508266	1.53e-54	220
CP043556.1	CP046746.1	99.180	122	1	0	974010	974131	508266	508145	1.53e-54	220
CP043556.1	CP046746.1	99.180	122	1	0	1053000	1053121	508145	508266	1.53e-54	220
CP043556.1	CP046746.1	98.400	125	2	0	971758	971882	522980	522856	1.53e-54	220
CP043556.1	CP046746.1	98.400	125	2	0	947711	947835	522856	522980	1.53e-54	220
CP043556.1	CP046746.1	98.400	125	2	0	1068816	1068940	522856	522980	1.53e-54	220
CP043556.1	CP046746.1	98.400	125	2	0	950086	950210	528222	528346	1.53e-54	220
CP043556.1	CP046746.1	97.674	129	2	1	973005	973132	537206	537078	1.53e-54	220
CP043556.1	CP046746.1	96.970	132	2	2	1018291	1018422	538051	538180	1.53e-54	220
CP043556.1	CP046746.1	98.400	125	2	0	1015389	1015513	538051	538175	1.53e-54	220
CP043556.1	CP046746.1	96.947	131	4	0	397270	397400	848133	848263	1.53e-54	220
CP043556.1	CP046746.1	92.810	153	8	3	1037868	1038017	495611	495763	5.49e-54	219
CP043556.1	CP046746.1	97.656	128	2	1	974006	974132	495767	495640	5.49e-54	219
CP043556.1	CP046746.1	98.387	124	2	0	952654	952777	495640	495763	5.49e-54	219
CP043556.1	CP046746.1	95.588	136	6	0	983923	984058	500301	500436	5.49e-54	219
CP043556.1	CP046746.1	98.400	125	1	1	1036323	1036446	500303	500427	5.49e-54	219
CP043556.1	CP046746.1	97.656	128	2	1	998914	999041	500942	501068	5.49e-54	219
CP043556.1	CP046746.1	97.638	127	3	0	998914	999040	516605	516731	5.49e-54	219
CP043556.1	CP046746.1	98.387	124	2	0	1001967	1002090	517279	517402	5.49e-54	219
CP043556.1	CP046746.1	97.638	127	3	0	998915	999041	518514	518640	5.49e-54	219
CP043556.1	CP046746.1	95.620	137	5	1	979422	979557	521388	521252	5.49e-54	219
CP043556.1	CP046746.1	97.638	127	3	0	1035727	1035853	521252	521378	5.49e-54	219
CP043556.1	CP046746.1	98.387	124	2	0	976713	976836	521379	521256	5.49e-54	219
CP043556.1	CP046746.1	97.638	127	3	0	1018789	1018915	528220	528346	5.49e-54	219
CP043556.1	CP046746.1	96.947	131	3	1	958249	958379	536723	536594	5.49e-54	219
CP043556.1	CP046746.1	97.638	127	3	0	946424	946550	536594	536720	5.49e-54	219
CP043556.1	CP046746.1	98.387	124	2	0	1015388	1015511	536595	536718	5.49e-54	219
CP043556.1	CP046746.1	98.387	124	2	0	1034724	1034847	536595	536718	5.49e-54	219
CP043556.1	CP046746.1	98.387	124	2	0	1051169	1051292	536595	536718	5.49e-54	219
CP043556.1	CP046746.1	96.947	131	3	1	989528	989657	536596	536726	5.49e-54	219
CP043556.1	CP046746.1	97.656	128	2	1	1008329	1008455	537078	537205	5.49e-54	219
CP043556.1	CP046746.1	97.656	128	2	1	1054447	1054573	537078	537205	5.49e-54	219
CP043556.1	CP046746.1	98.387	124	2	0	1035731	1035854	537080	537203	5.49e-54	219
CP043556.1	CP046746.1	98.387	124	2	0	1051170	1051293	538051	538174	5.49e-54	219
CP043556.1	CP046746.1	98.387	124	2	0	983926	984049	539149	539272	5.49e-54	219
CP043556.1	CP046746.1	98.387	124	2	0	1064255	1064378	539768	539891	5.49e-54	219
CP043556.1	CP046746.1	96.241	133	3	2	1026676	1026806	495641	495773	1.97e-53	217
CP043556.1	CP046746.1	97.638	127	2	1	1036320	1036445	497425	497551	1.97e-53	217
CP043556.1	CP046746.1	97.638	127	1	2	946426	946551	499548	499673	1.97e-53	217
CP043556.1	CP046746.1	97.619	126	3	0	966932	967057	500428	500303	1.97e-53	217
CP043556.1	CP046746.1	97.638	127	2	1	1064253	1064379	500941	501066	1.97e-53	217
CP043556.1	CP046746.1	98.387	124	1	1	1035731	1035854	500944	501066	1.97e-53	217
CP043556.1	CP046746.1	98.387	124	1	1	946426	946549	503924	504046	1.97e-53	217
CP043556.1	CP046746.1	96.923	130	3	1	1036319	1036447	504505	504634	1.97e-53	217
CP043556.1	CP046746.1	98.387	124	1	1	996979	997101	504510	504633	1.97e-53	217
CP043556.1	CP046746.1	98.387	124	1	1	1064255	1064378	505129	505251	1.97e-53	217
CP043556.1	CP046746.1	97.619	126	3	0	996978	997103	510405	510530	1.97e-53	217
CP043556.1	CP046746.1	96.241	133	4	1	1052990	1053121	511614	511746	1.97e-53	217
CP043556.1	CP046746.1	96.241	133	4	1	985957	986089	516031	516162	1.97e-53	217
CP043556.1	CP046746.1	96.899	129	4	0	983922	984050	516603	516731	1.97e-53	217
CP043556.1	CP046746.1	95.588	136	5	1	1032140	1032274	517265	517400	1.97e-53	217
CP043556.1	CP046746.1	97.619	126	3	0	955340	955465	517277	517402	1.97e-53	217
CP043556.1	CP046746.1	94.444	144	3	5	1031517	1031658	518513	518653	1.97e-53	217
CP043556.1	CP046746.1	97.619	126	3	0	983925	984050	518514	518639	1.97e-53	217
CP043556.1	CP046746.1	97.619	126	3	0	979428	979553	518640	518515	1.97e-53	217
CP043556.1	CP046746.1	96.923	130	3	1	996345	996474	519719	519847	1.97e-53	217
CP043556.1	CP046746.1	98.387	124	1	1	1037895	1038018	519721	519843	1.97e-53	217
CP043556.1	CP046746.1	94.964	139	6	1	952641	952778	521241	521379	1.97e-53	217
CP043556.1	CP046746.1	97.638	127	2	1	1010736	1010862	522855	522980	1.97e-53	217
CP043556.1	CP046746.1	96.241	133	4	1	971758	971889	528346	528214	1.97e-53	217
CP043556.1	CP046746.1	96.923	130	3	1	1068812	1068940	528217	528346	1.97e-53	217
CP043556.1	CP046746.1	96.241	133	3	2	1039758	1039888	528219	528351	1.97e-53	217
CP043556.1	CP046746.1	97.619	126	3	0	972579	972704	528346	528221	1.97e-53	217
CP043556.1	CP046746.1	97.619	126	3	0	1064253	1064378	528221	528346	1.97e-53	217
CP043556.1	CP046746.1	98.387	124	1	1	948248	948370	528224	528347	1.97e-53	217
CP043556.1	CP046746.1	98.374	123	2	0	1027846	1027968	528224	528346	1.97e-53	217
CP043556.1	CP046746.1	97.619	126	3	0	1027845	1027970	536595	536720	1.97e-53	217
CP043556.1	CP046746.1	96.923	130	3	1	1037888	1038017	537074	537202	1.97e-53	217
CP043556.1	CP046746.1	97.619	126	3	0	1018291	1018416	537080	537205	1.97e-53	217
CP043556.1	CP046746.1	86.500	200	24	3	702209	702407	597357	597160	1.97e-53	217
CP043556.1	CP046746.1	96.212	132	5	0	471945	472076	989008	988877	1.97e-53	217
CP043556.1	CP046746.1	95.556	135	4	2	977997	978130	495770	495637	7.10e-53	215
CP043556.1	CP046746.1	96.183	131	5	0	1063756	1063886	495637	495767	7.10e-53	215
CP043556.1	CP046746.1	96.212	132	4	1	976243	976373	495769	495638	7.10e-53	215
CP043556.1	CP046746.1	97.619	126	2	1	991066	991190	495638	495763	7.10e-53	215
CP043556.1	CP046746.1	96.183	131	5	0	965574	965704	495771	495641	7.10e-53	215
CP043556.1	CP046746.1	97.619	126	2	1	955342	955466	495641	495766	7.10e-53	215
CP043556.1	CP046746.1	96.212	132	4	1	1058405	1058535	500298	500429	7.10e-53	215
CP043556.1	CP046746.1	96.183	131	5	0	960061	960191	500431	500301	7.10e-53	215
CP043556.1	CP046746.1	97.600	125	3	0	983925	984049	504509	504633	7.10e-53	215
CP043556.1	CP046746.1	96.875	128	4	0	1037895	1038022	504510	504637	7.10e-53	215
CP043556.1	CP046746.1	96.899	129	2	2	998915	999043	505129	505255	7.10e-53	215
CP043556.1	CP046746.1	97.619	126	2	1	1064253	1064378	508142	508266	7.10e-53	215
CP043556.1	CP046746.1	96.212	132	3	2	998914	999044	508143	508273	7.10e-53	215
CP043556.1	CP046746.1	97.619	126	2	1	1037895	1038020	508145	508269	7.10e-53	215
CP043556.1	CP046746.1	98.374	123	1	1	1035731	1035853	508145	508266	7.10e-53	215
CP043556.1	CP046746.1	98.361	122	2	0	987365	987486	508736	508857	7.10e-53	215
CP043556.1	CP046746.1	96.875	128	4	0	956111	956238	509871	509998	7.10e-53	215
CP043556.1	CP046746.1	97.619	126	2	1	996979	997104	509874	509998	7.10e-53	215
CP043556.1	CP046746.1	97.619	126	2	1	1034722	1034847	510403	510527	7.10e-53	215
CP043556.1	CP046746.1	97.600	125	3	0	973009	973133	511212	511088	7.10e-53	215
CP043556.1	CP046746.1	98.361	122	2	0	974010	974131	511212	511091	7.10e-53	215
CP043556.1	CP046746.1	97.600	125	3	0	974008	974132	511748	511624	7.10e-53	215
CP043556.1	CP046746.1	98.361	122	2	0	971758	971879	511746	511625	7.10e-53	215
CP043556.1	CP046746.1	98.361	122	2	0	947714	947835	511625	511746	7.10e-53	215
CP043556.1	CP046746.1	97.600	125	3	0	956112	956236	515351	515475	7.10e-53	215
CP043556.1	CP046746.1	94.326	141	7	1	987347	987486	516589	516729	7.10e-53	215
CP043556.1	CP046746.1	94.928	138	5	2	951899	952036	516594	516729	7.10e-53	215
CP043556.1	CP046746.1	95.556	135	4	2	1001957	1002090	516598	516731	7.10e-53	215
CP043556.1	CP046746.1	97.600	125	3	0	977223	977347	517401	517277	7.10e-53	215
CP043556.1	CP046746.1	97.619	126	2	1	1064254	1064379	517277	517401	7.10e-53	215
CP043556.1	CP046746.1	96.183	131	5	0	974968	975098	518644	518514	7.10e-53	215
CP043556.1	CP046746.1	97.600	125	3	0	1027846	1027970	518515	518639	7.10e-53	215
CP043556.1	CP046746.1	97.619	126	2	1	976713	976838	519843	519719	7.10e-53	215
CP043556.1	CP046746.1	98.361	122	2	0	974010	974131	519842	519721	7.10e-53	215
CP043556.1	CP046746.1	97.600	125	3	0	996978	997102	526076	526200	7.10e-53	215
CP043556.1	CP046746.1	97.619	126	2	1	966931	967056	526201	526077	7.10e-53	215
CP043556.1	CP046746.1	96.212	132	4	1	947705	947835	528215	528346	7.10e-53	215
CP043556.1	CP046746.1	97.600	125	3	0	974975	975099	528346	528222	7.10e-53	215
CP043556.1	CP046746.1	98.374	123	1	1	987365	987486	536596	536718	7.10e-53	215
CP043556.1	CP046746.1	96.212	132	4	1	1030428	1030558	537073	537204	7.10e-53	215
CP043556.1	CP046746.1	96.875	128	4	0	983924	984051	537078	537205	7.10e-53	215
CP043556.1	CP046746.1	97.600	125	3	0	1070303	1070427	538050	538174	7.10e-53	215
CP043556.1	CP046746.1	96.899	129	3	1	961250	961378	539272	539145	7.10e-53	215
CP043556.1	CP046746.1	96.850	127	4	0	1070304	1070430	493616	493742	2.55e-52	213
CP043556.1	CP046746.1	92.617	149	9	2	952759	952906	495209	495356	2.55e-52	213
CP043556.1	CP046746.1	94.928	138	4	3	1001956	1002091	495630	495766	2.55e-52	213
CP043556.1	CP046746.1	94.891	137	5	2	1023637	1023772	495632	495767	2.55e-52	213
CP043556.1	CP046746.1	95.522	134	4	2	975607	975739	495769	495637	2.55e-52	213
CP043556.1	CP046746.1	96.875	128	3	1	950083	950210	495637	495763	2.55e-52	213
CP043556.1	CP046746.1	95.489	133	6	0	951914	952046	495641	495773	2.55e-52	213
CP043556.1	CP046746.1	95.522	134	5	1	1042050	1042183	495641	495773	2.55e-52	213
CP043556.1	CP046746.1	96.850	127	4	0	1027846	1027972	499548	499674	2.55e-52	213
CP043556.1	CP046746.1	91.250	160	8	4	1044904	1045060	500273	500429	2.55e-52	213
CP043556.1	CP046746.1	95.522	134	5	1	1026665	1026798	500294	500426	2.55e-52	213
CP043556.1	CP046746.1	96.183	131	4	1	1027842	1027971	500299	500429	2.55e-52	213
CP043556.1	CP046746.1	96.850	127	4	0	975610	975736	501068	500942	2.55e-52	213
CP043556.1	CP046746.1	97.581	124	3	0	974008	974131	501067	500944	2.55e-52	213
CP043556.1	CP046746.1	97.581	124	3	0	1009399	1009522	500944	501067	2.55e-52	213
CP043556.1	CP046746.1	97.581	124	3	0	1026675	1026798	504509	504632	2.55e-52	213
CP043556.1	CP046746.1	97.581	124	3	0	946426	946549	504510	504633	2.55e-52	213
CP043556.1	CP046746.1	97.581	124	3	0	1027846	1027969	504510	504633	2.55e-52	213
CP043556.1	CP046746.1	94.286	140	7	1	989523	989662	506300	506438	2.55e-52	213
CP043556.1	CP046746.1	96.850	127	4	0	973005	973131	507631	507505	2.55e-52	213
CP043556.1	CP046746.1	94.326	141	5	3	996346	996485	508144	508282	2.55e-52	213
CP043556.1	CP046746.1	94.286	140	6	2	1003026	1003163	509869	510008	2.55e-52	213
CP043556.1	CP046746.1	96.183	131	4	1	1062312	1062442	511087	511216	2.55e-52	213
CP043556.1	CP046746.1	97.581	124	3	0	1051929	1052052	511091	511214	2.55e-52	213
CP043556.1	CP046746.1	97.581	124	3	0	951914	952037	513145	513268	2.55e-52	213
CP043556.1	CP046746.1	97.600	125	2	1	1057730	1057853	516607	516731	2.55e-52	213
CP043556.1	CP046746.1	96.875	128	3	1	956108	956235	517274	517400	2.55e-52	213
CP043556.1	CP046746.1	97.581	124	3	0	1039761	1039884	517277	517400	2.55e-52	213
CP043556.1	CP046746.1	85.446	213	22	8	1034725	1034934	517279	517485	2.55e-52	213
CP043556.1	CP046746.1	96.183	131	4	1	952647	952777	518508	518637	2.55e-52	213
CP043556.1	CP046746.1	97.600	125	2	1	974008	974131	518639	518515	2.55e-52	213
CP043556.1	CP046746.1	97.600	125	2	1	1009399	1009522	518515	518639	2.55e-52	213
CP043556.1	CP046746.1	97.581	124	3	0	1035731	1035854	518515	518638	2.55e-52	213
CP043556.1	CP046746.1	94.891	137	5	2	1068818	1068953	519720	519855	2.55e-52	213
CP043556.1	CP046746.1	97.581	124	3	0	971757	971880	519843	519720	2.55e-52	213
CP043556.1	CP046746.1	97.581	124	3	0	947713	947836	519720	519843	2.55e-52	213
CP043556.1	CP046746.1	96.850	127	4	0	1034722	1034848	521253	521379	2.55e-52	213
CP043556.1	CP046746.1	96.875	128	3	1	974971	975097	521383	521256	2.55e-52	213
CP043556.1	CP046746.1	94.891	137	5	2	1064244	1064380	522848	522982	2.55e-52	213
CP043556.1	CP046746.1	98.361	122	1	1	987365	987486	524952	525072	2.55e-52	213
CP043556.1	CP046746.1	96.850	127	4	0	983922	984048	528220	528346	2.55e-52	213
CP043556.1	CP046746.1	96.850	127	4	0	1026672	1026798	528220	528346	2.55e-52	213
CP043556.1	CP046746.1	97.600	125	2	1	955340	955463	528222	528346	2.55e-52	213
CP043556.1	CP046746.1	92.617	149	9	2	1049435	1049582	528917	529064	2.55e-52	213
CP043556.1	CP046746.1	97.581	124	3	0	946426	946549	528940	529063	2.55e-52	213
CP043556.1	CP046746.1	97.581	124	3	0	983926	984049	528940	529063	2.55e-52	213
CP043556.1	CP046746.1	97.581	124	3	0	998916	999039	528940	529063	2.55e-52	213
CP043556.1	CP046746.1	97.581	124	3	0	991069	991192	535071	535194	2.55e-52	213
CP043556.1	CP046746.1	97.581	124	3	0	1037894	1038017	536595	536718	2.55e-52	213
CP043556.1	CP046746.1	97.581	124	3	0	1064256	1064379	536596	536719	2.55e-52	213
CP043556.1	CP046746.1	96.850	127	4	0	944554	944680	537079	537205	2.55e-52	213
CP043556.1	CP046746.1	96.154	130	5	0	1015389	1015518	537080	537209	2.55e-52	213
CP043556.1	CP046746.1	96.850	127	4	0	1046131	1046257	538051	538177	2.55e-52	213
CP043556.1	CP046746.1	97.581	124	3	0	1034724	1034847	539148	539271	2.55e-52	213
CP043556.1	CP046746.1	96.875	128	3	1	1030434	1030561	539769	539895	2.55e-52	213
CP043556.1	CP046746.1	96.124	129	5	0	924419	924547	20685	20557	9.18e-52	211
CP043556.1	CP046746.1	96.124	129	5	0	425833	425961	20559	20687	9.18e-52	211
CP043556.1	CP046746.1	95.455	132	6	0	686494	686625	183949	183818	9.18e-52	211
CP043556.1	CP046746.1	95.489	133	5	1	515296	515427	409030	408898	9.18e-52	211
CP043556.1	CP046746.1	95.489	133	5	1	968368	968499	495765	495633	9.18e-52	211
CP043556.1	CP046746.1	95.489	133	5	1	1007135	1007266	495634	495766	9.18e-52	211
CP043556.1	CP046746.1	96.124	129	5	0	979429	979557	495765	495637	9.18e-52	211
CP043556.1	CP046746.1	96.825	126	4	0	972576	972701	495766	495641	9.18e-52	211
CP043556.1	CP046746.1	97.561	123	3	0	960066	960188	495763	495641	9.18e-52	211
CP043556.1	CP046746.1	97.561	123	3	0	1016478	1016600	495641	495763	9.18e-52	211
CP043556.1	CP046746.1	96.850	127	3	1	989524	989649	497425	497551	9.18e-52	211
CP043556.1	CP046746.1	94.203	138	8	0	1007132	1007269	498910	499047	9.18e-52	211
CP043556.1	CP046746.1	96.154	130	3	2	1049453	1049581	499543	499671	9.18e-52	211
CP043556.1	CP046746.1	96.124	129	5	0	950082	950210	500298	500426	9.18e-52	211
CP043556.1	CP046746.1	96.850	127	3	1	1034722	1034847	500300	500426	9.18e-52	211
CP043556.1	CP046746.1	96.124	129	5	0	946423	946551	500301	500429	9.18e-52	211
CP043556.1	CP046746.1	96.850	127	3	1	1069390	1069515	500301	500427	9.18e-52	211
CP043556.1	CP046746.1	96.825	126	4	0	951911	952036	500301	500426	9.18e-52	211
CP043556.1	CP046746.1	96.825	126	4	0	1026067	1026192	500304	500429	9.18e-52	211
CP043556.1	CP046746.1	93.662	142	8	1	983919	984060	503917	504057	9.18e-52	211
CP043556.1	CP046746.1	97.561	123	3	0	996979	997101	503924	504046	9.18e-52	211
CP043556.1	CP046746.1	96.825	126	4	0	966933	967058	504633	504508	9.18e-52	211
CP043556.1	CP046746.1	97.581	124	1	2	973009	973131	505251	505129	9.18e-52	211
CP043556.1	CP046746.1	96.154	130	4	1	1030901	1031030	505664	505792	9.18e-52	211
CP043556.1	CP046746.1	97.581	124	2	1	983926	984049	505668	505790	9.18e-52	211
CP043556.1	CP046746.1	91.558	154	11	2	955331	955483	508134	508286	9.18e-52	211
CP043556.1	CP046746.1	96.825	126	4	0	956111	956236	508142	508267	9.18e-52	211
CP043556.1	CP046746.1	96.850	127	3	1	1010737	1010863	508142	508267	9.18e-52	211
CP043556.1	CP046746.1	97.581	124	2	1	969044	969167	508267	508145	9.18e-52	211
CP043556.1	CP046746.1	96.850	127	3	1	1018290	1018416	508735	508860	9.18e-52	211
CP043556.1	CP046746.1	95.489	133	5	1	1058401	1058532	509863	509995	9.18e-52	211
CP043556.1	CP046746.1	97.561	123	3	0	989527	989649	509873	509995	9.18e-52	211
CP043556.1	CP046746.1	96.154	130	4	1	1027842	1027971	510402	510530	9.18e-52	211
CP043556.1	CP046746.1	96.850	127	3	1	983926	984052	510406	510531	9.18e-52	211
CP043556.1	CP046746.1	96.850	127	3	1	983922	984048	511087	511212	9.18e-52	211
CP043556.1	CP046746.1	96.154	130	4	1	975610	975739	511749	511621	9.18e-52	211
CP043556.1	CP046746.1	96.850	127	3	1	1030433	1030559	511624	511749	9.18e-52	211
CP043556.1	CP046746.1	96.850	127	3	1	1056788	1056914	515351	515476	9.18e-52	211
CP043556.1	CP046746.1	97.561	123	3	0	1036323	1036445	515352	515474	9.18e-52	211
CP043556.1	CP046746.1	96.124	129	5	0	1037889	1038017	516601	516729	9.18e-52	211
CP043556.1	CP046746.1	96.154	130	3	2	946918	947046	516603	516731	9.18e-52	211
CP043556.1	CP046746.1	96.825	126	4	0	960066	960191	516729	516604	9.18e-52	211
CP043556.1	CP046746.1	96.850	127	3	1	1029862	1029987	516607	516733	9.18e-52	211
CP043556.1	CP046746.1	96.825	126	4	0	973007	973132	517402	517277	9.18e-52	211
CP043556.1	CP046746.1	96.825	126	4	0	1008329	1008454	517277	517402	9.18e-52	211
CP043556.1	CP046746.1	96.825	126	4	0	1024229	1024354	517277	517402	9.18e-52	211
CP043556.1	CP046746.1	96.825	126	4	0	1054447	1054572	517277	517402	9.18e-52	211
CP043556.1	CP046746.1	96.850	127	3	1	991069	991194	517279	517405	9.18e-52	211
CP043556.1	CP046746.1	95.489	133	4	2	973007	973138	518639	518508	9.18e-52	211
CP043556.1	CP046746.1	96.825	126	4	0	1014009	1014134	518513	518638	9.18e-52	211
CP043556.1	CP046746.1	96.850	127	3	1	975610	975735	518640	518514	9.18e-52	211
CP043556.1	CP046746.1	97.581	124	2	1	1068818	1068940	518514	518637	9.18e-52	211
CP043556.1	CP046746.1	96.825	126	4	0	1030434	1030559	518515	518640	9.18e-52	211
CP043556.1	CP046746.1	96.154	130	3	2	998910	999038	519714	519842	9.18e-52	211
CP043556.1	CP046746.1	94.853	136	5	2	950087	950221	519720	519854	9.18e-52	211
CP043556.1	CP046746.1	97.561	123	3	0	975613	975735	519842	519720	9.18e-52	211
CP043556.1	CP046746.1	97.561	123	3	0	973009	973131	519842	519720	9.18e-52	211
CP043556.1	CP046746.1	97.561	123	3	0	1008330	1008452	519720	519842	9.18e-52	211
CP043556.1	CP046746.1	97.561	123	3	0	1030905	1031027	519720	519842	9.18e-52	211
CP043556.1	CP046746.1	97.561	123	3	0	1054448	1054570	519720	519842	9.18e-52	211
CP043556.1	CP046746.1	97.581	124	2	1	952655	952778	519721	519843	9.18e-52	211
CP043556.1	CP046746.1	96.124	129	5	0	1012800	1012928	521251	521379	9.18e-52	211
CP043556.1	CP046746.1	96.850	127	3	1	1009395	1009520	521252	521378	9.18e-52	211
CP043556.1	CP046746.1	96.850	127	3	1	1064252	1064378	521253	521378	9.18e-52	211
CP043556.1	CP046746.1	97.581	124	2	1	974010	974132	521378	521255	9.18e-52	211
CP043556.1	CP046746.1	95.489	133	5	1	998916	999047	521256	521388	9.18e-52	211
CP043556.1	CP046746.1	97.561	123	3	0	988941	989063	521256	521378	9.18e-52	211
CP043556.1	CP046746.1	96.850	127	2	2	1037892	1038017	522855	522980	9.18e-52	211
CP043556.1	CP046746.1	96.154	130	4	1	988939	989068	522857	522985	9.18e-52	211
CP043556.1	CP046746.1	97.561	123	3	0	974009	974131	522981	522859	9.18e-52	211
CP043556.1	CP046746.1	96.154	130	3	2	961249	961378	526200	526073	9.18e-52	211
CP043556.1	CP046746.1	96.850	127	3	1	947712	947838	526717	526842	9.18e-52	211
CP043556.1	CP046746.1	95.489	133	5	1	1058401	1058532	528214	528346	9.18e-52	211
CP043556.1	CP046746.1	95.489	133	4	2	979431	979562	528346	528215	9.18e-52	211
CP043556.1	CP046746.1	95.489	133	4	2	1063751	1063882	528215	528346	9.18e-52	211
CP043556.1	CP046746.1	96.825	126	4	0	1010737	1010862	528221	528346	9.18e-52	211
CP043556.1	CP046746.1	97.561	123	3	0	952655	952777	528224	528346	9.18e-52	211
CP043556.1	CP046746.1	97.561	123	3	0	1035731	1035853	528224	528346	9.18e-52	211
CP043556.1	CP046746.1	97.581	124	2	1	974009	974131	529063	528940	9.18e-52	211
CP043556.1	CP046746.1	97.561	123	3	0	1037895	1038017	528940	529062	9.18e-52	211
CP043556.1	CP046746.1	97.561	123	3	0	987364	987486	530324	530446	9.18e-52	211
CP043556.1	CP046746.1	96.124	129	5	0	997756	997884	535064	535192	9.18e-52	211
CP043556.1	CP046746.1	96.154	130	4	1	1056783	1056912	536590	536718	9.18e-52	211
CP043556.1	CP046746.1	96.825	126	4	0	1048716	1048841	536594	536719	9.18e-52	211
CP043556.1	CP046746.1	93.662	142	8	1	1056118	1056258	536596	536737	9.18e-52	211
CP043556.1	CP046746.1	97.561	123	3	0	1026676	1026798	536596	536718	9.18e-52	211
CP043556.1	CP046746.1	95.489	133	4	2	974007	974137	537205	537073	9.18e-52	211
CP043556.1	CP046746.1	96.825	126	4	0	1027846	1027971	537080	537205	9.18e-52	211
CP043556.1	CP046746.1	97.561	123	3	0	1029862	1029984	537080	537202	9.18e-52	211
CP043556.1	CP046746.1	96.850	127	3	1	987362	987487	538048	538174	9.18e-52	211
CP043556.1	CP046746.1	96.825	126	4	0	946423	946548	538048	538173	9.18e-52	211
CP043556.1	CP046746.1	97.561	123	3	0	972579	972701	538734	538612	9.18e-52	211
CP043556.1	CP046746.1	97.581	124	2	1	989528	989650	539149	539272	9.18e-52	211
CP043556.1	CP046746.1	97.561	123	3	0	1070304	1070426	539149	539271	9.18e-52	211
CP043556.1	CP046746.1	95.489	133	5	1	976706	976838	539898	539767	9.18e-52	211
CP043556.1	CP046746.1	97.581	124	2	1	973009	973131	539891	539768	9.18e-52	211
CP043556.1	CP046746.1	96.124	129	3	2	1030901	1031028	495637	495764	3.30e-51	209
CP043556.1	CP046746.1	96.124	129	4	1	1057727	1057854	495638	495766	3.30e-51	209
CP043556.1	CP046746.1	94.203	138	7	1	1005170	1005307	495640	495776	3.30e-51	209
CP043556.1	CP046746.1	95.455	132	5	1	1064256	1064386	495641	495772	3.30e-51	209
CP043556.1	CP046746.1	96.825	126	3	1	973006	973130	495766	495641	3.30e-51	209
CP043556.1	CP046746.1	96.825	126	3	1	1008331	1008455	495641	495766	3.30e-51	209
CP043556.1	CP046746.1	96.825	126	3	1	1054449	1054573	495641	495766	3.30e-51	209
CP043556.1	CP046746.1	97.561	123	2	1	1039763	1039884	495641	495763	3.30e-51	209
CP043556.1	CP046746.1	96.094	128	5	0	1070301	1070428	497426	497553	3.30e-51	209
CP043556.1	CP046746.1	96.124	129	4	1	1035727	1035854	500299	500427	3.30e-51	209
CP043556.1	CP046746.1	96.825	126	3	1	956111	956235	500301	500426	3.30e-51	209
CP043556.1	CP046746.1	96.825	126	3	1	987362	987486	500301	500426	3.30e-51	209
CP043556.1	CP046746.1	96.094	128	5	0	966154	966281	500429	500302	3.30e-51	209
CP043556.1	CP046746.1	95.455	132	5	1	1030428	1030559	500938	501068	3.30e-51	209
CP043556.1	CP046746.1	96.094	128	5	0	971758	971885	501065	500938	3.30e-51	209
CP043556.1	CP046746.1	96.094	128	5	0	947708	947835	500938	501065	3.30e-51	209
CP043556.1	CP046746.1	96.800	125	4	0	956111	956235	500941	501065	3.30e-51	209
CP043556.1	CP046746.1	97.561	123	2	1	1037895	1038017	500944	501065	3.30e-51	209
CP043556.1	CP046746.1	97.541	122	3	0	1053000	1053121	500944	501065	3.30e-51	209
CP043556.1	CP046746.1	96.800	125	4	0	989526	989650	503922	504046	3.30e-51	209
CP043556.1	CP046746.1	96.124	129	4	1	961246	961374	504050	503923	3.30e-51	209
CP043556.1	CP046746.1	95.420	131	6	0	1049452	1049582	504504	504634	3.30e-51	209
CP043556.1	CP046746.1	96.825	126	3	1	1069392	1069516	504509	504634	3.30e-51	209
CP043556.1	CP046746.1	96.800	125	4	0	961250	961374	504633	504509	3.30e-51	209
CP043556.1	CP046746.1	96.800	125	4	0	998915	999039	504509	504633	3.30e-51	209
CP043556.1	CP046746.1	96.800	125	4	0	1048718	1048842	504510	504634	3.30e-51	209
CP043556.1	CP046746.1	93.617	141	7	2	1036324	1036463	505668	505807	3.30e-51	209
CP043556.1	CP046746.1	97.541	122	3	0	987365	987486	505668	505789	3.30e-51	209
CP043556.1	CP046746.1	94.776	134	7	0	987353	987486	506293	506426	3.30e-51	209
CP043556.1	CP046746.1	95.420	131	6	0	1031512	1031642	506298	506428	3.30e-51	209
CP043556.1	CP046746.1	96.825	126	3	1	1063760	1063885	507506	507630	3.30e-51	209
CP043556.1	CP046746.1	97.541	122	3	0	1009399	1009520	508145	508266	3.30e-51	209
CP043556.1	CP046746.1	96.800	125	4	0	1069390	1069514	509871	509995	3.30e-51	209
CP043556.1	CP046746.1	97.541	122	3	0	987365	987486	510406	510527	3.30e-51	209
CP043556.1	CP046746.1	97.561	123	2	1	1056790	1056912	510406	510527	3.30e-51	209
CP043556.1	CP046746.1	96.124	129	4	1	1064250	1064378	511085	511212	3.30e-51	209
CP043556.1	CP046746.1	88.953	172	16	3	1068288	1068458	515305	515474	3.30e-51	209
CP043556.1	CP046746.1	97.541	122	3	0	996979	997100	515353	515474	3.30e-51	209
CP043556.1	CP046746.1	94.815	135	6	1	1007132	1007265	516597	516731	3.30e-51	209
CP043556.1	CP046746.1	96.094	128	5	0	972577	972704	516731	516604	3.30e-51	209
CP043556.1	CP046746.1	96.800	125	4	0	950086	950210	516605	516729	3.30e-51	209
CP043556.1	CP046746.1	96.800	125	4	0	1026067	1026191	516607	516731	3.30e-51	209
CP043556.1	CP046746.1	96.800	125	4	0	1027846	1027970	516607	516731	3.30e-51	209
CP043556.1	CP046746.1	96.800	125	4	0	1030434	1030558	516607	516731	3.30e-51	209
CP043556.1	CP046746.1	96.124	129	4	1	947712	947839	517277	517405	3.30e-51	209
CP043556.1	CP046746.1	96.800	125	4	0	1030904	1031028	517277	517401	3.30e-51	209
CP043556.1	CP046746.1	96.800	125	4	0	1031518	1031642	517278	517402	3.30e-51	209
CP043556.1	CP046746.1	96.800	125	4	0	968367	968491	517403	517279	3.30e-51	209
CP043556.1	CP046746.1	97.541	122	3	0	1011280	1011401	517279	517400	3.30e-51	209
CP043556.1	CP046746.1	96.124	129	4	1	1008327	1008454	518511	518639	3.30e-51	209
CP043556.1	CP046746.1	96.124	129	4	1	1054445	1054572	518511	518639	3.30e-51	209
CP043556.1	CP046746.1	96.124	129	4	1	989526	989653	518513	518641	3.30e-51	209
CP043556.1	CP046746.1	96.800	125	4	0	976714	976838	518637	518513	3.30e-51	209
CP043556.1	CP046746.1	96.800	125	4	0	1018291	1018415	518515	518639	3.30e-51	209
CP043556.1	CP046746.1	96.800	125	4	0	1026067	1026191	518515	518639	3.30e-51	209
CP043556.1	CP046746.1	96.825	126	3	1	974973	975098	519844	519720	3.30e-51	209
CP043556.1	CP046746.1	97.541	122	3	0	976249	976370	519842	519721	3.30e-51	209
CP043556.1	CP046746.1	97.541	122	3	0	996979	997100	519721	519842	3.30e-51	209
CP043556.1	CP046746.1	97.541	122	3	0	1007142	1007263	519721	519842	3.30e-51	209
CP043556.1	CP046746.1	97.561	123	2	1	1035731	1035853	519721	519842	3.30e-51	209
CP043556.1	CP046746.1	93.617	141	8	1	1046127	1046266	521252	521392	3.30e-51	209
CP043556.1	CP046746.1	96.094	128	5	0	1051166	1051293	521252	521379	3.30e-51	209
CP043556.1	CP046746.1	96.800	125	4	0	969044	969168	521379	521255	3.30e-51	209
CP043556.1	CP046746.1	96.800	125	4	0	951914	952038	521256	521380	3.30e-51	209
CP043556.1	CP046746.1	94.203	138	7	1	1035721	1035858	522849	522985	3.30e-51	209
CP043556.1	CP046746.1	96.800	125	4	0	974008	974132	526200	526076	3.30e-51	209
CP043556.1	CP046746.1	96.825	126	3	1	946425	946550	526076	526200	3.30e-51	209
CP043556.1	CP046746.1	96.800	125	4	0	989528	989652	526077	526201	3.30e-51	209
CP043556.1	CP046746.1	94.203	138	6	2	977219	977355	528350	528214	3.30e-51	209
CP043556.1	CP046746.1	95.455	132	5	1	973009	973139	528346	528215	3.30e-51	209
CP043556.1	CP046746.1	95.455	132	4	2	1069388	1069518	528219	528349	3.30e-51	209
CP043556.1	CP046746.1	96.094	128	5	0	965582	965709	528346	528219	3.30e-51	209
CP043556.1	CP046746.1	96.825	126	3	1	1008328	1008452	528221	528346	3.30e-51	209
CP043556.1	CP046746.1	96.825	126	3	1	1054446	1054570	528221	528346	3.30e-51	209
CP043556.1	CP046746.1	96.124	129	3	2	1030904	1031031	528222	528349	3.30e-51	209
CP043556.1	CP046746.1	96.800	125	4	0	1016476	1016600	528222	528346	3.30e-51	209
CP043556.1	CP046746.1	97.561	123	2	1	974010	974131	528346	528224	3.30e-51	209
CP043556.1	CP046746.1	97.561	123	2	1	991069	991190	528224	528346	3.30e-51	209
CP043556.1	CP046746.1	97.561	123	2	1	996979	997100	528224	528346	3.30e-51	209
CP043556.1	CP046746.1	97.561	123	2	1	1009399	1009520	528224	528346	3.30e-51	209
CP043556.1	CP046746.1	96.094	128	5	0	998912	999039	529748	529875	3.30e-51	209
CP043556.1	CP046746.1	93.617	141	7	2	1026067	1026206	530325	530464	3.30e-51	209
CP043556.1	CP046746.1	96.094	128	5	0	955340	955467	534420	534547	3.30e-51	209
CP043556.1	CP046746.1	96.800	125	4	0	1030904	1031028	534420	534544	3.30e-51	209
CP043556.1	CP046746.1	94.776	134	7	0	947704	947837	535061	535194	3.30e-51	209
CP043556.1	CP046746.1	97.541	122	3	0	968370	968491	535192	535071	3.30e-51	209
CP043556.1	CP046746.1	96.094	128	5	0	961249	961376	536720	536593	3.30e-51	209
CP043556.1	CP046746.1	96.094	128	5	0	998913	999040	536593	536720	3.30e-51	209
CP043556.1	CP046746.1	96.800	125	4	0	966932	967056	536720	536596	3.30e-51	209
CP043556.1	CP046746.1	94.776	134	7	0	974975	975108	537202	537069	3.30e-51	209
CP043556.1	CP046746.1	96.825	126	3	1	1009399	1009523	537080	537205	3.30e-51	209
CP043556.1	CP046746.1	96.800	125	4	0	979429	979553	537204	537080	3.30e-51	209
CP043556.1	CP046746.1	93.056	144	8	2	961251	961394	538173	538032	3.30e-51	209
CP043556.1	CP046746.1	96.800	125	4	0	946425	946549	539148	539272	3.30e-51	209
CP043556.1	CP046746.1	97.561	123	2	1	987365	987486	539149	539271	3.30e-51	209
CP043556.1	CP046746.1	96.124	129	4	1	998915	999043	539768	539895	3.30e-51	209
CP043556.1	CP046746.1	96.800	125	4	0	974974	975098	539892	539768	3.30e-51	209
CP043556.1	CP046746.1	95.489	133	2	4	991066	991197	540303	540432	3.30e-51	209
CP043556.1	CP046746.1	96.800	125	4	0	1056118	1056242	540960	541084	3.30e-51	209
CP043556.1	CP046746.1	96.094	128	5	0	983925	984052	542567	542694	3.30e-51	209
CP043556.1	CP046746.1	95.455	132	4	2	958247	958377	542698	542568	3.30e-51	209
CP043556.1	CP046746.1	96.094	128	5	0	397273	397400	696991	696864	3.30e-51	209
CP043556.1	CP046746.1	96.063	127	5	0	924419	924545	327390	327516	1.19e-50	207
CP043556.1	CP046746.1	94.776	134	5	2	1052990	1053121	495630	495763	1.19e-50	207
CP043556.1	CP046746.1	96.094	128	4	1	974975	975102	495763	495637	1.19e-50	207
CP043556.1	CP046746.1	95.385	130	6	0	1030433	1030562	495640	495769	1.19e-50	207
CP043556.1	CP046746.1	96.094	128	4	1	969042	969168	495767	495640	1.19e-50	207
CP043556.1	CP046746.1	96.063	127	5	0	946425	946551	495640	495766	1.19e-50	207
CP043556.1	CP046746.1	96.094	128	3	2	971754	971879	495768	495641	1.19e-50	207
CP043556.1	CP046746.1	96.800	125	3	1	989528	989651	495641	495765	1.19e-50	207
CP043556.1	CP046746.1	94.161	137	6	2	1032152	1032286	497428	497564	1.19e-50	207
CP043556.1	CP046746.1	95.385	130	6	0	955340	955469	498918	499047	1.19e-50	207
CP043556.1	CP046746.1	96.774	124	4	0	1031518	1031641	498919	499042	1.19e-50	207
CP043556.1	CP046746.1	95.420	131	5	1	1008326	1008455	500299	500429	1.19e-50	207
CP043556.1	CP046746.1	95.420	131	5	1	1054444	1054573	500299	500429	1.19e-50	207
CP043556.1	CP046746.1	95.420	131	5	1	1063756	1063885	500299	500429	1.19e-50	207
CP043556.1	CP046746.1	96.094	128	3	2	1003026	1003151	500299	500426	1.19e-50	207
CP043556.1	CP046746.1	95.420	131	5	1	973005	973134	500430	500300	1.19e-50	207
CP043556.1	CP046746.1	96.063	127	5	0	998914	999040	500302	500428	1.19e-50	207
CP043556.1	CP046746.1	96.800	125	3	1	1032151	1032274	500302	500426	1.19e-50	207
CP043556.1	CP046746.1	96.774	124	4	0	996979	997102	500944	501067	1.19e-50	207
CP043556.1	CP046746.1	96.774	124	4	0	1034725	1034848	501672	501795	1.19e-50	207
CP043556.1	CP046746.1	96.800	125	3	1	1058410	1058533	504509	504633	1.19e-50	207
CP043556.1	CP046746.1	96.774	124	4	0	1018291	1018414	504510	504633	1.19e-50	207
CP043556.1	CP046746.1	96.774	124	4	0	1030434	1030557	504510	504633	1.19e-50	207
CP043556.1	CP046746.1	96.800	125	3	1	958254	958378	505790	505667	1.19e-50	207
CP043556.1	CP046746.1	96.774	124	4	0	996978	997101	505667	505790	1.19e-50	207
CP043556.1	CP046746.1	96.800	125	3	1	1064255	1064379	506304	506427	1.19e-50	207
CP043556.1	CP046746.1	96.094	128	4	1	951911	952038	508142	508268	1.19e-50	207
CP043556.1	CP046746.1	95.420	131	5	1	975607	975736	508273	508143	1.19e-50	207
CP043556.1	CP046746.1	90.968	155	12	2	1068813	1068965	509868	510022	1.19e-50	207
CP043556.1	CP046746.1	94.161	137	6	2	1001956	1002091	510395	510530	1.19e-50	207
CP043556.1	CP046746.1	96.094	128	4	1	958251	958378	510531	510405	1.19e-50	207
CP043556.1	CP046746.1	96.774	124	4	0	989528	989651	510406	510529	1.19e-50	207
CP043556.1	CP046746.1	93.571	140	7	2	1018785	1018924	511083	511220	1.19e-50	207
CP043556.1	CP046746.1	96.774	124	4	0	1051927	1052050	511623	511746	1.19e-50	207
CP043556.1	CP046746.1	96.774	124	4	0	973007	973130	511748	511625	1.19e-50	207
CP043556.1	CP046746.1	96.774	124	4	0	1008331	1008454	511625	511748	1.19e-50	207
CP043556.1	CP046746.1	96.774	124	4	0	1054449	1054572	511625	511748	1.19e-50	207
CP043556.1	CP046746.1	96.094	128	4	1	991066	991192	515349	515476	1.19e-50	207
CP043556.1	CP046746.1	96.063	127	5	0	1032151	1032277	515351	515477	1.19e-50	207
CP043556.1	CP046746.1	95.420	131	4	2	989527	989656	515352	515481	1.19e-50	207
CP043556.1	CP046746.1	94.776	134	6	1	956103	956235	516596	516729	1.19e-50	207
CP043556.1	CP046746.1	96.063	127	5	0	1018789	1018915	516603	516729	1.19e-50	207
CP043556.1	CP046746.1	96.063	127	5	0	999552	999678	516605	516731	1.19e-50	207
CP043556.1	CP046746.1	95.420	131	5	1	953648	953777	517273	517403	1.19e-50	207
CP043556.1	CP046746.1	94.161	137	7	1	996974	997110	517274	517409	1.19e-50	207
CP043556.1	CP046746.1	96.094	128	4	1	990282	990408	517277	517404	1.19e-50	207
CP043556.1	CP046746.1	96.774	124	4	0	971758	971881	517400	517277	1.19e-50	207
CP043556.1	CP046746.1	96.774	124	4	0	1050634	1050757	517277	517400	1.19e-50	207
CP043556.1	CP046746.1	96.774	124	4	0	1007142	1007265	517279	517402	1.19e-50	207
CP043556.1	CP046746.1	88.506	174	16	4	1068288	1068459	517868	518039	1.19e-50	207
CP043556.1	CP046746.1	95.385	130	6	0	1010733	1010862	518508	518637	1.19e-50	207
CP043556.1	CP046746.1	95.385	130	6	0	966929	967058	518642	518513	1.19e-50	207
CP043556.1	CP046746.1	96.063	127	5	0	944553	944679	518513	518639	1.19e-50	207
CP043556.1	CP046746.1	94.161	137	7	1	960054	960189	518650	518514	1.19e-50	207
CP043556.1	CP046746.1	96.774	124	4	0	950087	950210	518514	518637	1.19e-50	207
CP043556.1	CP046746.1	96.774	124	4	0	951913	952036	518514	518637	1.19e-50	207
CP043556.1	CP046746.1	95.420	131	5	1	1051929	1052058	518515	518645	1.19e-50	207
CP043556.1	CP046746.1	96.800	125	3	1	996979	997102	518515	518639	1.19e-50	207
CP043556.1	CP046746.1	96.800	125	3	1	1001967	1002090	518515	518639	1.19e-50	207
CP043556.1	CP046746.1	96.800	125	3	1	1007142	1007265	518515	518639	1.19e-50	207
CP043556.1	CP046746.1	96.800	125	3	1	1057730	1057853	518515	518639	1.19e-50	207
CP043556.1	CP046746.1	94.161	137	6	2	956101	956236	519708	519843	1.19e-50	207
CP043556.1	CP046746.1	94.815	135	4	2	1064244	1064378	519711	519842	1.19e-50	207
CP043556.1	CP046746.1	94.161	137	7	1	989526	989662	519719	519854	1.19e-50	207
CP043556.1	CP046746.1	96.800	125	3	1	944553	944677	519719	519842	1.19e-50	207
CP043556.1	CP046746.1	96.800	125	3	1	951913	952037	519720	519843	1.19e-50	207
CP043556.1	CP046746.1	95.420	131	4	2	969037	969167	519849	519721	1.19e-50	207
CP043556.1	CP046746.1	94.776	134	5	2	1043179	1043310	521245	521378	1.19e-50	207
CP043556.1	CP046746.1	96.094	128	4	1	1003026	1003152	521252	521379	1.19e-50	207
CP043556.1	CP046746.1	96.094	128	3	2	1008326	1008452	521252	521378	1.19e-50	207
CP043556.1	CP046746.1	96.094	128	3	2	1054444	1054570	521252	521378	1.19e-50	207
CP043556.1	CP046746.1	96.063	127	5	0	1063756	1063882	521252	521378	1.19e-50	207
CP043556.1	CP046746.1	96.800	125	3	1	991068	991191	521255	521379	1.19e-50	207
CP043556.1	CP046746.1	96.774	124	4	0	1030433	1030556	521255	521378	1.19e-50	207
CP043556.1	CP046746.1	96.774	124	4	0	1048717	1048840	521255	521378	1.19e-50	207
CP043556.1	CP046746.1	94.161	137	7	1	996347	996482	521256	521392	1.19e-50	207
CP043556.1	CP046746.1	96.774	124	4	0	960065	960188	521379	521256	1.19e-50	207
CP043556.1	CP046746.1	96.774	124	4	0	950088	950211	521256	521379	1.19e-50	207
CP043556.1	CP046746.1	95.385	130	6	0	1067550	1067679	522405	522534	1.19e-50	207
CP043556.1	CP046746.1	94.776	134	6	1	1025521	1025654	522848	522980	1.19e-50	207
CP043556.1	CP046746.1	96.094	128	3	2	1027843	1027969	522855	522981	1.19e-50	207
CP043556.1	CP046746.1	96.800	125	3	1	974975	975099	522980	522857	1.19e-50	207
CP043556.1	CP046746.1	96.774	124	4	0	1031518	1031641	522858	522981	1.19e-50	207
CP043556.1	CP046746.1	96.800	125	3	1	966155	966279	526200	526077	1.19e-50	207
CP043556.1	CP046746.1	96.800	125	3	1	983926	984050	526077	526200	1.19e-50	207
CP043556.1	CP046746.1	96.800	125	3	1	971757	971881	526840	526717	1.19e-50	207
CP043556.1	CP046746.1	97.521	121	3	0	963248	963368	526839	526719	1.19e-50	207
CP043556.1	CP046746.1	92.517	147	7	4	1045572	1045717	528203	528346	1.19e-50	207
CP043556.1	CP046746.1	96.094	128	4	1	956109	956235	528219	528346	1.19e-50	207
CP043556.1	CP046746.1	96.094	128	4	1	987360	987486	528219	528346	1.19e-50	207
CP043556.1	CP046746.1	96.063	127	5	0	946422	946548	528220	528346	1.19e-50	207
CP043556.1	CP046746.1	96.800	125	3	1	975613	975736	528346	528222	1.19e-50	207
CP043556.1	CP046746.1	96.800	125	3	1	990282	990405	528222	528346	1.19e-50	207
CP043556.1	CP046746.1	96.774	124	4	0	976714	976837	528346	528223	1.19e-50	207
CP043556.1	CP046746.1	96.094	128	3	2	1031515	1031641	528937	529063	1.19e-50	207
CP043556.1	CP046746.1	96.800	125	3	1	1030906	1031029	528940	529064	1.19e-50	207
CP043556.1	CP046746.1	96.774	124	4	0	961250	961373	529063	528940	1.19e-50	207
CP043556.1	CP046746.1	96.774	124	4	0	1027846	1027969	528940	529063	1.19e-50	207
CP043556.1	CP046746.1	96.774	124	4	0	1018792	1018915	529751	529874	1.19e-50	207
CP043556.1	CP046746.1	96.774	124	4	0	1063760	1063883	529752	529875	1.19e-50	207
CP043556.1	CP046746.1	95.420	131	5	1	1031513	1031642	530318	530448	1.19e-50	207
CP043556.1	CP046746.1	95.385	130	6	0	989522	989651	530319	530448	1.19e-50	207
CP043556.1	CP046746.1	96.774	124	4	0	1001967	1002090	530325	530448	1.19e-50	207
CP043556.1	CP046746.1	96.774	124	4	0	1007142	1007265	530325	530448	1.19e-50	207
CP043556.1	CP046746.1	96.774	124	4	0	976247	976370	534545	534422	1.19e-50	207
CP043556.1	CP046746.1	96.063	127	5	0	971757	971883	535193	535067	1.19e-50	207
CP043556.1	CP046746.1	96.063	127	5	0	1068815	1068941	535067	535193	1.19e-50	207
CP043556.1	CP046746.1	96.774	124	4	0	955340	955463	535069	535192	1.19e-50	207
CP043556.1	CP046746.1	96.774	124	4	0	1039761	1039884	535069	535192	1.19e-50	207
CP043556.1	CP046746.1	96.094	128	4	1	974008	974134	536720	536593	1.19e-50	207
CP043556.1	CP046746.1	95.420	131	4	2	1007140	1007269	536594	536723	1.19e-50	207
CP043556.1	CP046746.1	96.800	125	2	2	970797	970919	536720	536596	1.19e-50	207
CP043556.1	CP046746.1	96.800	125	3	1	1058411	1058534	536596	536720	1.19e-50	207
CP043556.1	CP046746.1	95.420	131	5	1	996974	997103	537075	537205	1.19e-50	207
CP043556.1	CP046746.1	94.776	134	6	1	960058	960190	537211	537078	1.19e-50	207
CP043556.1	CP046746.1	96.800	125	3	1	1068817	1068940	537078	537202	1.19e-50	207
CP043556.1	CP046746.1	96.774	124	4	0	996346	996469	537079	537202	1.19e-50	207
CP043556.1	CP046746.1	96.063	127	5	0	1026673	1026799	538048	538174	1.19e-50	207
CP043556.1	CP046746.1	96.800	125	2	2	970799	970921	538173	538049	1.19e-50	207
CP043556.1	CP046746.1	96.774	124	4	0	1034725	1034848	538051	538174	1.19e-50	207
CP043556.1	CP046746.1	96.800	125	3	1	1051927	1052050	539147	539271	1.19e-50	207
CP043556.1	CP046746.1	96.800	125	3	1	996978	997101	539148	539272	1.19e-50	207
CP043556.1	CP046746.1	96.800	125	3	1	1036324	1036447	539149	539273	1.19e-50	207
CP043556.1	CP046746.1	96.774	124	4	0	966156	966279	539272	539149	1.19e-50	207
CP043556.1	CP046746.1	96.774	124	4	0	1037895	1038018	539769	539892	1.19e-50	207
CP043556.1	CP046746.1	92.958	142	10	0	979413	979554	541100	540959	1.19e-50	207
CP043556.1	CP046746.1	96.800	125	2	2	1056789	1056912	542567	542690	1.19e-50	207
CP043556.1	CP046746.1	95.385	130	4	2	998910	999038	493107	493235	4.27e-50	206
CP043556.1	CP046746.1	96.774	124	3	1	960066	960189	493235	493113	4.27e-50	206
CP043556.1	CP046746.1	96.748	123	4	0	948248	948370	493114	493236	4.27e-50	206
CP043556.1	CP046746.1	94.737	133	6	1	951459	951590	495634	495766	4.27e-50	206
CP043556.1	CP046746.1	94.737	133	6	1	999549	999681	495637	495768	4.27e-50	206
CP043556.1	CP046746.1	96.032	126	5	0	1067027	1067152	495640	495765	4.27e-50	206
CP043556.1	CP046746.1	96.032	126	5	0	983926	984051	495641	495766	4.27e-50	206
CP043556.1	CP046746.1	96.748	123	4	0	1018793	1018915	495641	495763	4.27e-50	206
CP043556.1	CP046746.1	94.737	133	6	1	1001957	1002089	498911	499042	4.27e-50	206
CP043556.1	CP046746.1	96.032	126	5	0	1030904	1031029	498918	499043	4.27e-50	206
CP043556.1	CP046746.1	96.748	123	4	0	976248	976370	499042	498920	4.27e-50	206
CP043556.1	CP046746.1	94.737	133	5	2	1050046	1050177	499543	499674	4.27e-50	206
CP043556.1	CP046746.1	93.525	139	8	1	966142	966280	499684	499547	4.27e-50	206
CP043556.1	CP046746.1	96.032	126	5	0	961249	961374	499672	499547	4.27e-50	206
CP043556.1	CP046746.1	96.063	127	4	1	996979	997104	499548	499674	4.27e-50	206
CP043556.1	CP046746.1	96.032	126	5	0	1018291	1018416	499548	499673	4.27e-50	206
CP043556.1	CP046746.1	96.748	123	4	0	1034725	1034847	499548	499670	4.27e-50	206
CP043556.1	CP046746.1	94.697	132	7	0	1068330	1068461	500298	500429	4.27e-50	206
CP043556.1	CP046746.1	95.385	130	4	2	951463	951590	500300	500429	4.27e-50	206
CP043556.1	CP046746.1	95.385	130	5	1	997759	997887	500300	500429	4.27e-50	206
CP043556.1	CP046746.1	96.063	127	4	1	1037892	1038017	500300	500426	4.27e-50	206
CP043556.1	CP046746.1	96.032	126	5	0	1018790	1018915	500301	500426	4.27e-50	206
CP043556.1	CP046746.1	94.118	136	6	1	1070303	1070438	500303	500436	4.27e-50	206
CP043556.1	CP046746.1	96.032	126	5	0	1018291	1018416	500304	500429	4.27e-50	206
CP043556.1	CP046746.1	94.074	135	8	0	955331	955465	500933	501067	4.27e-50	206
CP043556.1	CP046746.1	96.032	126	5	0	977223	977348	501066	500941	4.27e-50	206
CP043556.1	CP046746.1	95.385	130	5	1	944554	944683	500943	501071	4.27e-50	206
CP043556.1	CP046746.1	96.032	126	5	0	989527	989652	500943	501068	4.27e-50	206
CP043556.1	CP046746.1	96.748	123	4	0	963247	963369	502425	502303	4.27e-50	206
CP043556.1	CP046746.1	96.032	126	5	0	1036322	1036447	503922	504047	4.27e-50	206
CP043556.1	CP046746.1	96.032	126	5	0	1069392	1069517	503923	504048	4.27e-50	206
CP043556.1	CP046746.1	96.748	123	4	0	974009	974131	504046	503924	4.27e-50	206
CP043556.1	CP046746.1	95.349	129	6	0	1050046	1050174	504505	504633	4.27e-50	206
CP043556.1	CP046746.1	96.032	126	5	0	1064255	1064380	504509	504634	4.27e-50	206
CP043556.1	CP046746.1	96.774	124	3	1	956113	956235	504509	504632	4.27e-50	206
CP043556.1	CP046746.1	96.774	124	3	1	987364	987486	504509	504632	4.27e-50	206
CP043556.1	CP046746.1	96.774	124	3	1	1045595	1045717	504509	504632	4.27e-50	206
CP043556.1	CP046746.1	96.748	123	4	0	1015389	1015511	504510	504632	4.27e-50	206
CP043556.1	CP046746.1	96.748	123	4	0	1034725	1034847	504510	504632	4.27e-50	206
CP043556.1	CP046746.1	96.748	123	4	0	1046131	1046253	504510	504632	4.27e-50	206
CP043556.1	CP046746.1	96.748	123	4	0	1051170	1051292	504510	504632	4.27e-50	206
CP043556.1	CP046746.1	96.774	124	3	1	1015389	1015512	505130	505252	4.27e-50	206
CP043556.1	CP046746.1	96.774	124	3	1	1029862	1029985	505130	505252	4.27e-50	206
CP043556.1	CP046746.1	96.774	124	3	1	1037895	1038018	505130	505252	4.27e-50	206
CP043556.1	CP046746.1	96.032	126	5	0	976248	976373	505790	505665	4.27e-50	206
CP043556.1	CP046746.1	96.774	124	3	1	1034724	1034847	505667	505789	4.27e-50	206
CP043556.1	CP046746.1	96.748	123	4	0	1031519	1031641	505668	505790	4.27e-50	206
CP043556.1	CP046746.1	94.118	136	6	2	1014000	1014134	506293	506427	4.27e-50	206
CP043556.1	CP046746.1	96.748	123	4	0	1068818	1068940	506304	506426	4.27e-50	206
CP043556.1	CP046746.1	95.385	130	4	2	1051922	1052050	506872	507000	4.27e-50	206
CP043556.1	CP046746.1	96.032	126	5	0	955341	955466	507505	507630	4.27e-50	206
CP043556.1	CP046746.1	96.774	124	3	1	1018792	1018915	507505	507627	4.27e-50	206
CP043556.1	CP046746.1	94.118	136	6	2	1030428	1030562	508139	508273	4.27e-50	206
CP043556.1	CP046746.1	96.032	126	5	0	1068816	1068941	508142	508267	4.27e-50	206
CP043556.1	CP046746.1	93.007	143	7	3	1016476	1016617	508143	508283	4.27e-50	206
CP043556.1	CP046746.1	95.385	130	4	2	974971	975099	508271	508143	4.27e-50	206
CP043556.1	CP046746.1	95.385	130	4	2	961246	961375	508270	508143	4.27e-50	206
CP043556.1	CP046746.1	96.774	124	3	1	952655	952778	508145	508267	4.27e-50	206
CP043556.1	CP046746.1	96.748	123	4	0	1051929	1052051	508145	508267	4.27e-50	206
CP043556.1	CP046746.1	93.525	139	7	2	956101	956238	508724	508861	4.27e-50	206
CP043556.1	CP046746.1	96.774	124	3	1	1015388	1015511	508735	508857	4.27e-50	206
CP043556.1	CP046746.1	95.385	130	5	1	961251	961380	509995	509867	4.27e-50	206
CP043556.1	CP046746.1	96.063	127	4	1	1018790	1018916	509871	509996	4.27e-50	206
CP043556.1	CP046746.1	96.748	123	4	0	1036323	1036445	509873	509995	4.27e-50	206
CP043556.1	CP046746.1	96.032	126	5	0	1058411	1058536	510406	510531	4.27e-50	206
CP043556.1	CP046746.1	96.063	127	4	1	946422	946548	511087	511212	4.27e-50	206
CP043556.1	CP046746.1	96.032	126	5	0	1032151	1032276	511089	511214	4.27e-50	206
CP043556.1	CP046746.1	96.032	126	5	0	1021935	1022060	511091	511216	4.27e-50	206
CP043556.1	CP046746.1	96.774	124	3	1	969044	969167	511213	511091	4.27e-50	206
CP043556.1	CP046746.1	96.774	124	3	1	1037895	1038018	511091	511213	4.27e-50	206
CP043556.1	CP046746.1	96.032	126	5	0	953649	953774	512236	512361	4.27e-50	206
CP043556.1	CP046746.1	84.651	215	24	7	1034724	1034935	514715	514923	4.27e-50	206
CP043556.1	CP046746.1	96.032	126	5	0	947712	947837	515351	515476	4.27e-50	206
CP043556.1	CP046746.1	96.032	126	5	0	987363	987488	515351	515476	4.27e-50	206
CP043556.1	CP046746.1	96.748	123	4	0	1003030	1003152	515353	515475	4.27e-50	206
CP043556.1	CP046746.1	94.118	136	6	2	996969	997102	516596	516731	4.27e-50	206
CP043556.1	CP046746.1	96.063	127	4	1	1068815	1068940	516603	516729	4.27e-50	206
CP043556.1	CP046746.1	96.063	127	4	1	955340	955465	516605	516731	4.27e-50	206
CP043556.1	CP046746.1	94.737	133	5	2	987359	987490	517274	517405	4.27e-50	206
CP043556.1	CP046746.1	94.737	133	5	2	974968	975099	517408	517277	4.27e-50	206
CP043556.1	CP046746.1	94.737	133	5	2	950086	950218	517277	517407	4.27e-50	206
CP043556.1	CP046746.1	96.063	127	4	1	970796	970921	517403	517277	4.27e-50	206
CP043556.1	CP046746.1	96.063	127	4	1	972577	972703	517402	517277	4.27e-50	206
CP043556.1	CP046746.1	96.032	126	5	0	1067553	1067678	517277	517402	4.27e-50	206
CP043556.1	CP046746.1	91.892	148	11	1	1067863	1068009	517278	517425	4.27e-50	206
CP043556.1	CP046746.1	96.063	127	4	1	1021935	1022060	517279	517405	4.27e-50	206
CP043556.1	CP046746.1	96.774	124	3	1	1035731	1035854	517279	517401	4.27e-50	206
CP043556.1	CP046746.1	94.737	133	5	2	1036323	1036454	517915	518046	4.27e-50	206
CP043556.1	CP046746.1	94.697	132	7	0	1005856	1005987	518514	518645	4.27e-50	206
CP043556.1	CP046746.1	96.063	127	4	1	1062315	1062440	518514	518640	4.27e-50	206
CP043556.1	CP046746.1	96.032	126	5	0	972577	972702	518639	518514	4.27e-50	206
CP043556.1	CP046746.1	96.032	126	5	0	999553	999678	518514	518639	4.27e-50	206
CP043556.1	CP046746.1	96.774	124	3	1	971758	971880	518637	518514	4.27e-50	206
CP043556.1	CP046746.1	96.774	124	3	1	947713	947835	518514	518637	4.27e-50	206
CP043556.1	CP046746.1	96.774	124	3	1	987364	987486	518514	518637	4.27e-50	206
CP043556.1	CP046746.1	96.063	127	4	1	1051170	1051295	518515	518641	4.27e-50	206
CP043556.1	CP046746.1	96.748	123	4	0	969045	969167	518637	518515	4.27e-50	206
CP043556.1	CP046746.1	96.748	123	4	0	1015389	1015511	518515	518637	4.27e-50	206
CP043556.1	CP046746.1	96.748	123	4	0	1029862	1029984	518515	518637	4.27e-50	206
CP043556.1	CP046746.1	96.748	123	4	0	1034725	1034847	518515	518637	4.27e-50	206
CP043556.1	CP046746.1	96.748	123	4	0	1046131	1046253	518515	518637	4.27e-50	206
CP043556.1	CP046746.1	96.063	127	4	1	1039758	1039884	519717	519842	4.27e-50	206
CP043556.1	CP046746.1	93.525	139	7	2	1018792	1018930	519720	519856	4.27e-50	206
CP043556.1	CP046746.1	96.748	123	4	0	955341	955463	519720	519842	4.27e-50	206
CP043556.1	CP046746.1	96.774	124	3	1	1042049	1042172	519720	519842	4.27e-50	206
CP043556.1	CP046746.1	96.748	123	4	0	991069	991191	519721	519843	4.27e-50	206
CP043556.1	CP046746.1	96.063	127	4	1	948244	948369	521252	521378	4.27e-50	206
CP043556.1	CP046746.1	96.063	127	3	2	973009	973134	521378	521253	4.27e-50	206
CP043556.1	CP046746.1	96.063	127	3	2	997759	997884	521253	521378	4.27e-50	206
CP043556.1	CP046746.1	96.774	124	3	1	976249	976371	521378	521255	4.27e-50	206
CP043556.1	CP046746.1	96.774	124	3	1	996978	997100	521255	521378	4.27e-50	206
CP043556.1	CP046746.1	96.774	124	3	1	1057729	1057851	521255	521378	4.27e-50	206
CP043556.1	CP046746.1	96.774	124	3	1	971757	971879	521379	521256	4.27e-50	206
CP043556.1	CP046746.1	96.774	124	3	1	947714	947836	521256	521379	4.27e-50	206
CP043556.1	CP046746.1	96.748	123	4	0	966934	967056	521378	521256	4.27e-50	206
CP043556.1	CP046746.1	94.697	132	7	0	1021925	1022056	522849	522980	4.27e-50	206
CP043556.1	CP046746.1	91.503	153	8	5	972985	973134	523005	522855	4.27e-50	206
CP043556.1	CP046746.1	95.349	129	6	0	977221	977349	522983	522855	4.27e-50	206
CP043556.1	CP046746.1	96.063	127	4	1	983923	984049	522856	522981	4.27e-50	206
CP043556.1	CP046746.1	96.774	124	3	1	976714	976837	522980	522858	4.27e-50	206
CP043556.1	CP046746.1	91.946	149	9	3	1034720	1034867	524946	525092	4.27e-50	206
CP043556.1	CP046746.1	93.525	139	8	1	1049442	1049580	528209	528346	4.27e-50	206
CP043556.1	CP046746.1	94.161	137	5	3	946910	947044	528211	528346	4.27e-50	206
CP043556.1	CP046746.1	94.118	136	6	2	1043176	1043310	528212	528346	4.27e-50	206
CP043556.1	CP046746.1	95.349	129	6	0	988935	989063	528218	528346	4.27e-50	206
CP043556.1	CP046746.1	96.774	124	3	1	989527	989649	528223	528346	4.27e-50	206
CP043556.1	CP046746.1	96.774	124	3	1	1031518	1031640	528223	528346	4.27e-50	206
CP043556.1	CP046746.1	96.748	123	4	0	969045	969167	528346	528224	4.27e-50	206
CP043556.1	CP046746.1	96.748	123	4	0	1026067	1026189	528224	528346	4.27e-50	206
CP043556.1	CP046746.1	96.748	123	4	0	1029862	1029984	528224	528346	4.27e-50	206
CP043556.1	CP046746.1	96.748	123	4	0	1030434	1030556	528224	528346	4.27e-50	206
CP043556.1	CP046746.1	96.748	123	4	0	1067028	1067150	528224	528346	4.27e-50	206
CP043556.1	CP046746.1	94.118	136	6	2	1070292	1070426	528928	529062	4.27e-50	206
CP043556.1	CP046746.1	96.774	124	3	1	996979	997101	528940	529063	4.27e-50	206
CP043556.1	CP046746.1	96.748	123	4	0	969045	969167	529062	528940	4.27e-50	206
CP043556.1	CP046746.1	96.748	123	4	0	960066	960188	529062	528940	4.27e-50	206
CP043556.1	CP046746.1	96.748	123	4	0	950088	950210	528940	529062	4.27e-50	206
CP043556.1	CP046746.1	96.748	123	4	0	951914	952036	528940	529062	4.27e-50	206
CP043556.1	CP046746.1	96.748	123	4	0	1010740	1010862	528940	529062	4.27e-50	206
CP043556.1	CP046746.1	96.748	123	4	0	1016478	1016600	528940	529062	4.27e-50	206
CP043556.1	CP046746.1	96.748	123	4	0	1051170	1051292	528940	529062	4.27e-50	206
CP043556.1	CP046746.1	96.748	123	4	0	1037895	1038017	529752	529874	4.27e-50	206
CP043556.1	CP046746.1	92.414	145	10	1	951905	952049	530316	530459	4.27e-50	206
CP043556.1	CP046746.1	96.032	126	5	0	1009399	1009524	534422	534547	4.27e-50	206
CP043556.1	CP046746.1	95.349	129	6	0	962715	962843	535195	535067	4.27e-50	206
CP043556.1	CP046746.1	96.063	127	4	1	960065	960191	535193	535068	4.27e-50	206
CP043556.1	CP046746.1	96.032	126	5	0	990282	990407	535069	535194	4.27e-50	206
CP043556.1	CP046746.1	96.748	123	4	0	1036323	1036445	535070	535192	4.27e-50	206
CP043556.1	CP046746.1	95.385	130	4	2	1032146	1032274	536590	536718	4.27e-50	206
CP043556.1	CP046746.1	95.349	129	6	0	1030430	1030558	536592	536720	4.27e-50	206
CP043556.1	CP046746.1	94.737	133	6	1	993562	993694	536593	536724	4.27e-50	206
CP043556.1	CP046746.1	96.032	126	5	0	979429	979554	536720	536595	4.27e-50	206
CP043556.1	CP046746.1	96.032	126	5	0	1026066	1026191	536595	536720	4.27e-50	206
CP043556.1	CP046746.1	96.774	124	3	1	1003029	1003151	536595	536718	4.27e-50	206
CP043556.1	CP046746.1	96.063	127	4	1	1031519	1031644	536596	536722	4.27e-50	206
CP043556.1	CP046746.1	96.774	124	3	1	1036324	1036446	536596	536719	4.27e-50	206
CP043556.1	CP046746.1	96.774	124	3	1	1069393	1069515	536596	536719	4.27e-50	206
CP043556.1	CP046746.1	96.748	123	4	0	1070304	1070426	536596	536718	4.27e-50	206
CP043556.1	CP046746.1	94.118	136	7	1	975611	975745	537204	537069	4.27e-50	206
CP043556.1	CP046746.1	94.697	132	7	0	972572	972703	537209	537078	4.27e-50	206
CP043556.1	CP046746.1	96.063	127	4	1	1001967	1002092	537080	537206	4.27e-50	206
CP043556.1	CP046746.1	96.032	126	5	0	1026067	1026192	537080	537205	4.27e-50	206
CP043556.1	CP046746.1	96.748	123	4	0	952655	952777	537080	537202	4.27e-50	206
CP043556.1	CP046746.1	96.032	126	5	0	1064253	1064378	538048	538173	4.27e-50	206
CP043556.1	CP046746.1	96.032	126	5	0	1056788	1056913	538049	538174	4.27e-50	206
CP043556.1	CP046746.1	94.776	134	4	3	1031518	1031650	538050	538181	4.27e-50	206
CP043556.1	CP046746.1	92.958	142	9	1	1030420	1030561	538598	538738	4.27e-50	206
CP043556.1	CP046746.1	96.774	124	2	2	970798	970919	539272	539149	4.27e-50	206
CP043556.1	CP046746.1	96.748	123	4	0	1026676	1026798	539149	539271	4.27e-50	206
CP043556.1	CP046746.1	96.748	123	4	0	1035731	1035853	539769	539891	4.27e-50	206
CP043556.1	CP046746.1	96.774	124	2	2	1067027	1067150	540305	540426	4.27e-50	206
CP043556.1	CP046746.1	96.774	124	2	2	960065	960188	540427	540306	4.27e-50	206
CP043556.1	CP046746.1	94.737	133	5	2	966149	966280	542698	542567	4.27e-50	206
CP043556.1	CP046746.1	96.748	123	4	0	1034725	1034847	542568	542690	4.27e-50	206
CP043556.1	CP046746.1	95.312	128	6	0	397273	397400	327517	327390	1.54e-49	204
CP043556.1	CP046746.1	94.074	135	6	2	961882	962015	495769	495636	1.54e-49	204
CP043556.1	CP046746.1	96.032	126	4	1	995557	995681	495639	495764	1.54e-49	204
CP043556.1	CP046746.1	96.032	126	4	1	1058411	1058535	495641	495766	1.54e-49	204
CP043556.1	CP046746.1	96.748	123	3	1	947714	947835	495641	495763	1.54e-49	204
CP043556.1	CP046746.1	96.748	123	3	1	987365	987486	495641	495763	1.54e-49	204
CP043556.1	CP046746.1	96.748	123	3	1	990284	990405	495641	495763	1.54e-49	204
CP043556.1	CP046746.1	96.748	123	3	1	1068819	1068940	495641	495763	1.54e-49	204
CP043556.1	CP046746.1	96.000	125	5	0	966934	967058	497551	497427	1.54e-49	204
CP043556.1	CP046746.1	96.000	125	5	0	993564	993688	497428	497552	1.54e-49	204
CP043556.1	CP046746.1	96.000	125	5	0	987899	988023	497429	497553	1.54e-49	204
CP043556.1	CP046746.1	96.000	125	5	0	1034725	1034849	497429	497553	1.54e-49	204
CP043556.1	CP046746.1	93.478	138	7	2	991053	991190	498906	499041	1.54e-49	204
CP043556.1	CP046746.1	95.349	129	5	1	1005853	1005981	498916	499043	1.54e-49	204
CP043556.1	CP046746.1	96.000	125	5	0	1002493	1002617	498917	499041	1.54e-49	204
CP043556.1	CP046746.1	96.721	122	4	0	1021935	1022056	498920	499041	1.54e-49	204
CP043556.1	CP046746.1	94.697	132	6	1	1070302	1070432	499546	499677	1.54e-49	204
CP043556.1	CP046746.1	96.032	126	3	2	970797	970920	499672	499547	1.54e-49	204
CP043556.1	CP046746.1	95.349	129	5	1	1062946	1063073	500298	500426	1.54e-49	204
CP043556.1	CP046746.1	95.349	129	4	2	968368	968494	500428	500300	1.54e-49	204
CP043556.1	CP046746.1	95.312	128	6	0	1064252	1064379	500300	500427	1.54e-49	204
CP043556.1	CP046746.1	95.385	130	3	3	1055585	1055712	500301	500429	1.54e-49	204
CP043556.1	CP046746.1	95.312	128	6	0	1056115	1056242	500301	500428	1.54e-49	204
CP043556.1	CP046746.1	96.000	125	5	0	993563	993687	500302	500426	1.54e-49	204
CP043556.1	CP046746.1	96.032	126	4	1	974007	974131	500429	500304	1.54e-49	204
CP043556.1	CP046746.1	96.032	126	4	1	1009399	1009523	500304	500429	1.54e-49	204
CP043556.1	CP046746.1	96.032	126	4	1	1040152	1040276	500304	500429	1.54e-49	204
CP043556.1	CP046746.1	96.032	126	4	1	951911	952036	500941	501065	1.54e-49	204
CP043556.1	CP046746.1	96.000	125	5	0	1068816	1068940	500941	501065	1.54e-49	204
CP043556.1	CP046746.1	96.032	126	4	1	979428	979553	501068	500944	1.54e-49	204
CP043556.1	CP046746.1	96.748	123	3	1	952655	952777	500944	501065	1.54e-49	204
CP043556.1	CP046746.1	96.032	126	4	1	1050049	1050174	503922	504046	1.54e-49	204
CP043556.1	CP046746.1	96.000	125	5	0	1056117	1056241	504509	504633	1.54e-49	204
CP043556.1	CP046746.1	96.000	125	5	0	1035731	1035855	504510	504634	1.54e-49	204
CP043556.1	CP046746.1	96.748	123	3	1	1003030	1003151	504510	504632	1.54e-49	204
CP043556.1	CP046746.1	96.748	123	3	1	1018291	1018413	505130	505251	1.54e-49	204
CP043556.1	CP046746.1	96.748	123	3	1	1035731	1035853	505130	505251	1.54e-49	204
CP043556.1	CP046746.1	94.074	135	6	2	1001956	1002089	505657	505790	1.54e-49	204
CP043556.1	CP046746.1	95.349	129	5	1	1014011	1014139	505668	505795	1.54e-49	204
CP043556.1	CP046746.1	96.748	123	3	1	970798	970919	505790	505668	1.54e-49	204
CP043556.1	CP046746.1	96.721	122	4	0	956114	956235	505668	505789	1.54e-49	204
CP043556.1	CP046746.1	96.721	122	4	0	984564	984685	505668	505789	1.54e-49	204
CP043556.1	CP046746.1	96.748	123	3	1	993565	993687	505668	505789	1.54e-49	204
CP043556.1	CP046746.1	96.721	122	4	0	1032153	1032274	505668	505789	1.54e-49	204
CP043556.1	CP046746.1	96.748	123	3	1	1056790	1056912	505668	505789	1.54e-49	204
CP043556.1	CP046746.1	94.074	135	6	1	1009399	1009531	506305	506439	1.54e-49	204
CP043556.1	CP046746.1	96.748	123	3	1	1037895	1038017	506305	506426	1.54e-49	204
CP043556.1	CP046746.1	96.032	126	4	1	998915	999040	507505	507629	1.54e-49	204
CP043556.1	CP046746.1	96.000	125	5	0	974007	974131	507630	507506	1.54e-49	204
CP043556.1	CP046746.1	96.000	125	5	0	996979	997103	507506	507630	1.54e-49	204
CP043556.1	CP046746.1	96.000	125	5	0	1009399	1009523	507506	507630	1.54e-49	204
CP043556.1	CP046746.1	96.000	125	5	0	1044936	1045060	507506	507630	1.54e-49	204
CP043556.1	CP046746.1	95.349	129	5	1	960065	960193	508267	508140	1.54e-49	204
CP043556.1	CP046746.1	92.361	144	10	1	1043186	1043329	508142	508284	1.54e-49	204
CP043556.1	CP046746.1	94.697	132	6	1	1062313	1062443	508142	508273	1.54e-49	204
CP043556.1	CP046746.1	96.000	125	5	0	977224	977348	508266	508142	1.54e-49	204
CP043556.1	CP046746.1	96.032	126	4	1	983923	984048	508142	508266	1.54e-49	204
CP043556.1	CP046746.1	96.000	125	5	0	997760	997884	508142	508266	1.54e-49	204
CP043556.1	CP046746.1	96.032	126	4	1	1042047	1042172	508142	508266	1.54e-49	204
CP043556.1	CP046746.1	96.032	126	4	1	950086	950211	508143	508267	1.54e-49	204
CP043556.1	CP046746.1	96.721	122	4	0	996979	997100	508145	508266	1.54e-49	204
CP043556.1	CP046746.1	96.032	126	4	1	983926	984051	508736	508860	1.54e-49	204
CP043556.1	CP046746.1	94.118	136	5	3	1063756	1063890	509869	510002	1.54e-49	204
CP043556.1	CP046746.1	96.032	126	4	1	983923	984048	509871	509995	1.54e-49	204
CP043556.1	CP046746.1	92.361	144	9	2	969025	969167	510016	509874	1.54e-49	204
CP043556.1	CP046746.1	95.349	129	4	2	1057729	1057856	510405	510532	1.54e-49	204
CP043556.1	CP046746.1	94.697	132	5	2	951907	952037	511083	511213	1.54e-49	204
CP043556.1	CP046746.1	96.000	125	5	0	1008328	1008452	511088	511212	1.54e-49	204
CP043556.1	CP046746.1	96.000	125	5	0	1054446	1054570	511088	511212	1.54e-49	204
CP043556.1	CP046746.1	94.697	132	5	2	970791	970921	511219	511089	1.54e-49	204
CP043556.1	CP046746.1	95.349	129	5	1	975608	975736	511216	511089	1.54e-49	204
CP043556.1	CP046746.1	96.721	122	4	0	1009399	1009520	511091	511212	1.54e-49	204
CP043556.1	CP046746.1	96.721	122	4	0	1053000	1053121	511091	511212	1.54e-49	204
CP043556.1	CP046746.1	94.030	134	8	0	968366	968499	511750	511617	1.54e-49	204
CP043556.1	CP046746.1	94.656	131	7	0	951459	951589	511618	511748	1.54e-49	204
CP043556.1	CP046746.1	95.312	128	6	0	976246	976373	511749	511622	1.54e-49	204
CP043556.1	CP046746.1	96.000	125	5	0	991066	991190	511622	511746	1.54e-49	204
CP043556.1	CP046746.1	96.032	126	4	1	998916	999041	511625	511749	1.54e-49	204
CP043556.1	CP046746.1	96.721	122	4	0	956114	956235	511625	511746	1.54e-49	204
CP043556.1	CP046746.1	96.000	125	5	0	990281	990405	512237	512361	1.54e-49	204
CP043556.1	CP046746.1	92.361	144	9	2	990281	990423	515350	515492	1.54e-49	204
CP043556.1	CP046746.1	96.032	126	4	1	966157	966282	515474	515350	1.54e-49	204
CP043556.1	CP046746.1	96.000	125	5	0	955339	955463	515350	515474	1.54e-49	204
CP043556.1	CP046746.1	96.000	125	5	0	971757	971881	515475	515351	1.54e-49	204
CP043556.1	CP046746.1	96.000	125	5	0	984562	984686	515351	515475	1.54e-49	204
CP043556.1	CP046746.1	96.032	126	4	1	1026674	1026799	515351	515475	1.54e-49	204
CP043556.1	CP046746.1	96.000	125	5	0	1045594	1045718	515351	515475	1.54e-49	204
CP043556.1	CP046746.1	96.000	125	5	0	1068817	1068941	515351	515475	1.54e-49	204
CP043556.1	CP046746.1	92.414	145	7	4	1054446	1054588	516604	516746	1.54e-49	204
CP043556.1	CP046746.1	94.074	135	7	1	973000	973133	516738	516604	1.54e-49	204
CP043556.1	CP046746.1	95.349	129	5	1	974972	975099	516733	516605	1.54e-49	204
CP043556.1	CP046746.1	96.000	125	5	0	979429	979553	516731	516607	1.54e-49	204
CP043556.1	CP046746.1	96.000	125	5	0	1018291	1018415	516607	516731	1.54e-49	204
CP043556.1	CP046746.1	96.000	125	5	0	1063760	1063884	516607	516731	1.54e-49	204
CP043556.1	CP046746.1	96.748	123	3	1	948248	948369	516607	516729	1.54e-49	204
CP043556.1	CP046746.1	96.748	123	3	1	1021935	1022056	516607	516729	1.54e-49	204
CP043556.1	CP046746.1	94.074	135	6	2	965576	965710	517406	517274	1.54e-49	204
CP043556.1	CP046746.1	96.748	123	3	1	1029862	1029984	517279	517400	1.54e-49	204
CP043556.1	CP046746.1	96.721	122	4	0	1051929	1052050	517279	517400	1.54e-49	204
CP043556.1	CP046746.1	96.000	125	5	0	1056788	1056912	517914	518038	1.54e-49	204
CP043556.1	CP046746.1	95.349	129	5	1	997759	997886	518511	518639	1.54e-49	204
CP043556.1	CP046746.1	95.349	129	5	1	1043185	1043312	518511	518639	1.54e-49	204
CP043556.1	CP046746.1	96.000	125	5	0	996345	996469	518513	518637	1.54e-49	204
CP043556.1	CP046746.1	96.032	126	4	1	955341	955465	518514	518639	1.54e-49	204
CP043556.1	CP046746.1	96.000	125	5	0	988940	989064	518514	518638	1.54e-49	204
CP043556.1	CP046746.1	96.000	125	5	0	964309	964433	518639	518515	1.54e-49	204
CP043556.1	CP046746.1	96.000	125	5	0	958253	958377	518639	518515	1.54e-49	204
CP043556.1	CP046746.1	96.000	125	5	0	946426	946550	518515	518639	1.54e-49	204
CP043556.1	CP046746.1	96.000	125	5	0	1063760	1063884	518515	518639	1.54e-49	204
CP043556.1	CP046746.1	96.748	123	3	1	948248	948369	518515	518637	1.54e-49	204
CP043556.1	CP046746.1	96.748	123	3	1	1021935	1022056	518515	518637	1.54e-49	204
CP043556.1	CP046746.1	94.074	135	6	1	1025521	1025655	519711	519843	1.54e-49	204
CP043556.1	CP046746.1	96.032	126	4	1	960064	960189	519844	519720	1.54e-49	204
CP043556.1	CP046746.1	96.000	125	5	0	984563	984687	519720	519844	1.54e-49	204
CP043556.1	CP046746.1	96.748	123	3	1	979431	979553	519842	519721	1.54e-49	204
CP043556.1	CP046746.1	96.721	122	4	0	951466	951587	519721	519842	1.54e-49	204
CP043556.1	CP046746.1	96.721	122	4	0	995559	995680	519721	519842	1.54e-49	204
CP043556.1	CP046746.1	96.748	123	3	1	1027846	1027968	519721	519842	1.54e-49	204
CP043556.1	CP046746.1	96.721	122	4	0	1053000	1053121	519721	519842	1.54e-49	204
CP043556.1	CP046746.1	95.349	129	4	2	965114	965241	521379	521252	1.54e-49	204
CP043556.1	CP046746.1	95.312	128	6	0	1011811	1011938	521252	521379	1.54e-49	204
CP043556.1	CP046746.1	95.312	128	6	0	1029858	1029985	521252	521379	1.54e-49	204
CP043556.1	CP046746.1	96.032	126	4	1	951463	951587	521253	521378	1.54e-49	204
CP043556.1	CP046746.1	96.748	123	3	1	975613	975734	521378	521256	1.54e-49	204
CP043556.1	CP046746.1	93.478	138	8	1	1010057	1010193	522398	522535	1.54e-49	204
CP043556.1	CP046746.1	96.032	126	4	1	1026067	1026192	522410	522534	1.54e-49	204
CP043556.1	CP046746.1	94.118	136	5	3	951455	951588	522847	522981	1.54e-49	204
CP043556.1	CP046746.1	96.000	125	5	0	955340	955464	522857	522981	1.54e-49	204
CP043556.1	CP046746.1	96.032	126	4	1	998914	999039	522857	522981	1.54e-49	204
CP043556.1	CP046746.1	96.748	123	3	1	969045	969167	522980	522859	1.54e-49	204
CP043556.1	CP046746.1	96.721	122	4	0	991069	991190	522859	522980	1.54e-49	204
CP043556.1	CP046746.1	96.721	122	4	0	1051929	1052050	522859	522980	1.54e-49	204
CP043556.1	CP046746.1	90.909	154	11	3	991591	991743	524941	525092	1.54e-49	204
CP043556.1	CP046746.1	96.748	123	3	1	996978	997100	524951	525072	1.54e-49	204
CP043556.1	CP046746.1	95.349	129	5	1	978002	978130	526200	526073	1.54e-49	204
CP043556.1	CP046746.1	95.349	129	5	1	1027842	1027970	526073	526200	1.54e-49	204
CP043556.1	CP046746.1	95.312	128	6	0	976246	976373	526201	526074	1.54e-49	204
CP043556.1	CP046746.1	96.032	126	3	2	1010738	1010863	526717	526840	1.54e-49	204
CP043556.1	CP046746.1	95.312	128	6	0	1056113	1056240	528219	528346	1.54e-49	204
CP043556.1	CP046746.1	96.032	126	4	1	997760	997884	528221	528346	1.54e-49	204
CP043556.1	CP046746.1	96.032	126	4	1	1007139	1007263	528221	528346	1.54e-49	204
CP043556.1	CP046746.1	96.000	125	5	0	961251	961375	528346	528222	1.54e-49	204
CP043556.1	CP046746.1	96.000	125	5	0	999552	999676	528222	528346	1.54e-49	204
CP043556.1	CP046746.1	96.748	123	3	1	976249	976370	528346	528224	1.54e-49	204
CP043556.1	CP046746.1	96.748	123	3	1	968370	968491	528346	528224	1.54e-49	204
CP043556.1	CP046746.1	96.748	123	2	2	982753	982873	528224	528346	1.54e-49	204
CP043556.1	CP046746.1	96.748	123	3	1	1001967	1002088	528224	528346	1.54e-49	204
CP043556.1	CP046746.1	96.748	123	3	1	1021935	1022056	528224	528346	1.54e-49	204
CP043556.1	CP046746.1	96.748	123	3	1	1057730	1057851	528224	528346	1.54e-49	204
CP043556.1	CP046746.1	96.000	125	5	0	1035731	1035855	528940	529064	1.54e-49	204
CP043556.1	CP046746.1	96.000	125	5	0	1064256	1064380	528940	529064	1.54e-49	204
CP043556.1	CP046746.1	96.748	123	3	1	971758	971879	529062	528940	1.54e-49	204
CP043556.1	CP046746.1	96.748	123	3	1	947714	947835	528940	529062	1.54e-49	204
CP043556.1	CP046746.1	96.748	123	3	1	948248	948369	528940	529062	1.54e-49	204
CP043556.1	CP046746.1	96.748	123	3	1	1021935	1022056	528940	529062	1.54e-49	204
CP043556.1	CP046746.1	95.312	128	6	0	944551	944678	529748	529875	1.54e-49	204
CP043556.1	CP046746.1	95.312	128	6	0	1035731	1035858	529752	529879	1.54e-49	204
CP043556.1	CP046746.1	95.312	128	6	0	1039757	1039884	530319	530446	1.54e-49	204
CP043556.1	CP046746.1	96.000	125	5	0	955341	955465	530324	530448	1.54e-49	204
CP043556.1	CP046746.1	96.032	126	4	1	998915	999040	530324	530448	1.54e-49	204
CP043556.1	CP046746.1	96.748	123	3	1	1029862	1029984	530325	530446	1.54e-49	204
CP043556.1	CP046746.1	96.000	125	5	0	1001966	1002090	533571	533695	1.54e-49	204
CP043556.1	CP046746.1	94.074	135	7	1	951454	951587	535058	535192	1.54e-49	204
CP043556.1	CP046746.1	95.312	128	6	0	963779	963906	535194	535067	1.54e-49	204
CP043556.1	CP046746.1	95.312	128	6	0	1008861	1008988	535067	535194	1.54e-49	204
CP043556.1	CP046746.1	96.000	125	5	0	977224	977348	535192	535068	1.54e-49	204
CP043556.1	CP046746.1	96.000	125	5	0	1051929	1052053	535071	535195	1.54e-49	204
CP043556.1	CP046746.1	96.721	122	4	0	976249	976370	535192	535071	1.54e-49	204
CP043556.1	CP046746.1	96.748	123	3	1	1023646	1023768	535071	535192	1.54e-49	204
CP043556.1	CP046746.1	96.748	123	3	1	1067028	1067150	535071	535192	1.54e-49	204
CP043556.1	CP046746.1	96.032	126	4	1	991067	991191	535975	536100	1.54e-49	204
CP043556.1	CP046746.1	92.958	142	7	3	1029861	1030001	536595	536734	1.54e-49	204
CP043556.1	CP046746.1	96.032	126	4	1	1001966	1002090	536595	536720	1.54e-49	204
CP043556.1	CP046746.1	96.032	126	4	1	1009398	1009522	536595	536720	1.54e-49	204
CP043556.1	CP046746.1	96.032	126	4	1	1057729	1057853	536595	536720	1.54e-49	204
CP043556.1	CP046746.1	96.000	125	5	0	1035730	1035854	536595	536719	1.54e-49	204
CP043556.1	CP046746.1	96.748	123	3	1	956114	956235	536596	536718	1.54e-49	204
CP043556.1	CP046746.1	96.748	123	3	1	1045596	1045717	536596	536718	1.54e-49	204
CP043556.1	CP046746.1	94.030	134	8	0	950077	950210	537069	537202	1.54e-49	204
CP043556.1	CP046746.1	94.074	135	6	2	951902	952036	537070	537202	1.54e-49	204
CP043556.1	CP046746.1	95.312	128	6	0	969045	969172	537202	537075	1.54e-49	204
CP043556.1	CP046746.1	95.349	129	4	2	956108	956235	537075	537202	1.54e-49	204
CP043556.1	CP046746.1	95.349	129	4	2	987359	987486	537075	537202	1.54e-49	204
CP043556.1	CP046746.1	95.312	128	6	0	1056785	1056912	537075	537202	1.54e-49	204
CP043556.1	CP046746.1	95.349	129	5	1	1043187	1043314	537078	537206	1.54e-49	204
CP043556.1	CP046746.1	95.312	128	6	0	999552	999679	537078	537205	1.54e-49	204
CP043556.1	CP046746.1	96.000	125	5	0	1010738	1010862	537078	537202	1.54e-49	204
CP043556.1	CP046746.1	96.032	126	4	1	1031518	1031642	537079	537204	1.54e-49	204
CP043556.1	CP046746.1	96.000	125	5	0	1014010	1014134	537079	537203	1.54e-49	204
CP043556.1	CP046746.1	96.032	126	4	1	1007142	1007266	537080	537205	1.54e-49	204
CP043556.1	CP046746.1	96.032	126	4	1	1057730	1057854	537080	537205	1.54e-49	204
CP043556.1	CP046746.1	96.748	123	3	1	1053000	1053121	537080	537202	1.54e-49	204
CP043556.1	CP046746.1	95.312	128	6	0	958255	958382	538173	538046	1.54e-49	204
CP043556.1	CP046746.1	96.748	123	3	1	996979	997100	538051	538173	1.54e-49	204
CP043556.1	CP046746.1	96.000	125	5	0	1037894	1038018	538611	538735	1.54e-49	204
CP043556.1	CP046746.1	96.000	125	5	0	958254	958378	539272	539148	1.54e-49	204
CP043556.1	CP046746.1	96.748	123	3	1	1032153	1032274	539149	539271	1.54e-49	204
CP043556.1	CP046746.1	96.748	123	3	1	1045596	1045717	539149	539271	1.54e-49	204
CP043556.1	CP046746.1	96.032	126	4	1	1032152	1032276	539768	539893	1.54e-49	204
CP043556.1	CP046746.1	91.892	148	9	3	1037872	1038018	540282	540427	1.54e-49	204
CP043556.1	CP046746.1	96.000	125	5	0	983926	984050	540960	541084	1.54e-49	204
CP043556.1	CP046746.1	94.697	132	5	2	989521	989651	542562	542692	1.54e-49	204
CP043556.1	CP046746.1	92.361	144	9	2	955341	955482	542567	542710	1.54e-49	204
CP043556.1	CP046746.1	94.697	132	6	1	1068818	1068948	542567	542698	1.54e-49	204
CP043556.1	CP046746.1	96.032	126	4	1	996979	997103	542568	542693	1.54e-49	204
CP043556.1	CP046746.1	96.032	126	4	1	515299	515424	682050	682174	1.54e-49	204
CP043556.1	CP046746.1	94.697	132	6	1	515294	515424	757690	757821	1.54e-49	204
CP043556.1	CP046746.1	94.656	131	7	0	924419	924549	761581	761451	1.54e-49	204
CP043556.1	CP046746.1	95.312	128	6	0	425832	425959	848136	848263	1.54e-49	204
CP043556.1	CP046746.1	94.074	135	7	1	924411	924545	848270	848137	1.54e-49	204
CP043556.1	CP046746.1	96.721	122	4	0	62349	62470	848138	848259	1.54e-49	204
CP043556.1	CP046746.1	94.656	131	7	0	924419	924549	988880	989010	1.54e-49	204
CP043556.1	CP046746.1	95.276	127	6	0	924419	924545	183821	183947	5.53e-49	202
CP043556.1	CP046746.1	96.721	122	3	1	963248	963368	493235	493114	5.53e-49	202
CP043556.1	CP046746.1	96.721	122	3	1	982753	982873	493114	493235	5.53e-49	202
CP043556.1	CP046746.1	95.276	127	6	0	958252	958378	495766	495640	5.53e-49	202
CP043556.1	CP046746.1	95.312	128	5	1	1010068	1010194	495641	495768	5.53e-49	202
CP043556.1	CP046746.1	95.312	128	5	1	1010740	1010866	495641	495768	5.53e-49	202
CP043556.1	CP046746.1	95.312	128	4	2	1045596	1045721	495641	495768	5.53e-49	202
CP043556.1	CP046746.1	96.000	125	4	1	1031519	1031642	495641	495765	5.53e-49	202
CP043556.1	CP046746.1	95.312	128	4	2	1050047	1050173	497425	497551	5.53e-49	202
CP043556.1	CP046746.1	92.908	141	6	4	1061173	1061311	497427	497565	5.53e-49	202
CP043556.1	CP046746.1	94.030	134	7	1	950087	950219	497428	497561	5.53e-49	202
CP043556.1	CP046746.1	96.000	125	4	1	956113	956236	497428	497552	5.53e-49	202
CP043556.1	CP046746.1	96.000	125	4	1	1045595	1045718	497428	497552	5.53e-49	202
CP043556.1	CP046746.1	95.968	124	5	0	961251	961374	497551	497428	5.53e-49	202
CP043556.1	CP046746.1	94.030	134	7	1	965581	965714	499042	498910	5.53e-49	202
CP043556.1	CP046746.1	93.985	133	8	0	953643	953775	498910	499042	5.53e-49	202
CP043556.1	CP046746.1	94.615	130	7	0	1068811	1068940	498912	499041	5.53e-49	202
CP043556.1	CP046746.1	95.276	127	6	0	977222	977348	499043	498917	5.53e-49	202
CP043556.1	CP046746.1	95.968	124	5	0	1039761	1039884	498918	499041	5.53e-49	202
CP043556.1	CP046746.1	95.312	128	5	1	987360	987486	499543	499670	5.53e-49	202
CP043556.1	CP046746.1	95.276	127	6	0	966932	967058	499672	499546	5.53e-49	202
CP043556.1	CP046746.1	94.615	130	7	0	999553	999682	499547	499676	5.53e-49	202
CP043556.1	CP046746.1	94.615	130	7	0	1064255	1064384	499547	499676	5.53e-49	202
CP043556.1	CP046746.1	95.968	124	5	0	1056789	1056912	499547	499670	5.53e-49	202
CP043556.1	CP046746.1	92.857	140	8	1	1046131	1046270	499548	499685	5.53e-49	202
CP043556.1	CP046746.1	96.000	125	3	2	1048718	1048841	499548	499671	5.53e-49	202
CP043556.1	CP046746.1	94.656	131	6	1	975611	975740	500428	500298	5.53e-49	202
CP043556.1	CP046746.1	95.312	128	5	1	1046127	1046253	500299	500426	5.53e-49	202
CP043556.1	CP046746.1	95.312	128	5	1	1051166	1051292	500299	500426	5.53e-49	202
CP043556.1	CP046746.1	95.276	127	6	0	1048715	1048841	500301	500427	5.53e-49	202
CP043556.1	CP046746.1	95.312	128	5	1	955340	955466	500302	500429	5.53e-49	202
CP043556.1	CP046746.1	95.312	128	5	1	960066	960193	501065	500939	5.53e-49	202
CP043556.1	CP046746.1	95.276	127	6	0	1058408	1058534	500941	501067	5.53e-49	202
CP043556.1	CP046746.1	96.000	125	4	1	974975	975099	501065	500942	5.53e-49	202
CP043556.1	CP046746.1	96.000	125	4	1	950086	950210	500942	501065	5.53e-49	202
CP043556.1	CP046746.1	95.968	124	5	0	1039761	1039884	500942	501065	5.53e-49	202
CP043556.1	CP046746.1	95.968	124	5	0	951466	951589	500944	501067	5.53e-49	202
CP043556.1	CP046746.1	96.000	125	4	1	1027846	1027970	500944	501067	5.53e-49	202
CP043556.1	CP046746.1	95.968	124	5	0	1051170	1051293	501672	501795	5.53e-49	202
CP043556.1	CP046746.1	92.361	144	8	3	972993	973134	504062	503920	5.53e-49	202
CP043556.1	CP046746.1	96.000	125	4	1	1061173	1061297	503922	504045	5.53e-49	202
CP043556.1	CP046746.1	95.968	124	5	0	1058410	1058533	503923	504046	5.53e-49	202
CP043556.1	CP046746.1	95.968	124	5	0	974975	975098	504632	504509	5.53e-49	202
CP043556.1	CP046746.1	95.968	124	5	0	960066	960189	504632	504509	5.53e-49	202
CP043556.1	CP046746.1	95.968	124	5	0	950087	950210	504509	504632	5.53e-49	202
CP043556.1	CP046746.1	95.968	124	5	0	951913	952036	504509	504632	5.53e-49	202
CP043556.1	CP046746.1	95.968	124	5	0	1056789	1056912	504509	504632	5.53e-49	202
CP043556.1	CP046746.1	95.968	124	5	0	979430	979553	504633	504510	5.53e-49	202
CP043556.1	CP046746.1	95.968	124	5	0	958254	958377	504633	504510	5.53e-49	202
CP043556.1	CP046746.1	95.312	128	4	2	1030434	1030561	505130	505255	5.53e-49	202
CP043556.1	CP046746.1	94.615	130	7	0	1007135	1007264	505661	505790	5.53e-49	202
CP043556.1	CP046746.1	89.571	163	11	6	950083	950244	505664	505821	5.53e-49	202
CP043556.1	CP046746.1	95.312	128	5	1	1027842	1027969	505664	505790	5.53e-49	202
CP043556.1	CP046746.1	96.000	125	4	1	946425	946549	505667	505790	5.53e-49	202
CP043556.1	CP046746.1	92.806	139	10	0	955342	955480	505668	505806	5.53e-49	202
CP043556.1	CP046746.1	96.000	125	4	1	1064256	1064380	505668	505791	5.53e-49	202
CP043556.1	CP046746.1	95.968	124	5	0	974008	974131	506428	506305	5.53e-49	202
CP043556.1	CP046746.1	95.968	124	5	0	1001967	1002090	506305	506428	5.53e-49	202
CP043556.1	CP046746.1	95.968	124	5	0	1031518	1031641	506878	507001	5.53e-49	202
CP043556.1	CP046746.1	95.276	127	6	0	989525	989651	507503	507629	5.53e-49	202
CP043556.1	CP046746.1	91.275	149	11	2	1030904	1031050	508143	508291	5.53e-49	202
CP043556.1	CP046746.1	95.968	124	5	0	978004	978127	508266	508143	5.53e-49	202
CP043556.1	CP046746.1	95.968	124	5	0	1039761	1039884	508143	508266	5.53e-49	202
CP043556.1	CP046746.1	91.837	147	8	4	963225	963368	508290	508145	5.53e-49	202
CP043556.1	CP046746.1	94.656	131	6	1	998916	999046	508736	508865	5.53e-49	202
CP043556.1	CP046746.1	95.312	128	4	2	1026676	1026802	508736	508862	5.53e-49	202
CP043556.1	CP046746.1	95.312	128	5	1	1064256	1064383	508736	508862	5.53e-49	202
CP043556.1	CP046746.1	95.968	124	5	0	989528	989651	508736	508859	5.53e-49	202
CP043556.1	CP046746.1	93.985	133	8	0	1062945	1063077	509867	509999	5.53e-49	202
CP043556.1	CP046746.1	94.656	131	6	1	950081	950211	509867	509996	5.53e-49	202
CP043556.1	CP046746.1	91.781	146	11	1	1054444	1054588	509869	510014	5.53e-49	202
CP043556.1	CP046746.1	94.697	132	4	3	1027842	1027972	509869	509998	5.53e-49	202
CP043556.1	CP046746.1	95.276	127	6	0	1008326	1008452	509869	509995	5.53e-49	202
CP043556.1	CP046746.1	95.312	128	4	2	1037892	1038018	509870	509996	5.53e-49	202
CP043556.1	CP046746.1	91.781	146	10	2	993563	993707	509872	510016	5.53e-49	202
CP043556.1	CP046746.1	95.968	124	5	0	1039761	1039884	509872	509995	5.53e-49	202
CP043556.1	CP046746.1	94.656	131	6	1	1007137	1007267	510402	510531	5.53e-49	202
CP043556.1	CP046746.1	95.312	128	5	1	946425	946552	510405	510531	5.53e-49	202
CP043556.1	CP046746.1	96.000	125	4	1	1048717	1048841	510405	510528	5.53e-49	202
CP043556.1	CP046746.1	92.308	143	9	2	966138	966279	510547	510406	5.53e-49	202
CP043556.1	CP046746.1	95.312	128	5	1	970793	970919	510533	510406	5.53e-49	202
CP043556.1	CP046746.1	96.000	125	4	1	966932	967056	510529	510406	5.53e-49	202
CP043556.1	CP046746.1	95.276	127	6	0	1068815	1068941	511087	511213	5.53e-49	202
CP043556.1	CP046746.1	95.312	128	5	1	1016476	1016603	511089	511215	5.53e-49	202
CP043556.1	CP046746.1	96.000	125	4	1	1051170	1051294	511091	511214	5.53e-49	202
CP043556.1	CP046746.1	95.312	128	4	2	974975	975102	511746	511621	5.53e-49	202
CP043556.1	CP046746.1	95.968	124	5	0	955342	955465	511625	511748	5.53e-49	202
CP043556.1	CP046746.1	95.968	124	5	0	997763	997886	511625	511748	5.53e-49	202
CP043556.1	CP046746.1	95.968	124	5	0	1043189	1043312	511625	511748	5.53e-49	202
CP043556.1	CP046746.1	94.030	134	7	1	1037036	1037169	512229	512361	5.53e-49	202
CP043556.1	CP046746.1	96.000	125	4	1	1005855	1005979	512238	512361	5.53e-49	202
CP043556.1	CP046746.1	93.382	136	9	0	1018793	1018928	513145	513280	5.53e-49	202
CP043556.1	CP046746.1	95.968	124	5	0	950088	950211	513145	513268	5.53e-49	202
CP043556.1	CP046746.1	95.968	124	5	0	1039761	1039884	515351	515474	5.53e-49	202
CP043556.1	CP046746.1	95.968	124	5	0	1058409	1058532	515351	515474	5.53e-49	202
CP043556.1	CP046746.1	95.968	124	5	0	1069391	1069514	515351	515474	5.53e-49	202
CP043556.1	CP046746.1	96.000	125	4	1	1061174	1061298	515352	515475	5.53e-49	202
CP043556.1	CP046746.1	95.312	128	5	1	1051170	1051297	515353	515479	5.53e-49	202
CP043556.1	CP046746.1	92.857	140	8	2	968365	968502	516735	516596	5.53e-49	202
CP043556.1	CP046746.1	95.312	128	5	1	1039758	1039884	516602	516729	5.53e-49	202
CP043556.1	CP046746.1	95.276	127	6	0	1026672	1026798	516603	516729	5.53e-49	202
CP043556.1	CP046746.1	95.312	128	5	1	1008328	1008454	516604	516731	5.53e-49	202
CP043556.1	CP046746.1	93.431	137	8	1	1035731	1035866	516607	516743	5.53e-49	202
CP043556.1	CP046746.1	95.276	127	6	0	1046131	1046257	516607	516733	5.53e-49	202
CP043556.1	CP046746.1	96.000	125	4	1	974008	974131	516731	516607	5.53e-49	202
CP043556.1	CP046746.1	96.000	125	4	1	1009399	1009522	516607	516731	5.53e-49	202
CP043556.1	CP046746.1	95.312	128	5	1	974008	974134	517402	517275	5.53e-49	202
CP043556.1	CP046746.1	96.000	125	4	1	951912	952036	517277	517400	5.53e-49	202
CP043556.1	CP046746.1	95.968	124	5	0	1002494	1002617	517277	517400	5.53e-49	202
CP043556.1	CP046746.1	95.968	124	5	0	1068817	1068940	517277	517400	5.53e-49	202
CP043556.1	CP046746.1	95.968	124	5	0	1036323	1036446	517278	517401	5.53e-49	202
CP043556.1	CP046746.1	96.000	125	4	1	958253	958377	517402	517279	5.53e-49	202
CP043556.1	CP046746.1	95.968	124	5	0	951466	951589	517279	517402	5.53e-49	202
CP043556.1	CP046746.1	95.968	124	5	0	1009399	1009522	517279	517402	5.53e-49	202
CP043556.1	CP046746.1	96.000	125	4	1	1018291	1018415	517279	517402	5.53e-49	202
CP043556.1	CP046746.1	96.000	125	4	1	1026067	1026191	517279	517402	5.53e-49	202
CP043556.1	CP046746.1	95.276	127	6	0	966156	966282	518039	517913	5.53e-49	202
CP043556.1	CP046746.1	96.000	125	4	1	956112	956235	517914	518038	5.53e-49	202
CP043556.1	CP046746.1	95.968	124	5	0	958254	958377	518039	517916	5.53e-49	202
CP043556.1	CP046746.1	95.968	124	5	0	1018792	1018915	518514	518637	5.53e-49	202
CP043556.1	CP046746.1	95.968	124	5	0	1026675	1026798	518514	518637	5.53e-49	202
CP043556.1	CP046746.1	95.968	124	5	0	1056789	1056912	518514	518637	5.53e-49	202
CP043556.1	CP046746.1	96.000	125	4	1	951466	951589	518515	518639	5.53e-49	202
CP043556.1	CP046746.1	94.030	134	6	2	1069382	1069514	519710	519842	5.53e-49	202
CP043556.1	CP046746.1	96.000	125	4	1	1014009	1014133	519719	519842	5.53e-49	202
CP043556.1	CP046746.1	95.968	124	5	0	1036322	1036445	519719	519842	5.53e-49	202
CP043556.1	CP046746.1	95.968	124	5	0	1067862	1067985	519719	519842	5.53e-49	202
CP043556.1	CP046746.1	95.968	124	5	0	965114	965237	519843	519720	5.53e-49	202
CP043556.1	CP046746.1	95.968	124	5	0	987364	987487	519720	519843	5.53e-49	202
CP043556.1	CP046746.1	95.968	124	5	0	990283	990406	519720	519843	5.53e-49	202
CP043556.1	CP046746.1	95.968	124	5	0	1002495	1002618	519720	519843	5.53e-49	202
CP043556.1	CP046746.1	96.000	125	4	1	1010739	1010863	519720	519843	5.53e-49	202
CP043556.1	CP046746.1	96.000	125	4	1	1026675	1026799	519720	519843	5.53e-49	202
CP043556.1	CP046746.1	95.968	124	5	0	1045595	1045718	519720	519843	5.53e-49	202
CP043556.1	CP046746.1	95.312	128	5	1	1046131	1046258	519721	519847	5.53e-49	202
CP043556.1	CP046746.1	94.030	134	6	2	983915	984048	521247	521378	5.53e-49	202
CP043556.1	CP046746.1	92.857	140	8	2	1007137	1007275	521251	521389	5.53e-49	202
CP043556.1	CP046746.1	95.312	128	5	1	1021931	1022057	521252	521379	5.53e-49	202
CP043556.1	CP046746.1	95.312	128	4	2	977224	977350	521378	521252	5.53e-49	202
CP043556.1	CP046746.1	95.312	128	5	1	1067027	1067154	521255	521381	5.53e-49	202
CP043556.1	CP046746.1	95.968	124	5	0	946425	946548	521255	521378	5.53e-49	202
CP043556.1	CP046746.1	95.968	124	5	0	1005170	1005293	521255	521378	5.53e-49	202
CP043556.1	CP046746.1	95.968	124	5	0	1023645	1023768	521255	521378	5.53e-49	202
CP043556.1	CP046746.1	93.431	137	7	2	965570	965704	521392	521256	5.53e-49	202
CP043556.1	CP046746.1	93.431	137	8	1	1061175	1061310	521256	521392	5.53e-49	202
CP043556.1	CP046746.1	94.656	131	5	2	955342	955471	521256	521385	5.53e-49	202
CP043556.1	CP046746.1	95.968	124	5	0	1018793	1018916	521256	521379	5.53e-49	202
CP043556.1	CP046746.1	95.968	124	5	0	1026676	1026799	521256	521379	5.53e-49	202
CP043556.1	CP046746.1	95.968	124	5	0	1048256	1048379	521256	521379	5.53e-49	202
CP043556.1	CP046746.1	95.968	124	5	0	1056790	1056913	521256	521379	5.53e-49	202
CP043556.1	CP046746.1	92.361	144	8	3	997761	997903	522408	522549	5.53e-49	202
CP043556.1	CP046746.1	92.857	140	8	2	966142	966281	522545	522408	5.53e-49	202
CP043556.1	CP046746.1	93.431	137	7	2	965571	965706	522543	522408	5.53e-49	202
CP043556.1	CP046746.1	96.000	125	4	1	960066	960190	522531	522408	5.53e-49	202
CP043556.1	CP046746.1	93.382	136	9	0	1009386	1009521	522846	522981	5.53e-49	202
CP043556.1	CP046746.1	94.030	134	7	1	956103	956235	522847	522980	5.53e-49	202
CP043556.1	CP046746.1	94.615	130	7	0	1008324	1008453	522852	522981	5.53e-49	202
CP043556.1	CP046746.1	94.615	130	7	0	1054442	1054571	522852	522981	5.53e-49	202
CP043556.1	CP046746.1	95.312	128	4	2	979430	979556	522981	522855	5.53e-49	202
CP043556.1	CP046746.1	95.276	127	6	0	1030904	1031030	522857	522983	5.53e-49	202
CP043556.1	CP046746.1	95.968	124	5	0	1039761	1039884	522857	522980	5.53e-49	202
CP043556.1	CP046746.1	94.074	135	4	4	1015378	1015511	524941	525072	5.53e-49	202
CP043556.1	CP046746.1	94.074	135	4	4	1018280	1018413	524941	525072	5.53e-49	202
CP043556.1	CP046746.1	96.000	125	4	1	1048717	1048841	526076	526199	5.53e-49	202
CP043556.1	CP046746.1	96.000	125	4	1	970796	970919	526201	526077	5.53e-49	202
CP043556.1	CP046746.1	95.968	124	5	0	1058411	1058534	526077	526200	5.53e-49	202
CP043556.1	CP046746.1	95.312	128	5	1	963781	963907	528346	528219	5.53e-49	202
CP043556.1	CP046746.1	95.312	128	5	1	962718	962844	528346	528219	5.53e-49	202
CP043556.1	CP046746.1	95.276	127	6	0	1042046	1042172	528220	528346	5.53e-49	202
CP043556.1	CP046746.1	95.276	127	6	0	1048714	1048840	528220	528346	5.53e-49	202
CP043556.1	CP046746.1	96.000	125	4	1	978004	978127	528346	528222	5.53e-49	202
CP043556.1	CP046746.1	95.968	124	5	0	966934	967057	528346	528223	5.53e-49	202
CP043556.1	CP046746.1	95.968	124	5	0	944554	944677	528223	528346	5.53e-49	202
CP043556.1	CP046746.1	95.968	124	5	0	996346	996469	528223	528346	5.53e-49	202
CP043556.1	CP046746.1	92.361	144	8	3	952636	952777	528920	529062	5.53e-49	202
CP043556.1	CP046746.1	94.030	134	7	1	1048246	1048378	528929	529062	5.53e-49	202
CP043556.1	CP046746.1	95.968	124	5	0	979430	979553	529063	528940	5.53e-49	202
CP043556.1	CP046746.1	95.968	124	5	0	972578	972701	529063	528940	5.53e-49	202
CP043556.1	CP046746.1	95.968	124	5	0	1063760	1063883	528940	529063	5.53e-49	202
CP043556.1	CP046746.1	95.276	127	6	0	996343	996469	529748	529874	5.53e-49	202
CP043556.1	CP046746.1	95.968	124	5	0	960066	960189	529874	529751	5.53e-49	202
CP043556.1	CP046746.1	95.968	124	5	0	950087	950210	529751	529874	5.53e-49	202
CP043556.1	CP046746.1	95.968	124	5	0	951913	952036	529751	529874	5.53e-49	202
CP043556.1	CP046746.1	95.968	124	5	0	1027846	1027969	529752	529875	5.53e-49	202
CP043556.1	CP046746.1	96.000	125	4	1	1064255	1064379	530324	530447	5.53e-49	202
CP043556.1	CP046746.1	95.968	124	5	0	974008	974131	530448	530325	5.53e-49	202
CP043556.1	CP046746.1	95.968	124	5	0	996979	997102	530325	530448	5.53e-49	202
CP043556.1	CP046746.1	95.968	124	5	0	1009399	1009522	530325	530448	5.53e-49	202
CP043556.1	CP046746.1	94.030	134	6	2	958246	958378	533703	533571	5.53e-49	202
CP043556.1	CP046746.1	95.968	124	5	0	1039761	1039884	534420	534543	5.53e-49	202
CP043556.1	CP046746.1	94.656	131	6	1	1018787	1018917	535065	535194	5.53e-49	202
CP043556.1	CP046746.1	95.312	128	5	1	951910	952037	535067	535193	5.53e-49	202
CP043556.1	CP046746.1	95.276	127	6	0	956110	956236	535067	535193	5.53e-49	202
CP043556.1	CP046746.1	95.276	127	6	0	1045592	1045718	535067	535193	5.53e-49	202
CP043556.1	CP046746.1	95.276	127	6	0	1032151	1032277	535069	535195	5.53e-49	202
CP043556.1	CP046746.1	95.968	124	5	0	1030904	1031027	535069	535192	5.53e-49	202
CP043556.1	CP046746.1	95.968	124	5	0	1037047	1037170	535070	535193	5.53e-49	202
CP043556.1	CP046746.1	94.656	131	6	1	974971	975100	536723	536593	5.53e-49	202
CP043556.1	CP046746.1	95.968	124	5	0	952654	952777	536595	536718	5.53e-49	202
CP043556.1	CP046746.1	95.968	124	5	0	1049458	1049581	536596	536719	5.53e-49	202
CP043556.1	CP046746.1	94.656	131	6	1	1056112	1056242	537075	537204	5.53e-49	202
CP043556.1	CP046746.1	94.030	134	6	2	946920	947052	537078	537210	5.53e-49	202
CP043556.1	CP046746.1	95.312	128	5	1	955340	955466	537078	537205	5.53e-49	202
CP043556.1	CP046746.1	95.312	128	5	1	997761	997887	537078	537205	5.53e-49	202
CP043556.1	CP046746.1	96.000	125	4	1	971758	971881	537202	537078	5.53e-49	202
CP043556.1	CP046746.1	96.000	125	4	1	947712	947835	537078	537202	5.53e-49	202
CP043556.1	CP046746.1	95.968	124	5	0	976714	976837	537202	537079	5.53e-49	202
CP043556.1	CP046746.1	94.030	134	7	1	947704	947836	538041	538174	5.53e-49	202
CP043556.1	CP046746.1	94.656	131	6	1	971757	971886	538174	538044	5.53e-49	202
CP043556.1	CP046746.1	94.615	130	7	0	960064	960193	538175	538046	5.53e-49	202
CP043556.1	CP046746.1	94.030	134	6	2	1056115	1056248	538048	538179	5.53e-49	202
CP043556.1	CP046746.1	95.276	127	6	0	1010737	1010863	538048	538174	5.53e-49	202
CP043556.1	CP046746.1	95.968	124	5	0	1049457	1049580	538050	538173	5.53e-49	202
CP043556.1	CP046746.1	95.968	124	5	0	1037895	1038018	538051	538174	5.53e-49	202
CP043556.1	CP046746.1	95.968	124	5	0	979431	979554	538734	538611	5.53e-49	202
CP043556.1	CP046746.1	94.656	131	6	1	976706	976836	538741	538612	5.53e-49	202
CP043556.1	CP046746.1	95.968	124	5	0	974974	975097	538735	538612	5.53e-49	202
CP043556.1	CP046746.1	96.000	125	4	1	974009	974132	539272	539148	5.53e-49	202
CP043556.1	CP046746.1	95.968	124	5	0	966933	967056	539272	539149	5.53e-49	202
CP043556.1	CP046746.1	95.968	124	5	0	1042050	1042173	539149	539272	5.53e-49	202
CP043556.1	CP046746.1	96.000	125	4	1	956113	956236	539768	539892	5.53e-49	202
CP043556.1	CP046746.1	96.000	125	4	1	1068818	1068941	539768	539892	5.53e-49	202
CP043556.1	CP046746.1	96.000	125	4	1	1051929	1052052	539769	539893	5.53e-49	202
CP043556.1	CP046746.1	95.968	124	5	0	1015389	1015512	539769	539892	5.53e-49	202
CP043556.1	CP046746.1	95.968	124	5	0	1029862	1029985	539769	539892	5.53e-49	202
CP043556.1	CP046746.1	95.349	129	3	3	974974	975102	540427	540302	5.53e-49	202
CP043556.1	CP046746.1	95.312	128	4	2	976709	976836	540431	540306	5.53e-49	202
CP043556.1	CP046746.1	95.968	124	5	0	1064256	1064379	540960	541083	5.53e-49	202
CP043556.1	CP046746.1	95.276	127	6	0	966932	967058	542692	542566	5.53e-49	202
CP043556.1	CP046746.1	95.276	127	6	0	1018291	1018417	542568	542694	5.53e-49	202
CP043556.1	CP046746.1	95.276	127	6	0	471947	472073	761455	761581	5.53e-49	202
CP043556.1	CP046746.1	94.615	130	7	0	1091887	1092016	848265	848136	5.53e-49	202
CP043556.1	CP046746.1	94.574	129	7	0	515297	515425	327517	327389	1.99e-48	200
CP043556.1	CP046746.1	93.382	136	7	2	273951	274085	409033	408899	1.99e-48	200
CP043556.1	CP046746.1	95.935	123	5	0	983926	984048	493616	493738	1.99e-48	200
CP043556.1	CP046746.1	94.615	130	6	1	961249	961378	495765	495637	1.99e-48	200
CP043556.1	CP046746.1	93.985	133	6	2	1067864	1067995	495641	495772	1.99e-48	200
CP043556.1	CP046746.1	95.276	127	4	2	956114	956238	495641	495767	1.99e-48	200
CP043556.1	CP046746.1	95.238	126	6	0	944555	944680	495641	495766	1.99e-48	200
CP043556.1	CP046746.1	95.968	124	4	1	977223	977345	495764	495641	1.99e-48	200
CP043556.1	CP046746.1	95.968	124	4	1	1036324	1036446	495641	495764	1.99e-48	200
CP043556.1	CP046746.1	95.968	124	4	1	1069393	1069515	495641	495764	1.99e-48	200
CP043556.1	CP046746.1	95.935	123	5	0	976714	976836	495763	495641	1.99e-48	200
CP043556.1	CP046746.1	95.968	124	4	1	955341	955463	497428	497551	1.99e-48	200
CP043556.1	CP046746.1	95.935	123	5	0	1030434	1030556	497429	497551	1.99e-48	200
CP043556.1	CP046746.1	92.199	141	11	0	956095	956235	498901	499041	1.99e-48	200
CP043556.1	CP046746.1	95.238	126	6	0	971758	971883	499041	498916	1.99e-48	200
CP043556.1	CP046746.1	95.238	126	6	0	947710	947835	498916	499041	1.99e-48	200
CP043556.1	CP046746.1	92.806	139	9	1	1064253	1064391	498917	499054	1.99e-48	200
CP043556.1	CP046746.1	91.781	146	9	3	997755	997899	499541	499684	1.99e-48	200
CP043556.1	CP046746.1	94.615	130	6	1	989523	989651	499543	499672	1.99e-48	200
CP043556.1	CP046746.1	93.985	133	7	1	1026672	1026803	499544	499676	1.99e-48	200
CP043556.1	CP046746.1	92.308	143	7	3	1061173	1061314	499546	499685	1.99e-48	200
CP043556.1	CP046746.1	95.276	127	5	1	1031517	1031642	499546	499672	1.99e-48	200
CP043556.1	CP046746.1	95.276	127	5	1	974006	974131	499674	499548	1.99e-48	200
CP043556.1	CP046746.1	95.276	127	4	2	1003030	1003154	499548	499674	1.99e-48	200
CP043556.1	CP046746.1	95.238	126	6	0	964308	964433	499673	499548	1.99e-48	200
CP043556.1	CP046746.1	95.238	126	6	0	958252	958377	499673	499548	1.99e-48	200
CP043556.1	CP046746.1	95.935	123	5	0	1015389	1015511	499548	499670	1.99e-48	200
CP043556.1	CP046746.1	93.985	133	7	1	1043183	1043314	500298	500430	1.99e-48	200
CP043556.1	CP046746.1	94.615	130	6	1	1030900	1031028	500298	500427	1.99e-48	200
CP043556.1	CP046746.1	94.574	129	7	0	974975	975103	500426	500298	1.99e-48	200
CP043556.1	CP046746.1	94.615	130	6	1	979429	979557	500428	500299	1.99e-48	200
CP043556.1	CP046746.1	94.574	129	7	0	972576	972704	500429	500301	1.99e-48	200
CP043556.1	CP046746.1	94.574	129	7	0	958252	958380	500429	500301	1.99e-48	200
CP043556.1	CP046746.1	94.574	129	7	0	1042047	1042175	500301	500429	1.99e-48	200
CP043556.1	CP046746.1	95.276	127	4	2	970797	970921	500428	500302	1.99e-48	200
CP043556.1	CP046746.1	95.968	124	4	1	995559	995681	500304	500427	1.99e-48	200
CP043556.1	CP046746.1	95.935	123	5	0	987899	988021	500304	500426	1.99e-48	200
CP043556.1	CP046746.1	95.935	123	5	0	1015389	1015511	500304	500426	1.99e-48	200
CP043556.1	CP046746.1	94.615	130	6	1	958253	958382	501067	500939	1.99e-48	200
CP043556.1	CP046746.1	95.238	126	6	0	1069390	1069515	500941	501066	1.99e-48	200
CP043556.1	CP046746.1	95.968	124	4	1	996346	996469	500943	501065	1.99e-48	200
CP043556.1	CP046746.1	95.935	123	5	0	995559	995681	500944	501066	1.99e-48	200
CP043556.1	CP046746.1	95.968	124	4	1	970798	970920	504046	503923	1.99e-48	200
CP043556.1	CP046746.1	95.935	123	5	0	971758	971880	504045	503923	1.99e-48	200
CP043556.1	CP046746.1	95.935	123	5	0	947713	947835	503923	504045	1.99e-48	200
CP043556.1	CP046746.1	95.935	123	5	0	956113	956235	503923	504045	1.99e-48	200
CP043556.1	CP046746.1	95.935	123	5	0	987364	987486	503923	504045	1.99e-48	200
CP043556.1	CP046746.1	95.968	124	4	1	1026675	1026798	503923	504045	1.99e-48	200
CP043556.1	CP046746.1	95.935	123	5	0	1032152	1032274	503923	504045	1.99e-48	200
CP043556.1	CP046746.1	95.935	123	5	0	1045595	1045717	503923	504045	1.99e-48	200
CP043556.1	CP046746.1	95.935	123	5	0	1044936	1045058	503924	504046	1.99e-48	200
CP043556.1	CP046746.1	95.238	126	6	0	976714	976839	504632	504507	1.99e-48	200
CP043556.1	CP046746.1	95.238	126	6	0	952652	952777	504507	504632	1.99e-48	200
CP043556.1	CP046746.1	95.238	126	6	0	1070301	1070426	504507	504632	1.99e-48	200
CP043556.1	CP046746.1	95.968	124	4	1	1068818	1068940	504509	504632	1.99e-48	200
CP043556.1	CP046746.1	95.968	124	4	1	974009	974131	504633	504510	1.99e-48	200
CP043556.1	CP046746.1	95.968	124	4	1	1009399	1009521	504510	504633	1.99e-48	200
CP043556.1	CP046746.1	93.985	133	6	2	976706	976838	505258	505128	1.99e-48	200
CP043556.1	CP046746.1	95.968	124	4	1	983925	984048	505129	505251	1.99e-48	200
CP043556.1	CP046746.1	95.968	124	3	2	1008330	1008452	505129	505251	1.99e-48	200
CP043556.1	CP046746.1	95.968	124	3	2	1054448	1054570	505129	505251	1.99e-48	200
CP043556.1	CP046746.1	95.276	127	4	2	1021935	1022060	505130	505255	1.99e-48	200
CP043556.1	CP046746.1	95.276	127	5	1	1034725	1034851	505130	505255	1.99e-48	200
CP043556.1	CP046746.1	93.985	133	6	2	961246	961378	505794	505664	1.99e-48	200
CP043556.1	CP046746.1	95.968	124	4	1	1037894	1038017	505667	505789	1.99e-48	200
CP043556.1	CP046746.1	95.935	123	5	0	989528	989650	505668	505790	1.99e-48	200
CP043556.1	CP046746.1	93.939	132	8	0	1036319	1036450	506300	506431	1.99e-48	200
CP043556.1	CP046746.1	92.806	139	9	1	1054448	1054586	506304	506441	1.99e-48	200
CP043556.1	CP046746.1	93.382	136	8	1	983925	984060	506304	506438	1.99e-48	200
CP043556.1	CP046746.1	95.238	126	6	0	975610	975735	506429	506304	1.99e-48	200
CP043556.1	CP046746.1	95.276	127	5	1	998915	999041	506304	506429	1.99e-48	200
CP043556.1	CP046746.1	95.968	124	4	1	974975	975098	506426	506304	1.99e-48	200
CP043556.1	CP046746.1	95.935	123	5	0	971758	971880	506426	506304	1.99e-48	200
CP043556.1	CP046746.1	95.935	123	5	0	947713	947835	506304	506426	1.99e-48	200
CP043556.1	CP046746.1	94.615	130	5	2	1051929	1052056	506305	506434	1.99e-48	200
CP043556.1	CP046746.1	95.238	126	6	0	1008330	1008455	507505	507630	1.99e-48	200
CP043556.1	CP046746.1	95.238	126	6	0	1054448	1054573	507505	507630	1.99e-48	200
CP043556.1	CP046746.1	95.968	124	4	1	950087	950210	507505	507627	1.99e-48	200
CP043556.1	CP046746.1	95.968	124	4	1	951913	952036	507505	507627	1.99e-48	200
CP043556.1	CP046746.1	95.935	123	5	0	1039762	1039884	507505	507627	1.99e-48	200
CP043556.1	CP046746.1	95.238	126	6	0	1001967	1002092	507506	507631	1.99e-48	200
CP043556.1	CP046746.1	94.574	129	7	0	1010061	1010189	508138	508266	1.99e-48	200
CP043556.1	CP046746.1	95.238	126	6	0	965114	965239	508267	508142	1.99e-48	200
CP043556.1	CP046746.1	95.238	126	6	0	987362	987487	508142	508267	1.99e-48	200
CP043556.1	CP046746.1	95.276	127	5	1	1018790	1018916	508142	508267	1.99e-48	200
CP043556.1	CP046746.1	95.238	126	6	0	1025530	1025655	508142	508267	1.99e-48	200
CP043556.1	CP046746.1	95.276	127	5	1	1026673	1026799	508142	508267	1.99e-48	200
CP043556.1	CP046746.1	95.238	126	6	0	1045593	1045718	508142	508267	1.99e-48	200
CP043556.1	CP046746.1	95.968	124	4	1	944554	944677	508144	508266	1.99e-48	200
CP043556.1	CP046746.1	95.935	123	5	0	989527	989649	508144	508266	1.99e-48	200
CP043556.1	CP046746.1	95.935	123	5	0	991069	991191	508145	508267	1.99e-48	200
CP043556.1	CP046746.1	95.935	123	5	0	1033968	1034090	508145	508267	1.99e-48	200
CP043556.1	CP046746.1	95.276	127	5	1	958252	958378	508860	508735	1.99e-48	200
CP043556.1	CP046746.1	94.574	129	7	0	975613	975741	509995	509867	1.99e-48	200
CP043556.1	CP046746.1	94.574	129	7	0	1030899	1031027	509867	509995	1.99e-48	200
CP043556.1	CP046746.1	95.238	126	6	0	973009	973134	509995	509870	1.99e-48	200
CP043556.1	CP046746.1	95.276	127	5	1	951911	952037	509871	509996	1.99e-48	200
CP043556.1	CP046746.1	95.238	126	6	0	984561	984686	509871	509996	1.99e-48	200
CP043556.1	CP046746.1	95.238	126	6	0	974007	974132	510530	510405	1.99e-48	200
CP043556.1	CP046746.1	95.935	123	5	0	1036324	1036446	510406	510528	1.99e-48	200
CP043556.1	CP046746.1	95.935	123	5	0	1069393	1069515	510406	510528	1.99e-48	200
CP043556.1	CP046746.1	93.939	132	8	0	997753	997884	511081	511212	1.99e-48	200
CP043556.1	CP046746.1	93.985	133	6	2	998911	999043	511086	511216	1.99e-48	200
CP043556.1	CP046746.1	95.276	127	5	1	1042046	1042172	511087	511212	1.99e-48	200
CP043556.1	CP046746.1	91.781	146	8	4	977983	978127	511231	511089	1.99e-48	200
CP043556.1	CP046746.1	95.935	123	5	0	1031518	1031640	511090	511212	1.99e-48	200
CP043556.1	CP046746.1	93.382	136	7	2	1001956	1002090	511614	511748	1.99e-48	200
CP043556.1	CP046746.1	95.968	124	4	1	969045	969168	511746	511624	1.99e-48	200
CP043556.1	CP046746.1	95.968	124	4	1	1037894	1038017	511624	511746	1.99e-48	200
CP043556.1	CP046746.1	95.935	123	5	0	977223	977345	511747	511625	1.99e-48	200
CP043556.1	CP046746.1	95.968	124	4	1	1064256	1064379	511625	511747	1.99e-48	200
CP043556.1	CP046746.1	93.382	136	8	1	1051915	1052050	512227	512361	1.99e-48	200
CP043556.1	CP046746.1	94.615	130	6	1	998909	999038	513814	513942	1.99e-48	200
CP043556.1	CP046746.1	95.935	123	5	0	1064256	1064378	513820	513942	1.99e-48	200
CP043556.1	CP046746.1	95.276	127	4	2	976711	976836	514841	514716	1.99e-48	200
CP043556.1	CP046746.1	94.574	129	7	0	1043182	1043310	515346	515474	1.99e-48	200
CP043556.1	CP046746.1	95.968	124	4	1	970799	970921	515474	515351	1.99e-48	200
CP043556.1	CP046746.1	95.968	124	4	1	1050050	1050173	515352	515474	1.99e-48	200
CP043556.1	CP046746.1	93.382	136	8	1	963781	963915	516729	516594	1.99e-48	200
CP043556.1	CP046746.1	93.382	136	8	1	962718	962852	516729	516594	1.99e-48	200
CP043556.1	CP046746.1	93.382	136	8	1	953642	953776	516596	516731	1.99e-48	200
CP043556.1	CP046746.1	93.382	136	8	1	1062305	1062439	516596	516731	1.99e-48	200
CP043556.1	CP046746.1	90.789	152	10	4	1055578	1055727	516597	516746	1.99e-48	200
CP043556.1	CP046746.1	94.615	130	6	1	1016472	1016600	516600	516729	1.99e-48	200
CP043556.1	CP046746.1	94.615	130	6	1	1024226	1024354	516602	516731	1.99e-48	200
CP043556.1	CP046746.1	94.574	129	7	0	946422	946550	516603	516731	1.99e-48	200
CP043556.1	CP046746.1	95.276	127	5	1	971758	971883	516729	516603	1.99e-48	200
CP043556.1	CP046746.1	95.276	127	5	1	947710	947835	516603	516729	1.99e-48	200
CP043556.1	CP046746.1	95.238	126	6	0	1010737	1010862	516604	516729	1.99e-48	200
CP043556.1	CP046746.1	95.276	127	5	1	975611	975736	516731	516605	1.99e-48	200
CP043556.1	CP046746.1	95.935	123	5	0	952655	952777	516607	516729	1.99e-48	200
CP043556.1	CP046746.1	95.935	123	5	0	1015389	1015511	516607	516729	1.99e-48	200
CP043556.1	CP046746.1	95.935	123	5	0	1034725	1034847	516607	516729	1.99e-48	200
CP043556.1	CP046746.1	95.935	123	5	0	1051170	1051292	516607	516729	1.99e-48	200
CP043556.1	CP046746.1	93.382	136	7	2	969045	969180	517400	517267	1.99e-48	200
CP043556.1	CP046746.1	95.276	127	5	1	946920	947046	517277	517402	1.99e-48	200
CP043556.1	CP046746.1	95.276	127	5	1	983924	984050	517277	517402	1.99e-48	200
CP043556.1	CP046746.1	95.238	126	6	0	989527	989652	517278	517403	1.99e-48	200
CP043556.1	CP046746.1	95.968	124	4	1	963246	963368	517402	517279	1.99e-48	200
CP043556.1	CP046746.1	95.968	124	4	1	996979	997101	517916	518039	1.99e-48	200
CP043556.1	CP046746.1	93.985	133	6	2	946915	947046	518508	518639	1.99e-48	200
CP043556.1	CP046746.1	93.985	133	6	2	1058403	1058534	518508	518639	1.99e-48	200
CP043556.1	CP046746.1	93.985	133	7	1	1036322	1036453	518513	518645	1.99e-48	200
CP043556.1	CP046746.1	95.276	127	4	2	970796	970920	518640	518514	1.99e-48	200
CP043556.1	CP046746.1	95.238	126	6	0	961249	961374	518639	518514	1.99e-48	200
CP043556.1	CP046746.1	95.238	126	6	0	1042049	1042174	518514	518639	1.99e-48	200
CP043556.1	CP046746.1	95.968	124	4	1	1002495	1002617	518514	518637	1.99e-48	200
CP043556.1	CP046746.1	95.968	124	4	1	1039762	1039884	518514	518637	1.99e-48	200
CP043556.1	CP046746.1	95.968	124	4	1	995559	995681	518515	518638	1.99e-48	200
CP043556.1	CP046746.1	95.935	123	5	0	1010067	1010189	519720	519842	1.99e-48	200
CP043556.1	CP046746.1	95.935	123	5	0	1058410	1058532	519720	519842	1.99e-48	200
CP043556.1	CP046746.1	95.935	123	5	0	1003030	1003152	519721	519843	1.99e-48	200
CP043556.1	CP046746.1	95.935	123	5	0	1051929	1052051	519721	519843	1.99e-48	200
CP043556.1	CP046746.1	95.276	127	5	1	1001963	1002088	521252	521378	1.99e-48	200
CP043556.1	CP046746.1	95.276	127	5	1	1004045	1004170	521253	521379	1.99e-48	200
CP043556.1	CP046746.1	95.968	124	4	1	995558	995680	521255	521378	1.99e-48	200
CP043556.1	CP046746.1	95.968	124	4	1	1052999	1053121	521255	521378	1.99e-48	200
CP043556.1	CP046746.1	95.935	123	5	0	972579	972701	521378	521256	1.99e-48	200
CP043556.1	CP046746.1	95.935	123	5	0	944555	944677	521256	521378	1.99e-48	200
CP043556.1	CP046746.1	95.935	123	5	0	1005857	1005979	521256	521378	1.99e-48	200
CP043556.1	CP046746.1	95.935	123	5	0	1014011	1014133	521256	521378	1.99e-48	200
CP043556.1	CP046746.1	95.276	127	5	1	961249	961375	522533	522408	1.99e-48	200
CP043556.1	CP046746.1	95.238	126	6	0	974006	974131	522535	522410	1.99e-48	200
CP043556.1	CP046746.1	93.382	136	8	1	976248	976382	522981	522846	1.99e-48	200
CP043556.1	CP046746.1	93.382	136	7	2	965581	965715	522981	522847	1.99e-48	200
CP043556.1	CP046746.1	93.985	133	7	1	1051160	1051292	522849	522980	1.99e-48	200
CP043556.1	CP046746.1	95.276	127	5	1	972578	972704	522981	522856	1.99e-48	200
CP043556.1	CP046746.1	95.276	127	5	1	946423	946549	522856	522981	1.99e-48	200
CP043556.1	CP046746.1	95.276	127	5	1	1042047	1042173	522856	522981	1.99e-48	200
CP043556.1	CP046746.1	95.238	126	6	0	1062313	1062438	522856	522981	1.99e-48	200
CP043556.1	CP046746.1	90.789	152	11	3	966131	966281	523006	522857	1.99e-48	200
CP043556.1	CP046746.1	94.615	130	6	1	961246	961375	522985	522857	1.99e-48	200
CP043556.1	CP046746.1	95.968	124	4	1	1030434	1030557	522859	522981	1.99e-48	200
CP043556.1	CP046746.1	93.985	133	7	1	1052990	1053121	526066	526198	1.99e-48	200
CP043556.1	CP046746.1	95.968	124	4	1	1034724	1034847	526076	526198	1.99e-48	200
CP043556.1	CP046746.1	95.935	123	5	0	1036324	1036446	526077	526199	1.99e-48	200
CP043556.1	CP046746.1	95.935	123	5	0	1069393	1069515	526077	526199	1.99e-48	200
CP043556.1	CP046746.1	92.308	143	8	3	964298	964440	527641	527502	1.99e-48	200
CP043556.1	CP046746.1	93.431	137	6	2	1005159	1005293	528211	528346	1.99e-48	200
CP043556.1	CP046746.1	93.985	133	7	1	1010058	1010189	528214	528346	1.99e-48	200
CP043556.1	CP046746.1	95.968	124	4	1	1036323	1036445	528223	528346	1.99e-48	200
CP043556.1	CP046746.1	95.935	123	5	0	987899	988021	528224	528346	1.99e-48	200
CP043556.1	CP046746.1	95.935	123	5	0	1012805	1012927	528224	528346	1.99e-48	200
CP043556.1	CP046746.1	95.935	123	5	0	1015389	1015511	528224	528346	1.99e-48	200
CP043556.1	CP046746.1	95.935	123	5	0	1018291	1018413	528224	528346	1.99e-48	200
CP043556.1	CP046746.1	95.935	123	5	0	1023646	1023768	528224	528346	1.99e-48	200
CP043556.1	CP046746.1	95.935	123	5	0	1034725	1034847	528224	528346	1.99e-48	200
CP043556.1	CP046746.1	95.935	123	5	0	1046131	1046253	528224	528346	1.99e-48	200
CP043556.1	CP046746.1	95.935	123	5	0	1051170	1051292	528224	528346	1.99e-48	200
CP043556.1	CP046746.1	95.968	124	4	1	978003	978125	529063	528940	1.99e-48	200
CP043556.1	CP046746.1	95.968	124	3	2	963247	963368	529063	528940	1.99e-48	200
CP043556.1	CP046746.1	95.968	124	4	1	955342	955464	528940	529063	1.99e-48	200
CP043556.1	CP046746.1	95.968	124	4	1	989528	989650	528940	529063	1.99e-48	200
CP043556.1	CP046746.1	95.968	124	4	1	997763	997885	528940	529063	1.99e-48	200
CP043556.1	CP046746.1	95.968	124	4	1	1009399	1009521	528940	529063	1.99e-48	200
CP043556.1	CP046746.1	95.968	124	4	1	1043189	1043311	528940	529063	1.99e-48	200
CP043556.1	CP046746.1	95.935	123	5	0	974975	975097	529062	528940	1.99e-48	200
CP043556.1	CP046746.1	95.935	123	5	0	1012805	1012927	528940	529062	1.99e-48	200
CP043556.1	CP046746.1	95.935	123	5	0	1018793	1018915	528940	529062	1.99e-48	200
CP043556.1	CP046746.1	95.935	123	5	0	1026676	1026798	528940	529062	1.99e-48	200
CP043556.1	CP046746.1	95.238	126	6	0	1064255	1064380	529751	529876	1.99e-48	200
CP043556.1	CP046746.1	95.968	124	4	1	950087	950210	530324	530446	1.99e-48	200
CP043556.1	CP046746.1	95.276	127	4	2	1037895	1038020	530325	530450	1.99e-48	200
CP043556.1	CP046746.1	94.615	130	6	1	1007139	1007267	534418	534547	1.99e-48	200
CP043556.1	CP046746.1	95.238	126	6	0	975611	975736	534545	534420	1.99e-48	200
CP043556.1	CP046746.1	94.615	130	6	1	972579	972708	535192	535064	1.99e-48	200
CP043556.1	CP046746.1	95.276	127	5	1	965582	965708	535192	535067	1.99e-48	200
CP043556.1	CP046746.1	95.276	127	5	1	989527	989653	535070	535195	1.99e-48	200
CP043556.1	CP046746.1	95.238	126	6	0	974972	975097	536102	535977	1.99e-48	200
CP043556.1	CP046746.1	95.238	126	6	0	950085	950210	536593	536718	1.99e-48	200
CP043556.1	CP046746.1	95.238	126	6	0	1063759	1063884	536595	536720	1.99e-48	200
CP043556.1	CP046746.1	95.968	124	4	1	948247	948369	536595	536718	1.99e-48	200
CP043556.1	CP046746.1	95.968	124	4	1	1021934	1022056	536595	536718	1.99e-48	200
CP043556.1	CP046746.1	95.935	123	5	0	960066	960188	536718	536596	1.99e-48	200
CP043556.1	CP046746.1	95.935	123	5	0	951914	952036	536596	536718	1.99e-48	200
CP043556.1	CP046746.1	92.806	139	9	1	988927	989064	537065	537203	1.99e-48	200
CP043556.1	CP046746.1	95.276	127	5	1	1062314	1062439	537078	537204	1.99e-48	200
CP043556.1	CP046746.1	95.238	126	6	0	1005855	1005980	537078	537203	1.99e-48	200
CP043556.1	CP046746.1	95.238	126	6	0	964308	964433	537205	537080	1.99e-48	200
CP043556.1	CP046746.1	95.238	126	6	0	958252	958377	537205	537080	1.99e-48	200
CP043556.1	CP046746.1	95.238	126	6	0	946426	946551	537080	537205	1.99e-48	200
CP043556.1	CP046746.1	95.238	126	6	0	1063760	1063885	537080	537205	1.99e-48	200
CP043556.1	CP046746.1	95.935	123	5	0	1034725	1034847	537080	537202	1.99e-48	200
CP043556.1	CP046746.1	95.935	123	5	0	1046131	1046253	537080	537202	1.99e-48	200
CP043556.1	CP046746.1	95.935	123	5	0	1051170	1051292	537080	537202	1.99e-48	200
CP043556.1	CP046746.1	90.260	154	13	2	974965	975118	538183	538032	1.99e-48	200
CP043556.1	CP046746.1	95.276	127	5	1	956111	956236	538048	538174	1.99e-48	200
CP043556.1	CP046746.1	95.276	127	5	1	1045593	1045718	538048	538174	1.99e-48	200
CP043556.1	CP046746.1	95.238	126	6	0	1068333	1068458	538048	538173	1.99e-48	200
CP043556.1	CP046746.1	95.238	126	6	0	993563	993688	538049	538174	1.99e-48	200
CP043556.1	CP046746.1	95.238	126	6	0	1016476	1016601	538049	538174	1.99e-48	200
CP043556.1	CP046746.1	95.968	124	4	1	989527	989649	538050	538173	1.99e-48	200
CP043556.1	CP046746.1	95.968	124	4	1	1021935	1022057	538051	538174	1.99e-48	200
CP043556.1	CP046746.1	95.935	123	5	0	1027846	1027968	538051	538173	1.99e-48	200
CP043556.1	CP046746.1	95.276	127	5	1	988482	988607	539146	539272	1.99e-48	200
CP043556.1	CP046746.1	94.574	129	7	0	1037894	1038022	539148	539276	1.99e-48	200
CP043556.1	CP046746.1	95.935	123	5	0	993565	993687	539149	539271	1.99e-48	200
CP043556.1	CP046746.1	95.935	123	5	0	1056790	1056912	539149	539271	1.99e-48	200
CP043556.1	CP046746.1	95.238	126	6	0	996345	996470	539767	539892	1.99e-48	200
CP043556.1	CP046746.1	95.968	124	4	1	1008330	1008452	539768	539891	1.99e-48	200
CP043556.1	CP046746.1	95.968	124	4	1	1054448	1054570	539768	539891	1.99e-48	200
CP043556.1	CP046746.1	95.276	127	5	1	1021935	1022060	539769	539895	1.99e-48	200
CP043556.1	CP046746.1	95.935	123	5	0	1018291	1018413	539769	539891	1.99e-48	200
CP043556.1	CP046746.1	95.238	126	6	0	998916	999041	540960	541085	1.99e-48	200
CP043556.1	CP046746.1	95.935	123	5	0	1070304	1070426	540960	541082	1.99e-48	200
CP043556.1	CP046746.1	94.615	130	5	2	1050048	1050176	542565	542693	1.99e-48	200
CP043556.1	CP046746.1	95.276	127	5	1	1036321	1036446	542565	542691	1.99e-48	200
CP043556.1	CP046746.1	95.238	126	6	0	961249	961374	542692	542567	1.99e-48	200
CP043556.1	CP046746.1	95.968	124	4	1	987364	987486	542567	542690	1.99e-48	200
CP043556.1	CP046746.1	93.985	133	7	1	1027846	1027978	542568	542699	1.99e-48	200
CP043556.1	CP046746.1	95.935	123	5	0	1051170	1051292	542568	542690	1.99e-48	200
CP043556.1	CP046746.1	94.574	129	7	0	425831	425959	696992	696864	1.99e-48	200
CP043556.1	CP046746.1	93.985	133	7	1	397273	397405	757694	757825	1.99e-48	200
CP043556.1	CP046746.1	94.574	129	7	0	690018	690146	848264	848136	1.99e-48	200
CP043556.1	CP046746.1	95.935	123	4	1	1037895	1038017	493114	493235	7.15e-48	198
CP043556.1	CP046746.1	95.935	123	4	1	1067028	1067150	493114	493235	7.15e-48	198
CP043556.1	CP046746.1	95.200	125	6	0	1051170	1051294	493616	493740	7.15e-48	198
CP043556.1	CP046746.1	93.939	132	7	1	1012801	1012931	495637	495768	7.15e-48	198
CP043556.1	CP046746.1	95.200	125	6	0	1048717	1048841	495640	495764	7.15e-48	198
CP043556.1	CP046746.1	95.238	126	5	1	997763	997887	495641	495766	7.15e-48	198
CP043556.1	CP046746.1	95.238	126	5	1	1043189	1043313	495641	495766	7.15e-48	198
CP043556.1	CP046746.1	95.200	125	6	0	966932	967056	495765	495641	7.15e-48	198
CP043556.1	CP046746.1	94.531	128	7	0	976712	976839	497553	497426	7.15e-48	198
CP043556.1	CP046746.1	95.200	125	6	0	974974	975098	497552	497428	7.15e-48	198
CP043556.1	CP046746.1	95.200	125	6	0	960065	960189	497552	497428	7.15e-48	198
CP043556.1	CP046746.1	95.200	125	6	0	1026675	1026799	497428	497552	7.15e-48	198
CP043556.1	CP046746.1	95.935	123	4	1	996979	997100	497429	497551	7.15e-48	198
CP043556.1	CP046746.1	93.893	131	8	0	1062308	1062438	498912	499042	7.15e-48	198
CP043556.1	CP046746.1	93.893	131	8	0	997760	997890	498917	499047	7.15e-48	198
CP043556.1	CP046746.1	95.902	122	5	0	1011280	1011401	498920	499041	7.15e-48	198
CP043556.1	CP046746.1	94.574	129	6	1	1010739	1010866	499547	499675	7.15e-48	198
CP043556.1	CP046746.1	94.574	129	6	1	1068813	1068940	500298	500426	7.15e-48	198
CP043556.1	CP046746.1	93.939	132	6	2	1001963	1002092	500299	500430	7.15e-48	198
CP043556.1	CP046746.1	94.531	128	7	0	1010735	1010862	500299	500426	7.15e-48	198
CP043556.1	CP046746.1	95.238	126	5	1	971758	971882	500426	500301	7.15e-48	198
CP043556.1	CP046746.1	95.238	126	5	1	963781	963905	500426	500301	7.15e-48	198
CP043556.1	CP046746.1	95.238	126	5	1	962718	962842	500426	500301	7.15e-48	198
CP043556.1	CP046746.1	95.238	126	5	1	947711	947835	500301	500426	7.15e-48	198
CP043556.1	CP046746.1	95.238	126	5	1	984561	984685	500301	500426	7.15e-48	198
CP043556.1	CP046746.1	95.200	125	6	0	1056788	1056912	500302	500426	7.15e-48	198
CP043556.1	CP046746.1	95.200	125	6	0	1049457	1049581	500303	500427	7.15e-48	198
CP043556.1	CP046746.1	95.200	125	6	0	1067028	1067152	500304	500428	7.15e-48	198
CP043556.1	CP046746.1	94.574	129	6	1	972577	972705	501067	500940	7.15e-48	198
CP043556.1	CP046746.1	93.939	132	6	2	1056115	1056246	500941	501070	7.15e-48	198
CP043556.1	CP046746.1	94.531	128	7	0	1062313	1062440	500941	501068	7.15e-48	198
CP043556.1	CP046746.1	95.200	125	6	0	965115	965239	501065	500941	7.15e-48	198
CP043556.1	CP046746.1	95.200	125	6	0	987362	987486	500941	501065	7.15e-48	198
CP043556.1	CP046746.1	95.238	126	5	1	1010737	1010862	500941	501065	7.15e-48	198
CP043556.1	CP046746.1	95.238	126	5	1	1018790	1018915	500941	501065	7.15e-48	198
CP043556.1	CP046746.1	95.238	126	5	1	1026673	1026798	500941	501065	7.15e-48	198
CP043556.1	CP046746.1	95.200	125	6	0	1045593	1045717	500941	501065	7.15e-48	198
CP043556.1	CP046746.1	95.200	125	6	0	1030904	1031028	500942	501066	7.15e-48	198
CP043556.1	CP046746.1	95.200	125	6	0	976246	976370	501068	500944	7.15e-48	198
CP043556.1	CP046746.1	95.200	125	6	0	961885	962009	501068	500944	7.15e-48	198
CP043556.1	CP046746.1	95.935	123	4	1	969045	969167	501065	500944	7.15e-48	198
CP043556.1	CP046746.1	95.902	122	5	0	991069	991190	500944	501065	7.15e-48	198
CP043556.1	CP046746.1	94.531	128	7	0	993561	993688	501668	501795	7.15e-48	198
CP043556.1	CP046746.1	95.200	125	6	0	983924	984048	501670	501794	7.15e-48	198
CP043556.1	CP046746.1	92.199	141	9	2	952638	952777	503906	504045	7.15e-48	198
CP043556.1	CP046746.1	93.939	132	6	2	1035731	1035861	503924	504054	7.15e-48	198
CP043556.1	CP046746.1	95.200	125	6	0	1046763	1046887	503924	504048	7.15e-48	198
CP043556.1	CP046746.1	95.902	122	5	0	1003030	1003151	503924	504045	7.15e-48	198
CP043556.1	CP046746.1	95.935	123	4	1	1051170	1051292	503924	504045	7.15e-48	198
CP043556.1	CP046746.1	94.574	129	6	1	1039757	1039884	504504	504632	7.15e-48	198
CP043556.1	CP046746.1	95.200	125	6	0	1061173	1061297	504508	504632	7.15e-48	198
CP043556.1	CP046746.1	95.238	126	5	1	1030905	1031029	504509	504634	7.15e-48	198
CP043556.1	CP046746.1	95.200	125	6	0	972578	972702	504633	504509	7.15e-48	198
CP043556.1	CP046746.1	95.200	125	6	0	966156	966280	504633	504509	7.15e-48	198
CP043556.1	CP046746.1	95.200	125	6	0	1068335	1068459	504509	504633	7.15e-48	198
CP043556.1	CP046746.1	95.935	123	4	1	948248	948369	504510	504632	7.15e-48	198
CP043556.1	CP046746.1	95.238	126	5	1	996345	996470	505128	505252	7.15e-48	198
CP043556.1	CP046746.1	95.238	126	4	2	1032152	1032276	505129	505253	7.15e-48	198
CP043556.1	CP046746.1	95.935	123	4	1	946426	946548	505130	505251	7.15e-48	198
CP043556.1	CP046746.1	95.935	123	4	1	1027846	1027968	505130	505251	7.15e-48	198
CP043556.1	CP046746.1	94.574	129	5	2	999549	999677	505664	505790	7.15e-48	198
CP043556.1	CP046746.1	91.216	148	9	3	964290	964436	505809	505665	7.15e-48	198
CP043556.1	CP046746.1	95.200	125	6	0	991066	991190	505665	505789	7.15e-48	198
CP043556.1	CP046746.1	95.238	126	5	1	1048717	1048842	505667	505791	7.15e-48	198
CP043556.1	CP046746.1	91.156	147	12	1	1068819	1068965	505668	505813	7.15e-48	198
CP043556.1	CP046746.1	95.200	125	6	0	1069393	1069517	505668	505792	7.15e-48	198
CP043556.1	CP046746.1	95.935	123	4	1	976714	976836	505789	505668	7.15e-48	198
CP043556.1	CP046746.1	95.935	123	4	1	1026676	1026798	505668	505789	7.15e-48	198
CP043556.1	CP046746.1	95.238	126	5	1	976714	976839	506426	506302	7.15e-48	198
CP043556.1	CP046746.1	95.200	125	6	0	973007	973131	506428	506304	7.15e-48	198
CP043556.1	CP046746.1	95.200	125	6	0	955341	955465	506304	506428	7.15e-48	198
CP043556.1	CP046746.1	95.200	125	6	0	997762	997886	506304	506428	7.15e-48	198
CP043556.1	CP046746.1	95.200	125	6	0	1008330	1008454	506304	506428	7.15e-48	198
CP043556.1	CP046746.1	95.238	126	5	1	979428	979553	506429	506305	7.15e-48	198
CP043556.1	CP046746.1	95.238	126	5	1	1030434	1030559	506305	506429	7.15e-48	198
CP043556.1	CP046746.1	95.902	122	5	0	1021935	1022056	506305	506426	7.15e-48	198
CP043556.1	CP046746.1	95.200	125	6	0	997761	997885	506877	507001	7.15e-48	198
CP043556.1	CP046746.1	95.902	122	5	0	1021935	1022056	506879	507000	7.15e-48	198
CP043556.1	CP046746.1	93.333	135	8	1	952643	952777	507494	507627	7.15e-48	198
CP043556.1	CP046746.1	92.806	139	7	2	960061	960199	507632	507497	7.15e-48	198
CP043556.1	CP046746.1	90.789	152	9	5	944550	944697	507500	507650	7.15e-48	198
CP043556.1	CP046746.1	95.200	125	6	0	975611	975735	507629	507505	7.15e-48	198
CP043556.1	CP046746.1	95.238	126	5	1	946426	946551	507506	507630	7.15e-48	198
CP043556.1	CP046746.1	95.200	125	6	0	1007142	1007266	507506	507630	7.15e-48	198
CP043556.1	CP046746.1	95.238	126	5	1	1027846	1027971	507506	507630	7.15e-48	198
CP043556.1	CP046746.1	95.902	122	5	0	991069	991190	507506	507627	7.15e-48	198
CP043556.1	CP046746.1	95.935	123	4	1	1037895	1038017	507506	507627	7.15e-48	198
CP043556.1	CP046746.1	95.238	126	5	1	946423	946548	508142	508266	7.15e-48	198
CP043556.1	CP046746.1	95.200	125	6	0	1058408	1058532	508142	508266	7.15e-48	198
CP043556.1	CP046746.1	95.200	125	6	0	1069390	1069514	508142	508266	7.15e-48	198
CP043556.1	CP046746.1	95.200	125	6	0	990282	990406	508143	508267	7.15e-48	198
CP043556.1	CP046746.1	95.935	123	4	1	979431	979553	508266	508145	7.15e-48	198
CP043556.1	CP046746.1	95.902	122	5	0	951466	951587	508145	508266	7.15e-48	198
CP043556.1	CP046746.1	95.902	122	5	0	995559	995680	508145	508266	7.15e-48	198
CP043556.1	CP046746.1	95.935	123	4	1	1027846	1027968	508145	508266	7.15e-48	198
CP043556.1	CP046746.1	95.200	125	6	0	973006	973130	508860	508736	7.15e-48	198
CP043556.1	CP046746.1	95.200	125	6	0	1008331	1008455	508736	508860	7.15e-48	198
CP043556.1	CP046746.1	95.200	125	6	0	1054449	1054573	508736	508860	7.15e-48	198
CP043556.1	CP046746.1	95.200	125	6	0	1058411	1058535	508736	508860	7.15e-48	198
CP043556.1	CP046746.1	94.574	129	5	2	1046127	1046254	509869	509996	7.15e-48	198
CP043556.1	CP046746.1	94.574	129	5	2	1051166	1051293	509869	509996	7.15e-48	198
CP043556.1	CP046746.1	95.238	126	5	1	946423	946548	509871	509995	7.15e-48	198
CP043556.1	CP046746.1	95.200	125	6	0	1032151	1032275	509872	509996	7.15e-48	198
CP043556.1	CP046746.1	95.238	126	5	1	1056788	1056913	509872	509996	7.15e-48	198
CP043556.1	CP046746.1	95.238	126	5	1	974006	974131	509998	509874	7.15e-48	198
CP043556.1	CP046746.1	95.902	122	5	0	1009399	1009520	509874	509995	7.15e-48	198
CP043556.1	CP046746.1	94.574	129	6	1	1037889	1038017	510400	510527	7.15e-48	198
CP043556.1	CP046746.1	93.939	132	7	1	1008326	1008457	510402	510532	7.15e-48	198
CP043556.1	CP046746.1	95.200	125	6	0	976247	976371	510529	510405	7.15e-48	198
CP043556.1	CP046746.1	95.238	126	5	1	1050051	1050176	510406	510530	7.15e-48	198
CP043556.1	CP046746.1	95.902	122	5	0	956114	956235	510406	510527	7.15e-48	198
CP043556.1	CP046746.1	95.935	123	4	1	1026676	1026798	510406	510527	7.15e-48	198
CP043556.1	CP046746.1	95.902	122	5	0	1032153	1032274	510406	510527	7.15e-48	198
CP043556.1	CP046746.1	95.902	122	5	0	1045596	1045717	510406	510527	7.15e-48	198
CP043556.1	CP046746.1	94.531	128	7	0	965112	965239	511215	511088	7.15e-48	198
CP043556.1	CP046746.1	95.200	125	6	0	1007139	1007263	511088	511212	7.15e-48	198
CP043556.1	CP046746.1	95.200	125	6	0	1043186	1043310	511088	511212	7.15e-48	198
CP043556.1	CP046746.1	93.333	135	8	1	1056788	1056922	511089	511222	7.15e-48	198
CP043556.1	CP046746.1	95.238	126	5	1	974974	975099	511213	511089	7.15e-48	198
CP043556.1	CP046746.1	95.238	126	5	1	950086	950211	511089	511213	7.15e-48	198
CP043556.1	CP046746.1	93.939	132	6	2	976706	976837	511219	511090	7.15e-48	198
CP043556.1	CP046746.1	95.902	122	5	0	996979	997100	511091	511212	7.15e-48	198
CP043556.1	CP046746.1	95.902	122	5	0	1001967	1002088	511091	511212	7.15e-48	198
CP043556.1	CP046746.1	95.935	123	4	1	1035731	1035853	511091	511212	7.15e-48	198
CP043556.1	CP046746.1	93.333	135	7	2	979424	979557	511754	511621	7.15e-48	198
CP043556.1	CP046746.1	95.200	125	6	0	996978	997102	511624	511748	7.15e-48	198
CP043556.1	CP046746.1	95.238	126	5	1	1005170	1005295	511624	511748	7.15e-48	198
CP043556.1	CP046746.1	95.238	126	5	1	1067027	1067152	511624	511748	7.15e-48	198
CP043556.1	CP046746.1	95.238	126	5	1	970795	970919	511750	511625	7.15e-48	198
CP043556.1	CP046746.1	95.200	125	6	0	1067864	1067988	511625	511749	7.15e-48	198
CP043556.1	CP046746.1	95.935	123	4	1	1016478	1016600	511625	511746	7.15e-48	198
CP043556.1	CP046746.1	95.902	122	5	0	1039763	1039884	511625	511746	7.15e-48	198
CP043556.1	CP046746.1	95.902	122	5	0	1068819	1068940	511625	511746	7.15e-48	198
CP043556.1	CP046746.1	93.939	132	7	1	993556	993687	512231	512361	7.15e-48	198
CP043556.1	CP046746.1	95.200	125	6	0	955339	955463	512237	512361	7.15e-48	198
CP043556.1	CP046746.1	95.200	125	6	0	1039761	1039885	512238	512362	7.15e-48	198
CP043556.1	CP046746.1	95.902	122	5	0	976249	976370	512361	512240	7.15e-48	198
CP043556.1	CP046746.1	95.902	122	5	0	968370	968491	512361	512240	7.15e-48	198
CP043556.1	CP046746.1	95.902	122	5	0	991069	991190	512240	512361	7.15e-48	198
CP043556.1	CP046746.1	95.902	122	5	0	1001967	1002088	512240	512361	7.15e-48	198
CP043556.1	CP046746.1	95.935	123	4	1	1023646	1023768	512240	512361	7.15e-48	198
CP043556.1	CP046746.1	95.200	125	6	0	1026065	1026189	513818	513942	7.15e-48	198
CP043556.1	CP046746.1	95.200	125	6	0	1029861	1029985	513819	513943	7.15e-48	198
CP043556.1	CP046746.1	94.531	128	7	0	977224	977351	515474	515347	7.15e-48	198
CP043556.1	CP046746.1	95.238	126	5	1	976249	976373	515474	515349	7.15e-48	198
CP043556.1	CP046746.1	92.199	141	9	2	966917	967057	515490	515352	7.15e-48	198
CP043556.1	CP046746.1	95.238	126	5	1	976712	976837	515476	515352	7.15e-48	198
CP043556.1	CP046746.1	95.935	123	4	1	958255	958377	515474	515353	7.15e-48	198
CP043556.1	CP046746.1	95.935	123	4	1	1027846	1027968	515353	515474	7.15e-48	198
CP043556.1	CP046746.1	93.333	135	7	2	1054966	1055098	516594	516728	7.15e-48	198
CP043556.1	CP046746.1	94.574	129	6	1	1056785	1056912	516601	516729	7.15e-48	198
CP043556.1	CP046746.1	91.667	144	10	2	988936	989078	516602	516744	7.15e-48	198
CP043556.1	CP046746.1	94.531	128	7	0	1048251	1048378	516602	516729	7.15e-48	198
CP043556.1	CP046746.1	94.574	129	6	1	1058407	1058534	516603	516731	7.15e-48	198
CP043556.1	CP046746.1	94.531	128	7	0	1005853	1005980	516603	516730	7.15e-48	198
CP043556.1	CP046746.1	94.531	128	7	0	958253	958380	516731	516604	7.15e-48	198
CP043556.1	CP046746.1	95.238	126	5	1	1030904	1031028	516605	516730	7.15e-48	198
CP043556.1	CP046746.1	93.333	135	7	2	944554	944687	516606	516739	7.15e-48	198
CP043556.1	CP046746.1	95.238	126	5	1	989527	989651	516606	516731	7.15e-48	198
CP043556.1	CP046746.1	95.200	125	6	0	1014010	1014134	516606	516730	7.15e-48	198
CP043556.1	CP046746.1	95.200	125	6	0	1067028	1067152	516607	516731	7.15e-48	198
CP043556.1	CP046746.1	95.935	123	4	1	991069	991190	516607	516729	7.15e-48	198
CP043556.1	CP046746.1	95.935	123	4	1	1011280	1011401	516607	516729	7.15e-48	198
CP043556.1	CP046746.1	92.254	142	7	4	1016465	1016603	517264	517404	7.15e-48	198
CP043556.1	CP046746.1	89.744	156	14	2	1045584	1045738	517267	517421	7.15e-48	198
CP043556.1	CP046746.1	93.939	132	6	2	1067022	1067152	517272	517402	7.15e-48	198
CP043556.1	CP046746.1	95.935	123	4	1	1015389	1015511	517279	517400	7.15e-48	198
CP043556.1	CP046746.1	95.935	123	4	1	1037895	1038017	517279	517400	7.15e-48	198
CP043556.1	CP046746.1	95.902	122	5	0	1053000	1053121	517279	517400	7.15e-48	198
CP043556.1	CP046746.1	86.170	188	20	5	978325	978509	517547	517363	7.15e-48	198
CP043556.1	CP046746.1	95.200	125	6	0	1026674	1026798	517914	518038	7.15e-48	198
CP043556.1	CP046746.1	95.200	125	6	0	1050050	1050174	517915	518039	7.15e-48	198
CP043556.1	CP046746.1	95.200	125	6	0	1070302	1070426	518513	518637	7.15e-48	198
CP043556.1	CP046746.1	91.275	149	8	4	990283	990429	518514	518659	7.15e-48	198
CP043556.1	CP046746.1	95.238	126	5	1	976246	976370	518640	518515	7.15e-48	198
CP043556.1	CP046746.1	95.238	126	5	1	968367	968491	518640	518515	7.15e-48	198
CP043556.1	CP046746.1	95.238	126	5	1	961885	962009	518640	518515	7.15e-48	198
CP043556.1	CP046746.1	95.238	126	4	2	982753	982876	518515	518640	7.15e-48	198
CP043556.1	CP046746.1	95.200	125	6	0	1067028	1067152	518515	518639	7.15e-48	198
CP043556.1	CP046746.1	95.935	123	4	1	991069	991190	518515	518637	7.15e-48	198
CP043556.1	CP046746.1	95.935	123	4	1	1011280	1011401	518515	518637	7.15e-48	198
CP043556.1	CP046746.1	95.935	123	4	1	1053000	1053121	518515	518637	7.15e-48	198
CP043556.1	CP046746.1	94.574	129	6	1	1016473	1016601	519716	519843	7.15e-48	198
CP043556.1	CP046746.1	94.531	128	7	0	1031517	1031644	519719	519846	7.15e-48	198
CP043556.1	CP046746.1	95.200	125	6	0	1037046	1037170	519719	519843	7.15e-48	198
CP043556.1	CP046746.1	95.902	122	5	0	968370	968491	519842	519721	7.15e-48	198
CP043556.1	CP046746.1	95.902	122	5	0	961888	962009	519842	519721	7.15e-48	198
CP043556.1	CP046746.1	95.935	123	3	2	948248	948369	519721	519842	7.15e-48	198
CP043556.1	CP046746.1	95.902	122	5	0	1001967	1002088	519721	519842	7.15e-48	198
CP043556.1	CP046746.1	95.935	123	4	1	1030434	1030556	519721	519842	7.15e-48	198
CP043556.1	CP046746.1	95.935	123	4	1	1063760	1063882	519721	519842	7.15e-48	198
CP043556.1	CP046746.1	94.531	128	7	0	1015385	1015512	521252	521379	7.15e-48	198
CP043556.1	CP046746.1	95.238	126	5	1	968370	968494	521378	521253	7.15e-48	198
CP043556.1	CP046746.1	95.935	123	4	1	989528	989649	521256	521378	7.15e-48	198
CP043556.1	CP046746.1	95.935	123	4	1	1039763	1039884	521256	521378	7.15e-48	198
CP043556.1	CP046746.1	95.935	123	4	1	1062316	1062437	521256	521378	7.15e-48	198
CP043556.1	CP046746.1	94.531	128	7	0	996975	997102	521832	521959	7.15e-48	198
CP043556.1	CP046746.1	95.238	126	4	2	1031518	1031642	522409	522533	7.15e-48	198
CP043556.1	CP046746.1	95.902	122	5	0	1051929	1052050	522410	522531	7.15e-48	198
CP043556.1	CP046746.1	95.238	126	5	1	960066	960191	522980	522856	7.15e-48	198
CP043556.1	CP046746.1	95.238	126	5	1	951911	952036	522856	522980	7.15e-48	198
CP043556.1	CP046746.1	95.200	125	6	0	975612	975736	522981	522857	7.15e-48	198
CP043556.1	CP046746.1	94.574	129	6	1	1049457	1049585	522858	522985	7.15e-48	198
CP043556.1	CP046746.1	95.238	126	5	1	1014010	1014135	522858	522982	7.15e-48	198
CP043556.1	CP046746.1	95.200	125	6	0	1036323	1036447	522858	522982	7.15e-48	198
CP043556.1	CP046746.1	95.935	123	4	1	963247	963368	522981	522859	7.15e-48	198
CP043556.1	CP046746.1	95.935	123	4	1	952655	952777	522859	522980	7.15e-48	198
CP043556.1	CP046746.1	95.902	122	5	0	1053000	1053121	522859	522980	7.15e-48	198
CP043556.1	CP046746.1	95.935	123	3	2	983926	984048	524952	525072	7.15e-48	198
CP043556.1	CP046746.1	95.935	123	3	2	1026676	1026798	524952	525072	7.15e-48	198
CP043556.1	CP046746.1	91.667	144	11	1	979414	979557	526215	526073	7.15e-48	198
CP043556.1	CP046746.1	95.200	125	6	0	991066	991190	526074	526198	7.15e-48	198
CP043556.1	CP046746.1	95.200	125	6	0	995557	995681	526075	526199	7.15e-48	198
CP043556.1	CP046746.1	90.196	153	13	2	1043189	1043341	526077	526227	7.15e-48	198
CP043556.1	CP046746.1	95.200	125	6	0	1062316	1062440	526077	526201	7.15e-48	198
CP043556.1	CP046746.1	95.200	125	6	0	1067864	1067988	526077	526201	7.15e-48	198
CP043556.1	CP046746.1	95.902	122	5	0	971758	971879	526198	526077	7.15e-48	198
CP043556.1	CP046746.1	95.902	122	5	0	947714	947835	526077	526198	7.15e-48	198
CP043556.1	CP046746.1	95.902	122	5	0	956114	956235	526077	526198	7.15e-48	198
CP043556.1	CP046746.1	95.902	122	5	0	987365	987486	526077	526198	7.15e-48	198
CP043556.1	CP046746.1	95.935	123	4	1	1010740	1010862	526077	526198	7.15e-48	198
CP043556.1	CP046746.1	95.935	123	4	1	1026676	1026798	526077	526198	7.15e-48	198
CP043556.1	CP046746.1	95.902	122	5	0	1045596	1045717	526077	526198	7.15e-48	198
CP043556.1	CP046746.1	95.935	123	4	1	1056790	1056912	526077	526198	7.15e-48	198
CP043556.1	CP046746.1	94.574	129	5	2	1016476	1016604	526717	526843	7.15e-48	198
CP043556.1	CP046746.1	92.754	138	9	1	951451	951587	528209	528346	7.15e-48	198
CP043556.1	CP046746.1	93.939	132	7	1	965115	965245	528346	528215	7.15e-48	198
CP043556.1	CP046746.1	95.200	125	6	0	1056788	1056912	528222	528346	7.15e-48	198
CP043556.1	CP046746.1	95.935	123	3	2	963248	963368	528346	528224	7.15e-48	198
CP043556.1	CP046746.1	95.935	123	4	1	995559	995680	528224	528346	7.15e-48	198
CP043556.1	CP046746.1	95.935	123	4	1	1003030	1003151	528224	528346	7.15e-48	198
CP043556.1	CP046746.1	95.935	123	4	1	1011280	1011401	528224	528346	7.15e-48	198
CP043556.1	CP046746.1	95.935	123	4	1	1044936	1045057	528224	528346	7.15e-48	198
CP043556.1	CP046746.1	95.238	126	5	1	1036324	1036448	528940	529065	7.15e-48	198
CP043556.1	CP046746.1	95.200	125	6	0	1048718	1048842	528940	529064	7.15e-48	198
CP043556.1	CP046746.1	95.935	123	4	1	991069	991190	528940	529062	7.15e-48	198
CP043556.1	CP046746.1	95.935	123	4	1	1039763	1039884	528940	529062	7.15e-48	198
CP043556.1	CP046746.1	95.935	123	4	1	1053000	1053121	528940	529062	7.15e-48	198
CP043556.1	CP046746.1	95.935	123	4	1	1068819	1068940	528940	529062	7.15e-48	198
CP043556.1	CP046746.1	93.284	134	9	0	988936	989069	529747	529880	7.15e-48	198
CP043556.1	CP046746.1	95.200	125	6	0	972578	972702	529875	529751	7.15e-48	198
CP043556.1	CP046746.1	95.935	123	4	1	948248	948369	529752	529874	7.15e-48	198
CP043556.1	CP046746.1	94.531	128	7	0	1036319	1036446	530320	530447	7.15e-48	198
CP043556.1	CP046746.1	95.238	126	5	1	952652	952777	530322	530446	7.15e-48	198
CP043556.1	CP046746.1	95.200	125	6	0	975611	975735	530448	530324	7.15e-48	198
CP043556.1	CP046746.1	95.200	125	6	0	973007	973131	530448	530324	7.15e-48	198
CP043556.1	CP046746.1	95.238	126	5	1	983925	984050	530324	530448	7.15e-48	198
CP043556.1	CP046746.1	95.238	126	5	1	999553	999678	530324	530448	7.15e-48	198
CP043556.1	CP046746.1	95.200	125	6	0	1008330	1008454	530324	530448	7.15e-48	198
CP043556.1	CP046746.1	95.200	125	6	0	1054448	1054572	530324	530448	7.15e-48	198
CP043556.1	CP046746.1	94.574	129	5	2	1057730	1057857	530325	530452	7.15e-48	198
CP043556.1	CP046746.1	95.902	122	5	0	991069	991190	530325	530446	7.15e-48	198
CP043556.1	CP046746.1	95.902	122	5	0	1011280	1011401	530325	530446	7.15e-48	198
CP043556.1	CP046746.1	95.902	122	5	0	1021935	1022056	530325	530446	7.15e-48	198
CP043556.1	CP046746.1	95.200	125	6	0	996978	997102	533571	533695	7.15e-48	198
CP043556.1	CP046746.1	93.939	132	7	1	955342	955472	533572	533703	7.15e-48	198
CP043556.1	CP046746.1	93.939	132	6	2	991060	991190	534413	534543	7.15e-48	198
CP043556.1	CP046746.1	94.574	129	6	1	972575	972703	534547	534420	7.15e-48	198
CP043556.1	CP046746.1	95.200	125	6	0	1001967	1002091	534422	534546	7.15e-48	198
CP043556.1	CP046746.1	94.574	129	6	1	1005851	1005979	535065	535192	7.15e-48	198
CP043556.1	CP046746.1	95.200	125	6	0	1043186	1043310	535068	535192	7.15e-48	198
CP043556.1	CP046746.1	95.238	126	5	1	974974	975099	535193	535069	7.15e-48	198
CP043556.1	CP046746.1	95.238	126	5	1	950086	950211	535069	535193	7.15e-48	198
CP043556.1	CP046746.1	95.238	126	5	1	976712	976837	535194	535070	7.15e-48	198
CP043556.1	CP046746.1	95.902	122	5	0	1001967	1002088	535071	535192	7.15e-48	198
CP043556.1	CP046746.1	95.200	125	6	0	1037894	1038018	535976	536100	7.15e-48	198
CP043556.1	CP046746.1	95.935	123	4	1	977224	977345	536099	535977	7.15e-48	198
CP043556.1	CP046746.1	93.939	132	7	1	966151	966282	536723	536593	7.15e-48	198
CP043556.1	CP046746.1	93.939	132	6	2	955339	955469	536593	536723	7.15e-48	198
CP043556.1	CP046746.1	94.531	128	7	0	999551	999678	536593	536720	7.15e-48	198
CP043556.1	CP046746.1	93.939	132	7	1	969038	969169	536724	536594	7.15e-48	198
CP043556.1	CP046746.1	95.238	126	5	1	1044935	1045059	536595	536720	7.15e-48	198
CP043556.1	CP046746.1	92.254	142	7	4	997763	997901	536596	536736	7.15e-48	198
CP043556.1	CP046746.1	93.382	136	6	3	1054449	1054583	536596	536729	7.15e-48	198
CP043556.1	CP046746.1	94.531	128	7	0	1061175	1061302	536596	536723	7.15e-48	198
CP043556.1	CP046746.1	95.200	125	6	0	972577	972701	536720	536596	7.15e-48	198
CP043556.1	CP046746.1	95.200	125	6	0	1050051	1050175	536596	536720	7.15e-48	198
CP043556.1	CP046746.1	95.200	125	6	0	1068336	1068460	536596	536720	7.15e-48	198
CP043556.1	CP046746.1	95.935	123	4	1	1068819	1068940	536596	536718	7.15e-48	198
CP043556.1	CP046746.1	94.531	128	7	0	1016473	1016600	537075	537202	7.15e-48	198
CP043556.1	CP046746.1	94.531	128	7	0	1042048	1042175	537078	537205	7.15e-48	198
CP043556.1	CP046746.1	95.238	126	5	1	977223	977347	537203	537078	7.15e-48	198
CP043556.1	CP046746.1	95.200	125	6	0	1018791	1018915	537078	537202	7.15e-48	198
CP043556.1	CP046746.1	95.200	125	6	0	1026674	1026798	537078	537202	7.15e-48	198
CP043556.1	CP046746.1	95.200	125	6	0	1048254	1048378	537078	537202	7.15e-48	198
CP043556.1	CP046746.1	95.238	126	5	1	989527	989651	537079	537204	7.15e-48	198
CP043556.1	CP046746.1	95.238	126	5	1	951466	951590	537080	537205	7.15e-48	198
CP043556.1	CP046746.1	95.935	123	4	1	948248	948369	537080	537202	7.15e-48	198
CP043556.1	CP046746.1	95.935	123	4	1	1021935	1022056	537080	537202	7.15e-48	198
CP043556.1	CP046746.1	95.935	123	4	1	1051929	1052050	537080	537202	7.15e-48	198
CP043556.1	CP046746.1	90.196	153	14	1	966934	967086	538173	538022	7.15e-48	198
CP043556.1	CP046746.1	95.238	126	5	1	1058408	1058532	538048	538173	7.15e-48	198
CP043556.1	CP046746.1	95.238	126	5	1	1032151	1032275	538049	538174	7.15e-48	198
CP043556.1	CP046746.1	95.200	125	6	0	966157	966281	538173	538049	7.15e-48	198
CP043556.1	CP046746.1	95.200	125	6	0	998914	999038	538049	538173	7.15e-48	198
CP043556.1	CP046746.1	95.935	123	4	1	974010	974131	538173	538051	7.15e-48	198
CP043556.1	CP046746.1	95.238	126	5	1	990284	990408	538612	538737	7.15e-48	198
CP043556.1	CP046746.1	94.531	128	7	0	1027842	1027969	539145	539272	7.15e-48	198
CP043556.1	CP046746.1	95.200	125	6	0	1049458	1049582	539149	539273	7.15e-48	198
CP043556.1	CP046746.1	95.200	125	6	0	1064256	1064380	539149	539273	7.15e-48	198
CP043556.1	CP046746.1	91.724	145	8	4	970791	970933	539898	539756	7.15e-48	198
CP043556.1	CP046746.1	95.200	125	6	0	944553	944677	539767	539891	7.15e-48	198
CP043556.1	CP046746.1	93.333	135	7	2	1056789	1056922	539768	539901	7.15e-48	198
CP043556.1	CP046746.1	95.935	123	4	1	1001967	1002088	539769	539891	7.15e-48	198
CP043556.1	CP046746.1	94.615	130	3	4	976245	976373	540429	540303	7.15e-48	198
CP043556.1	CP046746.1	94.615	130	3	4	947714	947842	540306	540432	7.15e-48	198
CP043556.1	CP046746.1	95.276	127	3	3	998916	999042	540306	540429	7.15e-48	198
CP043556.1	CP046746.1	95.238	126	4	2	1016478	1016603	540306	540429	7.15e-48	198
CP043556.1	CP046746.1	95.935	123	3	2	972579	972701	540426	540306	7.15e-48	198
CP043556.1	CP046746.1	93.939	132	7	1	1051169	1051299	540959	541090	7.15e-48	198
CP043556.1	CP046746.1	95.238	126	5	1	996978	997102	540959	541084	7.15e-48	198
CP043556.1	CP046746.1	93.985	133	5	3	970790	970920	542698	542567	7.15e-48	198
CP043556.1	CP046746.1	93.893	131	8	0	1026067	1026197	542568	542698	7.15e-48	198
CP043556.1	CP046746.1	94.531	128	7	0	1048718	1048845	542568	542695	7.15e-48	198
CP043556.1	CP046746.1	95.238	126	5	1	397275	397400	682050	682174	7.15e-48	198
CP043556.1	CP046746.1	93.893	131	8	0	471946	472076	696991	696861	7.15e-48	198
CP043556.1	CP046746.1	93.893	131	8	0	690016	690146	696861	696991	7.15e-48	198
CP043556.1	CP046746.1	95.200	125	6	0	62349	62473	696989	696865	7.15e-48	198
CP043556.1	CP046746.1	93.846	130	8	0	1091888	1092017	327389	327518	2.57e-47	196
CP043556.1	CP046746.1	94.531	128	6	1	924419	924545	408901	409028	2.57e-47	196
CP043556.1	CP046746.1	94.531	128	6	1	1016473	1016600	493109	493235	2.57e-47	196
CP043556.1	CP046746.1	94.574	129	4	3	1039758	1039885	493110	493236	2.57e-47	196
CP043556.1	CP046746.1	94.531	128	5	2	951913	952040	493113	493238	2.57e-47	196
CP043556.1	CP046746.1	95.200	125	5	1	1051927	1052050	495639	495763	2.57e-47	196
CP043556.1	CP046746.1	95.161	124	6	0	1034724	1034847	495640	495763	2.57e-47	196
CP043556.1	CP046746.1	93.893	131	6	1	1056790	1056920	495641	495769	2.57e-47	196
CP043556.1	CP046746.1	94.488	127	7	0	1050051	1050177	495641	495767	2.57e-47	196
CP043556.1	CP046746.1	95.161	124	6	0	988941	989064	495641	495764	2.57e-47	196
CP043556.1	CP046746.1	94.488	127	7	0	1028489	1028615	496725	496851	2.57e-47	196
CP043556.1	CP046746.1	95.161	124	6	0	986435	986558	496728	496851	2.57e-47	196
CP043556.1	CP046746.1	95.200	125	4	2	966157	966280	497551	497428	2.57e-47	196
CP043556.1	CP046746.1	95.161	124	6	0	983925	984048	497428	497551	2.57e-47	196
CP043556.1	CP046746.1	95.161	124	6	0	1056117	1056240	497428	497551	2.57e-47	196
CP043556.1	CP046746.1	93.893	131	7	1	979423	979553	497558	497429	2.57e-47	196
CP043556.1	CP046746.1	95.161	124	6	0	1037895	1038018	497429	497552	2.57e-47	196
CP043556.1	CP046746.1	92.647	136	10	0	1054441	1054576	498912	499047	2.57e-47	196
CP043556.1	CP046746.1	93.846	130	8	0	987357	987486	498912	499041	2.57e-47	196
CP043556.1	CP046746.1	94.531	128	6	1	946918	947045	498916	499042	2.57e-47	196
CP043556.1	CP046746.1	94.488	127	7	0	1024227	1024353	498916	499042	2.57e-47	196
CP043556.1	CP046746.1	95.161	124	6	0	990282	990405	498918	499041	2.57e-47	196
CP043556.1	CP046746.1	95.200	125	5	1	1056788	1056912	498918	499041	2.57e-47	196
CP043556.1	CP046746.1	93.893	131	7	1	1007137	1007266	500299	500429	2.57e-47	196
CP043556.1	CP046746.1	95.200	125	5	1	1039761	1039884	500302	500426	2.57e-47	196
CP043556.1	CP046746.1	94.488	127	7	0	1050050	1050176	500303	500429	2.57e-47	196
CP043556.1	CP046746.1	94.531	128	6	1	965580	965707	501067	500941	2.57e-47	196
CP043556.1	CP046746.1	94.531	128	6	1	983923	984050	500941	501067	2.57e-47	196
CP043556.1	CP046746.1	94.488	127	7	0	997760	997886	500941	501067	2.57e-47	196
CP043556.1	CP046746.1	94.488	127	7	0	1007139	1007265	500941	501067	2.57e-47	196
CP043556.1	CP046746.1	94.531	128	6	1	1042047	1042174	500941	501067	2.57e-47	196
CP043556.1	CP046746.1	94.488	127	7	0	1043186	1043312	500941	501067	2.57e-47	196
CP043556.1	CP046746.1	95.161	124	6	0	990282	990405	500942	501065	2.57e-47	196
CP043556.1	CP046746.1	95.161	124	6	0	1036323	1036446	500943	501066	2.57e-47	196
CP043556.1	CP046746.1	95.161	124	6	0	1001967	1002090	500944	501067	2.57e-47	196
CP043556.1	CP046746.1	95.200	125	5	1	1018291	1018415	500944	501067	2.57e-47	196
CP043556.1	CP046746.1	95.200	125	5	1	1063760	1063884	500944	501067	2.57e-47	196
CP043556.1	CP046746.1	93.893	131	6	2	1032147	1032275	501665	501795	2.57e-47	196
CP043556.1	CP046746.1	93.893	131	7	1	1056784	1056913	501665	501795	2.57e-47	196
CP043556.1	CP046746.1	95.161	124	6	0	966934	967057	501794	501671	2.57e-47	196
CP043556.1	CP046746.1	93.284	134	7	2	956102	956235	502293	502424	2.57e-47	196
CP043556.1	CP046746.1	93.284	134	7	2	968369	968502	502425	502294	2.57e-47	196
CP043556.1	CP046746.1	95.902	122	4	1	990284	990405	502304	502424	2.57e-47	196
CP043556.1	CP046746.1	91.608	143	11	1	1054444	1054586	503919	504060	2.57e-47	196
CP043556.1	CP046746.1	95.200	125	5	1	1070302	1070426	503922	504045	2.57e-47	196
CP043556.1	CP046746.1	92.086	139	11	0	1030905	1031043	503923	504061	2.57e-47	196
CP043556.1	CP046746.1	95.200	125	5	1	966156	966280	504046	503923	2.57e-47	196
CP043556.1	CP046746.1	95.161	124	6	0	955341	955464	503923	504046	2.57e-47	196
CP043556.1	CP046746.1	94.531	128	5	2	970798	970923	504633	504506	2.57e-47	196
CP043556.1	CP046746.1	95.200	125	5	1	975612	975735	504633	504509	2.57e-47	196
CP043556.1	CP046746.1	95.200	125	5	1	973008	973131	504633	504509	2.57e-47	196
CP043556.1	CP046746.1	95.200	125	5	1	955341	955464	504509	504633	2.57e-47	196
CP043556.1	CP046746.1	95.200	125	5	1	1008330	1008453	504509	504633	2.57e-47	196
CP043556.1	CP046746.1	95.200	125	5	1	1054448	1054571	504509	504633	2.57e-47	196
CP043556.1	CP046746.1	95.161	124	6	0	993564	993687	504509	504632	2.57e-47	196
CP043556.1	CP046746.1	95.161	124	6	0	1010739	1010862	504509	504632	2.57e-47	196
CP043556.1	CP046746.1	95.161	124	6	0	1018792	1018915	504509	504632	2.57e-47	196
CP043556.1	CP046746.1	95.161	124	6	0	1063760	1063883	504510	504633	2.57e-47	196
CP043556.1	CP046746.1	92.143	140	9	2	1048240	1048379	505115	505252	2.57e-47	196
CP043556.1	CP046746.1	95.200	125	5	1	944553	944677	505128	505251	2.57e-47	196
CP043556.1	CP046746.1	95.200	125	4	2	1031517	1031640	505128	505251	2.57e-47	196
CP043556.1	CP046746.1	93.284	134	8	1	1056789	1056922	505129	505261	2.57e-47	196
CP043556.1	CP046746.1	95.200	125	5	1	974974	975098	505252	505129	2.57e-47	196
CP043556.1	CP046746.1	95.200	125	5	1	960065	960189	505252	505129	2.57e-47	196
CP043556.1	CP046746.1	95.200	125	5	1	950087	950211	505129	505252	2.57e-47	196
CP043556.1	CP046746.1	95.200	125	5	1	951913	952037	505129	505252	2.57e-47	196
CP043556.1	CP046746.1	95.200	125	4	2	956113	956236	505129	505252	2.57e-47	196
CP043556.1	CP046746.1	95.200	125	4	2	1068818	1068941	505129	505252	2.57e-47	196
CP043556.1	CP046746.1	95.200	125	5	1	1051170	1051294	505130	505253	2.57e-47	196
CP043556.1	CP046746.1	94.531	128	5	2	974975	975102	505789	505664	2.57e-47	196
CP043556.1	CP046746.1	95.161	124	6	0	1051927	1052050	505666	505789	2.57e-47	196
CP043556.1	CP046746.1	92.086	139	11	0	997763	997901	505668	505806	2.57e-47	196
CP043556.1	CP046746.1	94.531	128	6	1	1049458	1049585	505668	505794	2.57e-47	196
CP043556.1	CP046746.1	94.488	127	7	0	1039758	1039884	506300	506426	2.57e-47	196
CP043556.1	CP046746.1	91.608	143	11	1	988940	989082	506304	506445	2.57e-47	196
CP043556.1	CP046746.1	95.161	124	6	0	951466	951589	506305	506428	2.57e-47	196
CP043556.1	CP046746.1	95.161	124	6	0	996979	997102	506305	506428	2.57e-47	196
CP043556.1	CP046746.1	95.161	124	6	0	1007142	1007265	506305	506428	2.57e-47	196
CP043556.1	CP046746.1	95.200	125	5	1	1027846	1027970	506305	506428	2.57e-47	196
CP043556.1	CP046746.1	93.846	130	8	0	990276	990405	506871	507000	2.57e-47	196
CP043556.1	CP046746.1	94.488	127	7	0	955338	955464	506875	507001	2.57e-47	196
CP043556.1	CP046746.1	95.200	125	5	1	970798	970921	507001	506877	2.57e-47	196
CP043556.1	CP046746.1	95.161	124	6	0	971758	971881	507000	506877	2.57e-47	196
CP043556.1	CP046746.1	95.161	124	6	0	947712	947835	506877	507000	2.57e-47	196
CP043556.1	CP046746.1	95.161	124	6	0	1030905	1031028	507505	507628	2.57e-47	196
CP043556.1	CP046746.1	95.161	124	6	0	976247	976370	507629	507506	2.57e-47	196
CP043556.1	CP046746.1	95.161	124	6	0	968368	968491	507629	507506	2.57e-47	196
CP043556.1	CP046746.1	94.488	127	7	0	1002492	1002618	508141	508267	2.57e-47	196
CP043556.1	CP046746.1	95.200	125	5	1	976713	976837	508267	508144	2.57e-47	196
CP043556.1	CP046746.1	92.754	138	6	4	970797	970931	508859	508723	2.57e-47	196
CP043556.1	CP046746.1	93.893	131	7	1	974006	974135	508861	508731	2.57e-47	196
CP043556.1	CP046746.1	93.893	131	6	2	1003029	1003158	508735	508864	2.57e-47	196
CP043556.1	CP046746.1	93.893	131	6	2	1034724	1034853	508735	508864	2.57e-47	196
CP043556.1	CP046746.1	94.531	128	6	1	1027845	1027972	508735	508861	2.57e-47	196
CP043556.1	CP046746.1	95.200	125	5	1	1035730	1035854	508735	508858	2.57e-47	196
CP043556.1	CP046746.1	93.939	132	5	2	1056790	1056921	508736	508864	2.57e-47	196
CP043556.1	CP046746.1	93.284	134	8	1	970799	970931	509995	509862	2.57e-47	196
CP043556.1	CP046746.1	93.893	131	7	1	974974	975104	509996	509867	2.57e-47	196
CP043556.1	CP046746.1	94.531	128	5	2	1035727	1035853	509869	509995	2.57e-47	196
CP043556.1	CP046746.1	94.531	128	5	2	1034722	1034848	509870	509996	2.57e-47	196
CP043556.1	CP046746.1	95.161	124	6	0	955340	955463	509872	509995	2.57e-47	196
CP043556.1	CP046746.1	95.200	125	5	1	998914	999038	509872	509995	2.57e-47	196
CP043556.1	CP046746.1	93.233	133	9	0	951459	951591	510399	510531	2.57e-47	196
CP043556.1	CP046746.1	93.893	131	6	2	1064249	1064379	510400	510528	2.57e-47	196
CP043556.1	CP046746.1	93.893	131	7	1	1054444	1054574	510402	510531	2.57e-47	196
CP043556.1	CP046746.1	95.200	125	5	1	961249	961373	510529	510406	2.57e-47	196
CP043556.1	CP046746.1	95.161	124	6	0	1062316	1062439	510406	510529	2.57e-47	196
CP043556.1	CP046746.1	93.284	134	7	2	1034719	1034851	511084	511216	2.57e-47	196
CP043556.1	CP046746.1	94.488	127	7	0	956110	956236	511087	511213	2.57e-47	196
CP043556.1	CP046746.1	94.531	128	6	1	1026672	1026799	511087	511213	2.57e-47	196
CP043556.1	CP046746.1	94.488	127	7	0	990282	990408	511089	511215	2.57e-47	196
CP043556.1	CP046746.1	95.200	125	5	1	961251	961375	511212	511089	2.57e-47	196
CP043556.1	CP046746.1	95.161	124	6	0	955340	955463	511089	511212	2.57e-47	196
CP043556.1	CP046746.1	95.161	124	6	0	1039761	1039884	511089	511212	2.57e-47	196
CP043556.1	CP046746.1	94.531	128	6	1	1070303	1070430	511090	511216	2.57e-47	196
CP043556.1	CP046746.1	94.531	128	6	1	1030901	1031028	511621	511747	2.57e-47	196
CP043556.1	CP046746.1	93.893	131	7	1	946425	946555	511624	511753	2.57e-47	196
CP043556.1	CP046746.1	95.200	125	5	1	965580	965704	511748	511625	2.57e-47	196
CP043556.1	CP046746.1	95.161	124	6	0	1010068	1010191	511625	511748	2.57e-47	196
CP043556.1	CP046746.1	95.161	124	6	0	1031519	1031642	511625	511748	2.57e-47	196
CP043556.1	CP046746.1	93.233	133	9	0	971758	971890	512361	512229	2.57e-47	196
CP043556.1	CP046746.1	95.161	124	6	0	977224	977347	512361	512238	2.57e-47	196
CP043556.1	CP046746.1	95.161	124	6	0	963781	963904	512361	512238	2.57e-47	196
CP043556.1	CP046746.1	95.161	124	6	0	962718	962841	512361	512238	2.57e-47	196
CP043556.1	CP046746.1	95.161	124	6	0	1024229	1024352	512238	512361	2.57e-47	196
CP043556.1	CP046746.1	95.161	124	6	0	1032151	1032274	512238	512361	2.57e-47	196
CP043556.1	CP046746.1	95.161	124	6	0	1050634	1050757	512238	512361	2.57e-47	196
CP043556.1	CP046746.1	95.200	125	5	1	1056788	1056912	512238	512361	2.57e-47	196
CP043556.1	CP046746.1	95.161	124	6	0	1067553	1067676	512238	512361	2.57e-47	196
CP043556.1	CP046746.1	95.161	124	6	0	1068817	1068940	512238	512361	2.57e-47	196
CP043556.1	CP046746.1	95.161	124	6	0	1037895	1038018	513145	513268	2.57e-47	196
CP043556.1	CP046746.1	92.701	137	8	1	1015376	1015512	513809	513943	2.57e-47	196
CP043556.1	CP046746.1	95.161	124	6	0	960065	960188	513943	513820	2.57e-47	196
CP043556.1	CP046746.1	95.200	125	5	1	983924	984048	515351	515474	2.57e-47	196
CP043556.1	CP046746.1	95.161	124	6	0	997761	997884	515351	515474	2.57e-47	196
CP043556.1	CP046746.1	95.200	125	5	1	1034725	1034849	515353	515476	2.57e-47	196
CP043556.1	CP046746.1	92.701	137	8	2	994230	994365	516596	516731	2.57e-47	196
CP043556.1	CP046746.1	93.233	133	9	0	1042042	1042174	516599	516731	2.57e-47	196
CP043556.1	CP046746.1	93.893	131	6	2	967640	967769	516730	516601	2.57e-47	196
CP043556.1	CP046746.1	94.531	128	6	1	1050631	1050757	516602	516729	2.57e-47	196
CP043556.1	CP046746.1	94.531	128	6	1	997760	997886	516604	516731	2.57e-47	196
CP043556.1	CP046746.1	94.531	128	6	1	1043186	1043312	516604	516731	2.57e-47	196
CP043556.1	CP046746.1	93.284	134	7	2	1067553	1067685	516605	516737	2.57e-47	196
CP043556.1	CP046746.1	94.488	127	7	0	961249	961375	516731	516605	2.57e-47	196
CP043556.1	CP046746.1	95.200	125	5	1	990282	990405	516605	516729	2.57e-47	196
CP043556.1	CP046746.1	95.161	124	6	0	976714	976837	516729	516606	2.57e-47	196
CP043556.1	CP046746.1	95.200	125	5	1	976247	976370	516731	516607	2.57e-47	196
CP043556.1	CP046746.1	95.200	125	4	2	982753	982875	516607	516731	2.57e-47	196
CP043556.1	CP046746.1	93.893	131	6	2	967640	967770	517401	517273	2.57e-47	196
CP043556.1	CP046746.1	91.667	144	9	3	999552	999694	517277	517418	2.57e-47	196
CP043556.1	CP046746.1	93.846	130	8	0	977998	978127	517406	517277	2.57e-47	196
CP043556.1	CP046746.1	95.200	125	5	1	960066	960190	517400	517277	2.57e-47	196
CP043556.1	CP046746.1	95.200	125	5	1	1018791	1018915	517277	517400	2.57e-47	196
CP043556.1	CP046746.1	94.531	128	5	2	976711	976837	517404	517278	2.57e-47	196
CP043556.1	CP046746.1	94.531	128	5	2	952655	952781	517279	517405	2.57e-47	196
CP043556.1	CP046746.1	95.200	125	5	1	1005171	1005295	517279	517402	2.57e-47	196
CP043556.1	CP046746.1	95.200	125	5	1	1023646	1023770	517279	517402	2.57e-47	196
CP043556.1	CP046746.1	95.200	125	5	1	1027846	1027970	517279	517402	2.57e-47	196
CP043556.1	CP046746.1	95.200	125	4	2	1057730	1057853	517279	517402	2.57e-47	196
CP043556.1	CP046746.1	95.200	125	5	1	1063760	1063884	517279	517402	2.57e-47	196
CP043556.1	CP046746.1	95.200	125	5	1	989527	989650	517915	518039	2.57e-47	196
CP043556.1	CP046746.1	95.161	124	6	0	1061174	1061297	517915	518038	2.57e-47	196
CP043556.1	CP046746.1	93.893	131	6	2	965115	965244	518637	518508	2.57e-47	196
CP043556.1	CP046746.1	94.488	127	7	0	1066405	1066531	518511	518637	2.57e-47	196
CP043556.1	CP046746.1	94.488	127	7	0	1049455	1049581	518512	518638	2.57e-47	196
CP043556.1	CP046746.1	93.939	132	5	3	956113	956243	518514	518643	2.57e-47	196
CP043556.1	CP046746.1	94.531	128	5	2	1032152	1032277	518514	518641	2.57e-47	196
CP043556.1	CP046746.1	95.200	125	5	1	1030905	1031028	518514	518638	2.57e-47	196
CP043556.1	CP046746.1	95.200	125	5	1	1069392	1069515	518514	518638	2.57e-47	196
CP043556.1	CP046746.1	95.161	124	6	0	993564	993687	518514	518637	2.57e-47	196
CP043556.1	CP046746.1	95.161	124	6	0	1016477	1016600	518514	518637	2.57e-47	196
CP043556.1	CP046746.1	95.161	124	6	0	1048718	1048841	518515	518638	2.57e-47	196
CP043556.1	CP046746.1	94.531	128	5	2	988937	989063	519716	519842	2.57e-47	196
CP043556.1	CP046746.1	95.161	124	6	0	1062951	1063074	519720	519843	2.57e-47	196
CP043556.1	CP046746.1	94.531	128	6	1	1011276	1011402	521252	521379	2.57e-47	196
CP043556.1	CP046746.1	94.488	127	7	0	992601	992727	521252	521378	2.57e-47	196
CP043556.1	CP046746.1	94.488	127	7	0	1018287	1018413	521252	521378	2.57e-47	196
CP043556.1	CP046746.1	94.488	127	7	0	1026063	1026189	521252	521378	2.57e-47	196
CP043556.1	CP046746.1	94.531	128	5	2	1025529	1025655	521253	521379	2.57e-47	196
CP043556.1	CP046746.1	95.200	125	5	1	1051928	1052051	521255	521379	2.57e-47	196
CP043556.1	CP046746.1	95.161	124	6	0	964311	964434	521378	521255	2.57e-47	196
CP043556.1	CP046746.1	93.893	131	7	1	966149	966279	521385	521256	2.57e-47	196
CP043556.1	CP046746.1	94.531	128	6	1	961246	961373	521382	521256	2.57e-47	196
CP043556.1	CP046746.1	95.161	124	6	0	1016478	1016601	521256	521379	2.57e-47	196
CP043556.1	CP046746.1	92.143	140	9	2	1055586	1055725	522408	522545	2.57e-47	196
CP043556.1	CP046746.1	94.531	128	6	1	983924	984051	522408	522534	2.57e-47	196
CP043556.1	CP046746.1	95.200	125	5	1	1016476	1016600	522408	522531	2.57e-47	196
CP043556.1	CP046746.1	92.701	137	9	1	992592	992728	522846	522981	2.57e-47	196
CP043556.1	CP046746.1	93.893	131	6	2	968369	968498	522981	522852	2.57e-47	196
CP043556.1	CP046746.1	94.531	128	6	1	1005854	1005981	522856	522982	2.57e-47	196
CP043556.1	CP046746.1	95.200	125	5	1	970798	970921	522981	522857	2.57e-47	196
CP043556.1	CP046746.1	95.200	125	5	1	950086	950210	522857	522980	2.57e-47	196
CP043556.1	CP046746.1	95.161	124	6	0	990282	990405	522857	522980	2.57e-47	196
CP043556.1	CP046746.1	95.200	125	5	1	1016476	1016600	522857	522980	2.57e-47	196
CP043556.1	CP046746.1	93.333	135	5	4	1046120	1046253	524941	525072	2.57e-47	196
CP043556.1	CP046746.1	93.333	135	5	4	1051159	1051292	524941	525072	2.57e-47	196
CP043556.1	CP046746.1	95.902	122	4	1	989528	989649	524952	525072	2.57e-47	196
CP043556.1	CP046746.1	95.161	124	6	0	1010068	1010191	526077	526200	2.57e-47	196
CP043556.1	CP046746.1	95.200	125	5	1	1050051	1050175	526077	526200	2.57e-47	196
CP043556.1	CP046746.1	95.200	125	5	1	974010	974134	526839	526716	2.57e-47	196
CP043556.1	CP046746.1	95.200	125	5	1	1068817	1068941	526717	526840	2.57e-47	196
CP043556.1	CP046746.1	93.284	134	7	2	984553	984685	528214	528346	2.57e-47	196
CP043556.1	CP046746.1	94.531	128	6	1	1024226	1024352	528219	528346	2.57e-47	196
CP043556.1	CP046746.1	94.531	128	6	1	1050631	1050757	528219	528346	2.57e-47	196
CP043556.1	CP046746.1	94.531	128	6	1	1055583	1055709	528219	528346	2.57e-47	196
CP043556.1	CP046746.1	94.488	127	7	0	1005853	1005979	528220	528346	2.57e-47	196
CP043556.1	CP046746.1	95.161	124	6	0	1014010	1014133	528223	528346	2.57e-47	196
CP043556.1	CP046746.1	94.531	128	6	1	976714	976841	529062	528936	2.57e-47	196
CP043556.1	CP046746.1	94.488	127	7	0	966933	967059	529063	528937	2.57e-47	196
CP043556.1	CP046746.1	94.531	128	5	2	1067860	1067986	528937	529063	2.57e-47	196
CP043556.1	CP046746.1	94.531	128	6	1	968365	968491	529067	528940	2.57e-47	196
CP043556.1	CP046746.1	95.200	125	5	1	1046763	1046886	528940	529064	2.57e-47	196
CP043556.1	CP046746.1	95.161	124	6	0	966156	966279	529063	528940	2.57e-47	196
CP043556.1	CP046746.1	95.161	124	6	0	992605	992728	528940	529063	2.57e-47	196
CP043556.1	CP046746.1	95.161	124	6	0	1018291	1018414	528940	529063	2.57e-47	196
CP043556.1	CP046746.1	95.161	124	6	0	1026067	1026190	528940	529063	2.57e-47	196
CP043556.1	CP046746.1	95.161	124	6	0	1030434	1030557	528940	529063	2.57e-47	196
CP043556.1	CP046746.1	95.161	124	6	0	1042050	1042173	528940	529063	2.57e-47	196
CP043556.1	CP046746.1	95.161	124	6	0	1067028	1067151	528940	529063	2.57e-47	196
CP043556.1	CP046746.1	93.893	131	6	2	1030905	1031033	529751	529881	2.57e-47	196
CP043556.1	CP046746.1	95.200	125	5	1	955341	955464	529751	529875	2.57e-47	196
CP043556.1	CP046746.1	95.161	124	6	0	974975	975098	529874	529751	2.57e-47	196
CP043556.1	CP046746.1	95.161	124	6	0	979430	979553	529875	529752	2.57e-47	196
CP043556.1	CP046746.1	95.161	124	6	0	1030905	1031028	530324	530447	2.57e-47	196
CP043556.1	CP046746.1	95.161	124	6	0	976247	976370	530448	530325	2.57e-47	196
CP043556.1	CP046746.1	95.161	124	6	0	968368	968491	530448	530325	2.57e-47	196
CP043556.1	CP046746.1	95.200	125	5	1	1027846	1027970	530325	530448	2.57e-47	196
CP043556.1	CP046746.1	95.200	125	5	1	1063760	1063884	530325	530448	2.57e-47	196
CP043556.1	CP046746.1	95.902	122	4	1	963248	963368	531247	531126	2.57e-47	196
CP043556.1	CP046746.1	94.531	128	6	1	971758	971884	534543	534416	2.57e-47	196
CP043556.1	CP046746.1	94.531	128	6	1	947709	947835	534416	534543	2.57e-47	196
CP043556.1	CP046746.1	95.161	124	6	0	990282	990405	534420	534543	2.57e-47	196
CP043556.1	CP046746.1	94.531	128	6	1	998911	999038	535066	535192	2.57e-47	196
CP043556.1	CP046746.1	95.200	125	5	1	966157	966281	535192	535069	2.57e-47	196
CP043556.1	CP046746.1	95.200	125	5	1	987899	988023	535071	535194	2.57e-47	196
CP043556.1	CP046746.1	95.161	124	6	0	1004048	1004171	535071	535194	2.57e-47	196
CP043556.1	CP046746.1	95.200	125	5	1	976249	976372	536099	535975	2.57e-47	196
CP043556.1	CP046746.1	95.161	124	6	0	1027845	1027968	535976	536099	2.57e-47	196
CP043556.1	CP046746.1	95.161	124	6	0	1063759	1063882	535976	536099	2.57e-47	196
CP043556.1	CP046746.1	95.161	124	6	0	1067027	1067150	535976	536099	2.57e-47	196
CP043556.1	CP046746.1	95.200	125	5	1	1068819	1068942	535977	536101	2.57e-47	196
CP043556.1	CP046746.1	95.161	124	6	0	976713	976836	536100	535977	2.57e-47	196
CP043556.1	CP046746.1	95.161	124	6	0	1018793	1018916	535977	536100	2.57e-47	196
CP043556.1	CP046746.1	94.531	128	6	1	975611	975737	536720	536593	2.57e-47	196
CP043556.1	CP046746.1	92.701	137	8	2	964298	964434	536729	536595	2.57e-47	196
CP043556.1	CP046746.1	95.161	124	6	0	987898	988021	536595	536718	2.57e-47	196
CP043556.1	CP046746.1	95.200	125	5	1	973007	973130	536720	536596	2.57e-47	196
CP043556.1	CP046746.1	95.200	125	5	1	1008331	1008454	536596	536720	2.57e-47	196
CP043556.1	CP046746.1	95.161	124	6	0	1014011	1014134	536596	536719	2.57e-47	196
CP043556.1	CP046746.1	92.647	136	10	0	961249	961384	537204	537069	2.57e-47	196
CP043556.1	CP046746.1	94.531	128	6	1	1032148	1032274	537075	537202	2.57e-47	196
CP043556.1	CP046746.1	94.531	128	6	1	1058409	1058535	537078	537205	2.57e-47	196
CP043556.1	CP046746.1	95.200	125	5	1	1002494	1002617	537078	537202	2.57e-47	196
CP043556.1	CP046746.1	95.200	125	5	1	1039761	1039884	537078	537202	2.57e-47	196
CP043556.1	CP046746.1	91.096	146	11	2	950067	950212	538032	538175	2.57e-47	196
CP043556.1	CP046746.1	94.531	128	6	1	1068816	1068942	538048	538175	2.57e-47	196
CP043556.1	CP046746.1	94.488	127	7	0	951911	952037	538048	538174	2.57e-47	196
CP043556.1	CP046746.1	95.161	124	6	0	969044	969167	538174	538051	2.57e-47	196
CP043556.1	CP046746.1	93.284	134	7	2	1052990	1053121	539138	539271	2.57e-47	196
CP043556.1	CP046746.1	94.488	127	7	0	964310	964436	539272	539146	2.57e-47	196
CP043556.1	CP046746.1	95.161	124	6	0	969045	969168	539271	539148	2.57e-47	196
CP043556.1	CP046746.1	95.161	124	6	0	952654	952777	539148	539271	2.57e-47	196
CP043556.1	CP046746.1	95.200	125	5	1	1069393	1069516	539149	539273	2.57e-47	196
CP043556.1	CP046746.1	93.284	134	8	1	993556	993688	539759	539892	2.57e-47	196
CP043556.1	CP046746.1	95.200	125	5	1	1031517	1031640	539767	539891	2.57e-47	196
CP043556.1	CP046746.1	95.161	124	6	0	972579	972702	539891	539768	2.57e-47	196
CP043556.1	CP046746.1	95.161	124	6	0	983925	984048	539768	539891	2.57e-47	196
CP043556.1	CP046746.1	95.161	124	6	0	1005856	1005979	539768	539891	2.57e-47	196
CP043556.1	CP046746.1	94.488	127	7	0	1034725	1034851	539769	539895	2.57e-47	196
CP043556.1	CP046746.1	94.574	129	4	3	950083	950211	540302	540427	2.57e-47	196
CP043556.1	CP046746.1	93.382	136	4	5	971745	971879	540437	540306	2.57e-47	196
CP043556.1	CP046746.1	95.238	126	3	3	990284	990408	540306	540429	2.57e-47	196
CP043556.1	CP046746.1	95.935	123	2	3	955342	955463	540306	540426	2.57e-47	196
CP043556.1	CP046746.1	95.935	123	2	3	1039763	1039884	540306	540426	2.57e-47	196
CP043556.1	CP046746.1	95.161	124	6	0	1034724	1034847	540959	541082	2.57e-47	196
CP043556.1	CP046746.1	95.161	124	6	0	1046130	1046253	540959	541082	2.57e-47	196
CP043556.1	CP046746.1	94.488	127	7	0	976714	976840	542690	542564	2.57e-47	196
CP043556.1	CP046746.1	91.549	142	12	0	993564	993705	542567	542708	2.57e-47	196
CP043556.1	CP046746.1	94.531	128	6	1	1058410	1058536	542567	542694	2.57e-47	196
CP043556.1	CP046746.1	93.893	131	7	1	1007142	1007271	542568	542698	2.57e-47	196
CP043556.1	CP046746.1	94.488	127	7	0	946426	946552	542568	542694	2.57e-47	196
CP043556.1	CP046746.1	94.488	127	7	0	1015389	1015515	542568	542694	2.57e-47	196
CP043556.1	CP046746.1	94.488	127	7	0	924419	924545	696864	696990	2.57e-47	196
CP043556.1	CP046746.1	94.488	127	7	0	924419	924545	757821	757695	2.57e-47	196
CP043556.1	CP046746.1	93.233	133	8	1	397272	397403	310653	310521	9.25e-47	195
CP043556.1	CP046746.1	95.161	124	4	2	975613	975735	493235	493113	9.25e-47	195
CP043556.1	CP046746.1	95.161	124	5	1	974975	975098	493235	493113	9.25e-47	195
CP043556.1	CP046746.1	95.161	124	5	1	972579	972702	493235	493113	9.25e-47	195
CP043556.1	CP046746.1	95.161	124	5	1	950087	950210	493113	493235	9.25e-47	195
CP043556.1	CP046746.1	95.161	124	4	2	955341	955463	493113	493235	9.25e-47	195
CP043556.1	CP046746.1	95.161	124	4	2	1068818	1068940	493113	493235	9.25e-47	195
CP043556.1	CP046746.1	95.122	123	6	0	1056118	1056240	493616	493738	9.25e-47	195
CP043556.1	CP046746.1	92.701	137	7	3	1023637	1023772	494145	494279	9.25e-47	195
CP043556.1	CP046746.1	93.284	134	6	3	977998	978130	494281	494150	9.25e-47	195
CP043556.1	CP046746.1	93.846	130	6	2	983388	983516	494150	494278	9.25e-47	195
CP043556.1	CP046746.1	93.893	131	5	3	1004042	1004169	495633	495763	9.25e-47	195
CP043556.1	CP046746.1	93.798	129	8	0	964308	964436	495766	495638	9.25e-47	195
CP043556.1	CP046746.1	94.444	126	7	0	966154	966279	495766	495641	9.25e-47	195
CP043556.1	CP046746.1	94.488	127	5	2	946922	947047	495641	495766	9.25e-47	195
CP043556.1	CP046746.1	95.122	123	6	0	996347	996469	495641	495763	9.25e-47	195
CP043556.1	CP046746.1	95.122	123	6	0	1048256	1048378	495641	495763	9.25e-47	195
CP043556.1	CP046746.1	92.086	139	9	2	987351	987488	497416	497553	9.25e-47	195
CP043556.1	CP046746.1	94.488	127	5	2	1056789	1056914	497428	497553	9.25e-47	195
CP043556.1	CP046746.1	95.122	123	6	0	946426	946548	497429	497551	9.25e-47	195
CP043556.1	CP046746.1	95.122	123	6	0	1027846	1027968	497429	497551	9.25e-47	195
CP043556.1	CP046746.1	95.122	123	6	0	1067028	1067150	497429	497551	9.25e-47	195
CP043556.1	CP046746.1	94.488	127	6	1	951910	952036	498916	499041	9.25e-47	195
CP043556.1	CP046746.1	94.444	126	7	0	1050632	1050757	498916	499041	9.25e-47	195
CP043556.1	CP046746.1	94.488	127	6	1	972578	972704	499042	498917	9.25e-47	195
CP043556.1	CP046746.1	94.444	126	7	0	1043186	1043311	498917	499042	9.25e-47	195
CP043556.1	CP046746.1	93.798	129	8	0	1067553	1067681	498918	499046	9.25e-47	195
CP043556.1	CP046746.1	94.488	127	6	1	967639	967765	499043	498918	9.25e-47	195
CP043556.1	CP046746.1	93.846	130	7	1	1014010	1014139	498919	499047	9.25e-47	195
CP043556.1	CP046746.1	95.161	124	5	1	976714	976837	499041	498919	9.25e-47	195
CP043556.1	CP046746.1	95.122	123	6	0	968369	968491	499042	498920	9.25e-47	195
CP043556.1	CP046746.1	95.122	123	6	0	1009399	1009521	498920	499042	9.25e-47	195
CP043556.1	CP046746.1	91.549	142	10	2	1068815	1068955	499544	499684	9.25e-47	195
CP043556.1	CP046746.1	93.846	130	7	1	1058407	1058535	499544	499673	9.25e-47	195
CP043556.1	CP046746.1	94.444	126	7	0	1014009	1014134	499546	499671	9.25e-47	195
CP043556.1	CP046746.1	94.488	127	6	1	1043188	1043313	499547	499673	9.25e-47	195
CP043556.1	CP046746.1	94.444	126	7	0	998915	999040	499547	499672	9.25e-47	195
CP043556.1	CP046746.1	95.200	125	3	3	1032152	1032274	499547	499670	9.25e-47	195
CP043556.1	CP046746.1	91.096	146	10	3	1021935	1022079	499548	499691	9.25e-47	195
CP043556.1	CP046746.1	95.122	123	6	0	1037895	1038017	499548	499670	9.25e-47	195
CP043556.1	CP046746.1	93.846	130	7	1	977223	977351	500427	500298	9.25e-47	195
CP043556.1	CP046746.1	94.444	126	7	0	1023646	1023771	500304	500429	9.25e-47	195
CP043556.1	CP046746.1	95.122	123	6	0	952655	952777	500304	500426	9.25e-47	195
CP043556.1	CP046746.1	94.444	126	7	0	1002492	1002617	500940	501065	9.25e-47	195
CP043556.1	CP046746.1	94.488	127	6	1	1048715	1048841	500941	501066	9.25e-47	195
CP043556.1	CP046746.1	94.444	126	7	0	978002	978127	501067	500942	9.25e-47	195
CP043556.1	CP046746.1	94.488	127	6	1	961249	961375	501067	500942	9.25e-47	195
CP043556.1	CP046746.1	95.161	124	5	1	976714	976837	501065	500943	9.25e-47	195
CP043556.1	CP046746.1	95.122	123	6	0	1037047	1037169	500943	501065	9.25e-47	195
CP043556.1	CP046746.1	93.846	130	7	1	987359	987487	501666	501795	9.25e-47	195
CP043556.1	CP046746.1	91.608	143	9	2	966142	966282	501810	501669	9.25e-47	195
CP043556.1	CP046746.1	94.444	126	7	0	961251	961376	501794	501669	9.25e-47	195
CP043556.1	CP046746.1	95.161	124	5	1	989527	989649	501671	501794	9.25e-47	195
CP043556.1	CP046746.1	95.122	123	6	0	1027846	1027968	501672	501794	9.25e-47	195
CP043556.1	CP046746.1	95.161	124	5	1	1030906	1031029	502304	502426	9.25e-47	195
CP043556.1	CP046746.1	95.161	124	5	1	1036324	1036447	502304	502426	9.25e-47	195
CP043556.1	CP046746.1	93.846	130	7	1	1010733	1010862	503917	504045	9.25e-47	195
CP043556.1	CP046746.1	92.143	140	8	3	1056117	1056255	503923	504060	9.25e-47	195
CP043556.1	CP046746.1	95.161	124	5	1	950087	950210	503923	504045	9.25e-47	195
CP043556.1	CP046746.1	93.846	130	7	1	1048718	1048847	503924	504052	9.25e-47	195
CP043556.1	CP046746.1	94.488	127	5	2	1013311	1013436	503924	504049	9.25e-47	195
CP043556.1	CP046746.1	95.122	123	6	0	1009399	1009521	503924	504046	9.25e-47	195
CP043556.1	CP046746.1	95.161	124	5	1	1027846	1027969	503924	504046	9.25e-47	195
CP043556.1	CP046746.1	93.798	129	8	0	1014007	1014135	504506	504634	9.25e-47	195
CP043556.1	CP046746.1	94.488	127	6	1	1031516	1031641	504507	504633	9.25e-47	195
CP043556.1	CP046746.1	94.444	126	7	0	944553	944678	504508	504633	9.25e-47	195
CP043556.1	CP046746.1	94.444	126	7	0	988940	989065	504509	504634	9.25e-47	195
CP043556.1	CP046746.1	95.161	124	5	1	971758	971880	504632	504509	9.25e-47	195
CP043556.1	CP046746.1	95.161	124	5	1	947713	947835	504509	504632	9.25e-47	195
CP043556.1	CP046746.1	95.161	124	5	1	984563	984685	504509	504632	9.25e-47	195
CP043556.1	CP046746.1	95.161	124	5	1	1032152	1032274	504509	504632	9.25e-47	195
CP043556.1	CP046746.1	95.161	124	5	1	1044936	1045058	504510	504633	9.25e-47	195
CP043556.1	CP046746.1	95.161	124	5	1	1057730	1057852	504510	504633	9.25e-47	195
CP043556.1	CP046746.1	95.122	123	6	0	969045	969167	504632	504510	9.25e-47	195
CP043556.1	CP046746.1	95.122	123	6	0	987899	988021	504510	504632	9.25e-47	195
CP043556.1	CP046746.1	95.122	123	6	0	1029862	1029984	504510	504632	9.25e-47	195
CP043556.1	CP046746.1	93.233	133	7	2	1018792	1018924	505129	505259	9.25e-47	195
CP043556.1	CP046746.1	95.161	124	5	1	1046131	1046254	505130	505252	9.25e-47	195
CP043556.1	CP046746.1	94.488	127	5	2	1057727	1057852	505665	505790	9.25e-47	195
CP043556.1	CP046746.1	90.541	148	12	2	966132	966279	505813	505668	9.25e-47	195
CP043556.1	CP046746.1	95.161	124	5	1	966933	967056	505790	505668	9.25e-47	195
CP043556.1	CP046746.1	95.161	124	5	1	998916	999039	505668	505790	9.25e-47	195
CP043556.1	CP046746.1	95.122	123	6	0	1058411	1058533	505668	505790	9.25e-47	195
CP043556.1	CP046746.1	88.415	164	16	3	1056092	1056255	506281	506441	9.25e-47	195
CP043556.1	CP046746.1	92.143	140	8	3	1032152	1032290	506304	506441	9.25e-47	195
CP043556.1	CP046746.1	94.444	126	7	0	1062315	1062440	506304	506429	9.25e-47	195
CP043556.1	CP046746.1	95.122	123	6	0	1002495	1002617	506304	506426	9.25e-47	195
CP043556.1	CP046746.1	92.086	139	9	2	1046131	1046269	506305	506441	9.25e-47	195
CP043556.1	CP046746.1	95.161	124	5	1	1035731	1035854	506305	506427	9.25e-47	195
CP043556.1	CP046746.1	93.798	129	8	0	1030903	1031031	506876	507004	9.25e-47	195
CP043556.1	CP046746.1	95.122	123	6	0	968369	968491	507001	506879	9.25e-47	195
CP043556.1	CP046746.1	95.122	123	6	0	988485	988607	506879	507001	9.25e-47	195
CP043556.1	CP046746.1	95.122	123	6	0	1001967	1002089	506879	507001	9.25e-47	195
CP043556.1	CP046746.1	92.647	136	9	1	1031507	1031642	507495	507629	9.25e-47	195
CP043556.1	CP046746.1	92.647	136	9	1	1067852	1067987	507495	507629	9.25e-47	195
CP043556.1	CP046746.1	93.182	132	9	0	1037038	1037169	507496	507627	9.25e-47	195
CP043556.1	CP046746.1	94.444	126	7	0	1036321	1036446	507503	507628	9.25e-47	195
CP043556.1	CP046746.1	94.444	126	7	0	978001	978126	507630	507505	9.25e-47	195
CP043556.1	CP046746.1	94.488	127	6	1	972576	972702	507630	507505	9.25e-47	195
CP043556.1	CP046746.1	94.488	127	6	1	1042049	1042175	507505	507630	9.25e-47	195
CP043556.1	CP046746.1	94.444	126	7	0	1058410	1058535	507505	507630	9.25e-47	195
CP043556.1	CP046746.1	94.444	126	7	0	1067554	1067679	507505	507630	9.25e-47	195
CP043556.1	CP046746.1	95.122	123	6	0	971758	971880	507627	507505	9.25e-47	195
CP043556.1	CP046746.1	95.122	123	6	0	965115	965237	507627	507505	9.25e-47	195
CP043556.1	CP046746.1	95.122	123	6	0	963781	963903	507627	507505	9.25e-47	195
CP043556.1	CP046746.1	95.122	123	6	0	962718	962840	507627	507505	9.25e-47	195
CP043556.1	CP046746.1	95.122	123	6	0	947713	947835	507505	507627	9.25e-47	195
CP043556.1	CP046746.1	95.122	123	6	0	990283	990405	507505	507627	9.25e-47	195
CP043556.1	CP046746.1	95.161	124	5	1	1035731	1035854	507506	507628	9.25e-47	195
CP043556.1	CP046746.1	94.488	127	6	1	972579	972705	508266	508141	9.25e-47	195
CP043556.1	CP046746.1	94.488	127	6	1	1048253	1048379	508142	508267	9.25e-47	195
CP043556.1	CP046746.1	95.161	124	5	1	970799	970921	508266	508143	9.25e-47	195
CP043556.1	CP046746.1	93.846	130	7	1	1067863	1067991	508144	508273	9.25e-47	195
CP043556.1	CP046746.1	95.122	123	6	0	1031518	1031640	508144	508266	9.25e-47	195
CP043556.1	CP046746.1	95.122	123	6	0	1036323	1036445	508144	508266	9.25e-47	195
CP043556.1	CP046746.1	92.143	140	8	3	1046131	1046269	508145	508282	9.25e-47	195
CP043556.1	CP046746.1	95.122	123	6	0	1003030	1003152	508145	508267	9.25e-47	195
CP043556.1	CP046746.1	95.161	124	5	1	1015389	1015512	508145	508267	9.25e-47	195
CP043556.1	CP046746.1	95.122	123	6	0	1021935	1022057	508145	508267	9.25e-47	195
CP043556.1	CP046746.1	95.161	124	5	1	1029862	1029985	508145	508267	9.25e-47	195
CP043556.1	CP046746.1	95.161	124	5	1	1051170	1051293	508145	508267	9.25e-47	195
CP043556.1	CP046746.1	93.233	133	8	1	1030433	1030565	508735	508866	9.25e-47	195
CP043556.1	CP046746.1	94.488	127	6	1	946425	946551	508735	508860	9.25e-47	195
CP043556.1	CP046746.1	94.444	126	7	0	1001966	1002091	508735	508860	9.25e-47	195
CP043556.1	CP046746.1	94.444	126	7	0	1007141	1007266	508735	508860	9.25e-47	195
CP043556.1	CP046746.1	94.444	126	7	0	1009398	1009523	508735	508860	9.25e-47	195
CP043556.1	CP046746.1	94.488	127	6	1	1026066	1026192	508735	508860	9.25e-47	195
CP043556.1	CP046746.1	95.161	124	5	1	1046130	1046253	508735	508857	9.25e-47	195
CP043556.1	CP046746.1	95.161	124	5	1	1051169	1051292	508735	508857	9.25e-47	195
CP043556.1	CP046746.1	94.488	127	6	1	1045596	1045721	508736	508862	9.25e-47	195
CP043556.1	CP046746.1	94.444	126	7	0	1040152	1040277	508736	508861	9.25e-47	195
CP043556.1	CP046746.1	95.122	123	6	0	1036324	1036446	508736	508858	9.25e-47	195
CP043556.1	CP046746.1	95.122	123	6	0	1069393	1069515	508736	508858	9.25e-47	195
CP043556.1	CP046746.1	92.701	137	7	2	958255	958391	509995	509862	9.25e-47	195
CP043556.1	CP046746.1	93.233	133	8	1	977224	977355	509995	509863	9.25e-47	195
CP043556.1	CP046746.1	93.233	133	8	1	965114	965245	509996	509864	9.25e-47	195
CP043556.1	CP046746.1	93.846	130	7	1	1068329	1068458	509867	509995	9.25e-47	195
CP043556.1	CP046746.1	94.488	127	6	1	1044932	1045057	509869	509995	9.25e-47	195
CP043556.1	CP046746.1	94.488	127	6	1	1064252	1064378	509870	509995	9.25e-47	195
CP043556.1	CP046746.1	94.488	127	6	1	960065	960191	509996	509871	9.25e-47	195
CP043556.1	CP046746.1	90.132	152	12	3	966132	966281	510022	509872	9.25e-47	195
CP043556.1	CP046746.1	95.161	124	5	1	966934	967057	509995	509873	9.25e-47	195
CP043556.1	CP046746.1	95.161	124	5	1	1015389	1015512	509874	509996	9.25e-47	195
CP043556.1	CP046746.1	93.182	132	9	0	968368	968499	510529	510398	9.25e-47	195
CP043556.1	CP046746.1	91.096	146	9	4	1012801	1012944	510402	510545	9.25e-47	195
CP043556.1	CP046746.1	93.846	130	7	1	1063756	1063885	510402	510530	9.25e-47	195
CP043556.1	CP046746.1	95.122	123	6	0	991068	991190	510405	510527	9.25e-47	195
CP043556.1	CP046746.1	91.549	142	11	1	1068819	1068959	510406	510547	9.25e-47	195
CP043556.1	CP046746.1	92.143	140	8	3	971742	971879	510544	510406	9.25e-47	195
CP043556.1	CP046746.1	94.444	126	7	0	955342	955467	510406	510531	9.25e-47	195
CP043556.1	CP046746.1	94.444	126	7	0	1010064	1010189	511087	511212	9.25e-47	195
CP043556.1	CP046746.1	94.488	127	6	1	1049454	1049580	511087	511212	9.25e-47	195
CP043556.1	CP046746.1	94.444	126	7	0	1058407	1058532	511087	511212	9.25e-47	195
CP043556.1	CP046746.1	94.488	127	6	1	960065	960191	511213	511088	9.25e-47	195
CP043556.1	CP046746.1	95.122	123	6	0	989527	989649	511090	511212	9.25e-47	195
CP043556.1	CP046746.1	94.488	127	5	2	991602	991727	511091	511216	9.25e-47	195
CP043556.1	CP046746.1	95.122	123	6	0	1033968	1034090	511091	511213	9.25e-47	195
CP043556.1	CP046746.1	93.846	130	6	2	961249	961378	511748	511621	9.25e-47	195
CP043556.1	CP046746.1	93.798	129	8	0	988482	988610	511622	511750	9.25e-47	195
CP043556.1	CP046746.1	93.798	129	8	0	995557	995685	511623	511751	9.25e-47	195
CP043556.1	CP046746.1	95.161	124	5	1	952654	952777	511624	511746	9.25e-47	195
CP043556.1	CP046746.1	95.122	123	6	0	1036324	1036446	511625	511747	9.25e-47	195
CP043556.1	CP046746.1	92.143	140	8	3	946905	947044	512225	512361	9.25e-47	195
CP043556.1	CP046746.1	95.122	123	6	0	1036323	1036445	512239	512361	9.25e-47	195
CP043556.1	CP046746.1	93.798	129	8	0	1063754	1063882	513139	513267	9.25e-47	195
CP043556.1	CP046746.1	95.122	123	6	0	998916	999038	513145	513267	9.25e-47	195
CP043556.1	CP046746.1	95.122	123	6	0	1035731	1035853	513145	513267	9.25e-47	195
CP043556.1	CP046746.1	92.647	136	8	1	1018278	1018413	513809	513942	9.25e-47	195
CP043556.1	CP046746.1	93.846	130	7	1	964309	964438	514839	514711	9.25e-47	195
CP043556.1	CP046746.1	94.488	127	5	2	1009397	1009522	514714	514839	9.25e-47	195
CP043556.1	CP046746.1	83.721	215	26	7	1004047	1004258	514715	514923	9.25e-47	195
CP043556.1	CP046746.1	95.161	124	5	1	1014011	1014134	514716	514838	9.25e-47	195
CP043556.1	CP046746.1	93.846	130	6	2	987895	988023	515348	515476	9.25e-47	195
CP043556.1	CP046746.1	94.488	127	6	1	1009395	1009520	515348	515474	9.25e-47	195
CP043556.1	CP046746.1	94.444	126	7	0	974010	974135	515474	515349	9.25e-47	195
CP043556.1	CP046746.1	94.488	127	6	1	993562	993688	515350	515475	9.25e-47	195
CP043556.1	CP046746.1	95.161	124	5	1	1037895	1038018	515353	515475	9.25e-47	195
CP043556.1	CP046746.1	92.647	136	9	1	951455	951589	516596	516731	9.25e-47	195
CP043556.1	CP046746.1	94.488	127	6	1	1045592	1045717	516603	516729	9.25e-47	195
CP043556.1	CP046746.1	94.488	127	6	1	977223	977348	516730	516604	9.25e-47	195
CP043556.1	CP046746.1	94.488	127	6	1	978002	978127	516731	516605	9.25e-47	195
CP043556.1	CP046746.1	94.488	127	5	2	970797	970921	516731	516605	9.25e-47	195
CP043556.1	CP046746.1	94.444	126	7	0	966932	967057	516731	516606	9.25e-47	195
CP043556.1	CP046746.1	95.122	123	6	0	969045	969167	516729	516607	9.25e-47	195
CP043556.1	CP046746.1	94.488	127	5	2	1054973	1055098	517274	517399	9.25e-47	195
CP043556.1	CP046746.1	94.444	126	7	0	997761	997886	517277	517402	9.25e-47	195
CP043556.1	CP046746.1	94.444	126	7	0	1043187	1043312	517277	517402	9.25e-47	195
CP043556.1	CP046746.1	94.444	126	7	0	1058409	1058534	517277	517402	9.25e-47	195
CP043556.1	CP046746.1	93.233	133	7	2	996346	996478	517278	517408	9.25e-47	195
CP043556.1	CP046746.1	91.096	146	9	2	988485	988628	517279	517422	9.25e-47	195
CP043556.1	CP046746.1	93.846	130	6	2	979424	979553	517406	517279	9.25e-47	195
CP043556.1	CP046746.1	94.488	127	6	1	955339	955464	517913	518039	9.25e-47	195
CP043556.1	CP046746.1	93.233	133	8	1	1058409	1058540	517914	518046	9.25e-47	195
CP043556.1	CP046746.1	94.488	127	6	1	1069391	1069516	517914	518040	9.25e-47	195
CP043556.1	CP046746.1	94.444	126	7	0	983924	984049	517914	518039	9.25e-47	195
CP043556.1	CP046746.1	94.488	127	5	2	1048718	1048843	517916	518041	9.25e-47	195
CP043556.1	CP046746.1	94.444	126	7	0	965580	965705	518639	518514	9.25e-47	195
CP043556.1	CP046746.1	94.444	126	7	0	1056117	1056242	518514	518639	9.25e-47	195
CP043556.1	CP046746.1	95.161	124	5	1	1045595	1045717	518514	518637	9.25e-47	195
CP043556.1	CP046746.1	93.846	130	7	1	1061173	1061302	519719	519847	9.25e-47	195
CP043556.1	CP046746.1	95.122	123	6	0	978004	978126	519842	519720	9.25e-47	195
CP043556.1	CP046746.1	95.122	123	6	0	977224	977346	519842	519720	9.25e-47	195
CP043556.1	CP046746.1	95.161	124	5	1	972579	972702	519842	519720	9.25e-47	195
CP043556.1	CP046746.1	95.161	124	5	1	961251	961374	519842	519720	9.25e-47	195
CP043556.1	CP046746.1	95.161	124	5	1	983925	984048	519720	519842	9.25e-47	195
CP043556.1	CP046746.1	95.122	123	6	0	997762	997884	519720	519842	9.25e-47	195
CP043556.1	CP046746.1	95.161	124	5	1	999553	999676	519720	519842	9.25e-47	195
CP043556.1	CP046746.1	95.122	123	6	0	1043188	1043310	519720	519842	9.25e-47	195
CP043556.1	CP046746.1	95.122	123	6	0	1062315	1062437	519720	519842	9.25e-47	195
CP043556.1	CP046746.1	95.161	124	5	1	987899	988022	519721	519843	9.25e-47	195
CP043556.1	CP046746.1	95.122	123	6	0	1011280	1011402	519721	519843	9.25e-47	195
CP043556.1	CP046746.1	95.122	123	6	0	1021935	1022057	519721	519843	9.25e-47	195
CP043556.1	CP046746.1	95.122	123	6	0	1033968	1034090	519721	519843	9.25e-47	195
CP043556.1	CP046746.1	92.029	138	11	0	999539	999676	521241	521378	9.25e-47	195
CP043556.1	CP046746.1	92.086	139	9	2	1042034	1042172	521242	521378	9.25e-47	195
CP043556.1	CP046746.1	93.846	130	7	1	961888	962016	521378	521249	9.25e-47	195
CP043556.1	CP046746.1	94.488	127	5	2	982749	982873	521252	521378	9.25e-47	195
CP043556.1	CP046746.1	94.488	127	6	1	1044932	1045057	521252	521378	9.25e-47	195
CP043556.1	CP046746.1	92.647	136	9	1	958243	958378	521389	521255	9.25e-47	195
CP043556.1	CP046746.1	95.161	124	5	1	956114	956236	521256	521379	9.25e-47	195
CP043556.1	CP046746.1	95.161	124	5	1	987365	987487	521256	521379	9.25e-47	195
CP043556.1	CP046746.1	95.161	124	5	1	990284	990406	521256	521379	9.25e-47	195
CP043556.1	CP046746.1	95.161	124	5	1	1037048	1037170	521256	521379	9.25e-47	195
CP043556.1	CP046746.1	95.161	124	5	1	1045596	1045718	521256	521379	9.25e-47	195
CP043556.1	CP046746.1	95.161	124	4	2	946922	947044	521256	521378	9.25e-47	195
CP043556.1	CP046746.1	95.122	123	6	0	1050051	1050173	521256	521378	9.25e-47	195
CP043556.1	CP046746.1	94.444	126	7	0	975611	975736	522533	522408	9.25e-47	195
CP043556.1	CP046746.1	93.798	129	8	0	1001967	1002095	522410	522538	9.25e-47	195
CP043556.1	CP046746.1	94.488	127	6	1	1023646	1023772	522410	522535	9.25e-47	195
CP043556.1	CP046746.1	92.647	136	9	1	987352	987486	522845	522980	9.25e-47	195
CP043556.1	CP046746.1	92.647	136	8	2	948235	948369	522846	522980	9.25e-47	195
CP043556.1	CP046746.1	92.701	137	7	2	946909	947045	522848	522981	9.25e-47	195
CP043556.1	CP046746.1	94.488	127	6	1	1001964	1002089	522855	522981	9.25e-47	195
CP043556.1	CP046746.1	94.444	126	7	0	965115	965240	522980	522855	9.25e-47	195
CP043556.1	CP046746.1	94.488	127	5	2	1012802	1012927	522855	522980	9.25e-47	195
CP043556.1	CP046746.1	94.444	126	7	0	1010065	1010190	522856	522981	9.25e-47	195
CP043556.1	CP046746.1	95.122	123	6	0	1037047	1037169	522858	522980	9.25e-47	195
CP043556.1	CP046746.1	95.161	124	5	1	964310	964433	522981	522859	9.25e-47	195
CP043556.1	CP046746.1	95.122	123	6	0	996979	997101	522859	522981	9.25e-47	195
CP043556.1	CP046746.1	95.161	124	5	1	1067028	1067151	522859	522981	9.25e-47	195
CP043556.1	CP046746.1	93.284	134	6	3	1003019	1003151	524941	525072	9.25e-47	195
CP043556.1	CP046746.1	93.284	134	6	3	1009388	1009520	524941	525072	9.25e-47	195
CP043556.1	CP046746.1	95.161	124	4	2	958255	958378	525072	524951	9.25e-47	195
CP043556.1	CP046746.1	93.846	130	7	1	975610	975739	526201	526073	9.25e-47	195
CP043556.1	CP046746.1	95.161	124	5	1	969045	969168	526198	526076	9.25e-47	195
CP043556.1	CP046746.1	95.161	124	5	1	1037894	1038017	526076	526198	9.25e-47	195
CP043556.1	CP046746.1	92.086	139	10	1	955342	955479	526077	526215	9.25e-47	195
CP043556.1	CP046746.1	95.161	124	5	1	1049458	1049581	526077	526199	9.25e-47	195
CP043556.1	CP046746.1	95.161	124	5	1	997761	997884	526717	526839	9.25e-47	195
CP043556.1	CP046746.1	95.161	124	5	1	1043187	1043310	526717	526839	9.25e-47	195
CP043556.1	CP046746.1	95.161	124	5	1	1051929	1052052	526719	526841	9.25e-47	195
CP043556.1	CP046746.1	95.161	124	4	2	969044	969167	526840	526719	9.25e-47	195
CP043556.1	CP046746.1	95.161	124	4	2	1037895	1038018	526719	526840	9.25e-47	195
CP043556.1	CP046746.1	92.701	137	7	3	1009396	1009530	527506	527641	9.25e-47	195
CP043556.1	CP046746.1	93.233	133	8	1	993556	993687	528214	528346	9.25e-47	195
CP043556.1	CP046746.1	94.488	127	6	1	1062312	1062437	528220	528346	9.25e-47	195
CP043556.1	CP046746.1	94.444	126	7	0	958255	958380	528346	528221	9.25e-47	195
CP043556.1	CP046746.1	94.444	126	7	0	1068333	1068458	528221	528346	9.25e-47	195
CP043556.1	CP046746.1	95.161	124	5	1	1067863	1067985	528223	528346	9.25e-47	195
CP043556.1	CP046746.1	95.122	123	6	0	992605	992727	528224	528346	9.25e-47	195
CP043556.1	CP046746.1	95.122	123	6	0	1011815	1011937	528224	528346	9.25e-47	195
CP043556.1	CP046746.1	95.122	123	6	0	1017755	1017877	528224	528346	9.25e-47	195
CP043556.1	CP046746.1	94.488	127	6	1	995559	995684	528940	529066	9.25e-47	195
CP043556.1	CP046746.1	95.161	124	5	1	976248	976370	529063	528940	9.25e-47	195
CP043556.1	CP046746.1	95.161	124	5	1	975612	975734	529063	528940	9.25e-47	195
CP043556.1	CP046746.1	95.161	124	5	1	973008	973130	529063	528940	9.25e-47	195
CP043556.1	CP046746.1	95.161	124	4	2	970798	970919	529063	528940	9.25e-47	195
CP043556.1	CP046746.1	95.161	124	4	2	982753	982874	528940	529063	9.25e-47	195
CP043556.1	CP046746.1	95.161	124	5	1	1001967	1002089	528940	529063	9.25e-47	195
CP043556.1	CP046746.1	95.161	124	5	1	1007142	1007264	528940	529063	9.25e-47	195
CP043556.1	CP046746.1	95.161	124	5	1	1008331	1008453	528940	529063	9.25e-47	195
CP043556.1	CP046746.1	95.161	124	5	1	1010068	1010190	528940	529063	9.25e-47	195
CP043556.1	CP046746.1	95.161	124	5	1	1044936	1045058	528940	529063	9.25e-47	195
CP043556.1	CP046746.1	95.161	124	5	1	1054449	1054571	528940	529063	9.25e-47	195
CP043556.1	CP046746.1	95.161	124	5	1	1057730	1057852	528940	529063	9.25e-47	195
CP043556.1	CP046746.1	95.161	124	5	1	1058411	1058533	528940	529063	9.25e-47	195
CP043556.1	CP046746.1	95.122	123	6	0	987899	988021	528940	529062	9.25e-47	195
CP043556.1	CP046746.1	95.122	123	6	0	1015389	1015511	528940	529062	9.25e-47	195
CP043556.1	CP046746.1	95.122	123	6	0	1017755	1017877	528940	529062	9.25e-47	195
CP043556.1	CP046746.1	95.122	123	6	0	1029862	1029984	528940	529062	9.25e-47	195
CP043556.1	CP046746.1	95.122	123	6	0	1034725	1034847	528940	529062	9.25e-47	195
CP043556.1	CP046746.1	95.122	123	6	0	1046131	1046253	528940	529062	9.25e-47	195
CP043556.1	CP046746.1	92.086	139	10	1	1049448	1049585	529741	529879	9.25e-47	195
CP043556.1	CP046746.1	93.846	130	7	1	989522	989650	529746	529875	9.25e-47	195
CP043556.1	CP046746.1	95.161	124	5	1	1039762	1039884	529751	529874	9.25e-47	195
CP043556.1	CP046746.1	95.161	124	5	1	1068818	1068940	529751	529874	9.25e-47	195
CP043556.1	CP046746.1	95.161	124	5	1	974009	974131	529875	529752	9.25e-47	195
CP043556.1	CP046746.1	95.161	124	5	1	996979	997101	529752	529875	9.25e-47	195
CP043556.1	CP046746.1	95.161	124	5	1	1009399	1009521	529752	529875	9.25e-47	195
CP043556.1	CP046746.1	95.122	123	6	0	952655	952777	529752	529874	9.25e-47	195
CP043556.1	CP046746.1	92.647	136	8	2	1058410	1058543	530324	530459	9.25e-47	195
CP043556.1	CP046746.1	94.444	126	7	0	1024230	1024355	530324	530449	9.25e-47	195
CP043556.1	CP046746.1	95.122	123	6	0	971758	971880	530446	530324	9.25e-47	195
CP043556.1	CP046746.1	95.161	124	5	1	960066	960189	530446	530324	9.25e-47	195
CP043556.1	CP046746.1	95.122	123	6	0	947713	947835	530324	530446	9.25e-47	195
CP043556.1	CP046746.1	95.122	123	6	0	990283	990405	530324	530446	9.25e-47	195
CP043556.1	CP046746.1	95.161	124	5	1	1016477	1016600	530324	530446	9.25e-47	195
CP043556.1	CP046746.1	95.161	124	5	1	1018792	1018915	530324	530446	9.25e-47	195
CP043556.1	CP046746.1	95.161	124	5	1	1026675	1026798	530324	530446	9.25e-47	195
CP043556.1	CP046746.1	95.122	123	6	0	1068818	1068940	530324	530446	9.25e-47	195
CP043556.1	CP046746.1	95.161	124	5	1	1035731	1035854	530325	530447	9.25e-47	195
CP043556.1	CP046746.1	94.488	127	5	2	1039759	1039884	531122	531247	9.25e-47	195
CP043556.1	CP046746.1	95.122	123	6	0	991602	991724	531126	531248	9.25e-47	195
CP043556.1	CP046746.1	94.444	126	7	0	1036321	1036446	533569	533694	9.25e-47	195
CP043556.1	CP046746.1	93.233	133	8	1	1007141	1007272	533571	533703	9.25e-47	195
CP043556.1	CP046746.1	95.122	123	6	0	991068	991190	533571	533693	9.25e-47	195
CP043556.1	CP046746.1	95.161	124	4	2	991601	991723	533571	533693	9.25e-47	195
CP043556.1	CP046746.1	95.161	124	5	1	970797	970919	533695	533572	9.25e-47	195
CP043556.1	CP046746.1	95.122	123	6	0	1030906	1031028	533572	533694	9.25e-47	195
CP043556.1	CP046746.1	93.182	132	9	0	973006	973137	534546	534415	9.25e-47	195
CP043556.1	CP046746.1	94.488	127	6	1	998914	999040	534420	534545	9.25e-47	195
CP043556.1	CP046746.1	95.161	124	5	1	976714	976837	534543	534421	9.25e-47	195
CP043556.1	CP046746.1	94.488	127	5	2	1055584	1055709	535067	535192	9.25e-47	195
CP043556.1	CP046746.1	94.444	126	7	0	1002493	1002618	535068	535193	9.25e-47	195
CP043556.1	CP046746.1	94.488	127	6	1	1056788	1056914	535069	535194	9.25e-47	195
CP043556.1	CP046746.1	95.122	123	6	0	1011280	1011402	535071	535193	9.25e-47	195
CP043556.1	CP046746.1	95.161	124	5	1	1037895	1038018	535071	535193	9.25e-47	195
CP043556.1	CP046746.1	94.488	127	5	2	955338	955463	535974	536099	9.25e-47	195
CP043556.1	CP046746.1	95.122	123	6	0	972579	972701	536099	535977	9.25e-47	195
CP043556.1	CP046746.1	95.122	123	6	0	998916	999038	535977	536099	9.25e-47	195
CP043556.1	CP046746.1	93.846	130	6	2	995554	995681	536590	536719	9.25e-47	195
CP043556.1	CP046746.1	94.488	127	6	1	1030903	1031028	536593	536719	9.25e-47	195
CP043556.1	CP046746.1	91.549	142	10	2	951465	951605	536595	536735	9.25e-47	195
CP043556.1	CP046746.1	95.161	124	5	1	991068	991190	536595	536718	9.25e-47	195
CP043556.1	CP046746.1	95.161	124	5	1	991601	991723	536595	536718	9.25e-47	195
CP043556.1	CP046746.1	95.161	124	5	1	1011279	1011401	536595	536718	9.25e-47	195
CP043556.1	CP046746.1	95.161	124	5	1	1051928	1052050	536595	536718	9.25e-47	195
CP043556.1	CP046746.1	92.647	136	9	1	944555	944690	536596	536730	9.25e-47	195
CP043556.1	CP046746.1	94.488	127	5	2	984564	984688	536596	536722	9.25e-47	195
CP043556.1	CP046746.1	95.122	123	6	0	976714	976836	536718	536596	9.25e-47	195
CP043556.1	CP046746.1	95.122	123	6	0	1010740	1010862	536596	536718	9.25e-47	195
CP043556.1	CP046746.1	95.122	123	6	0	1018793	1018915	536596	536718	9.25e-47	195
CP043556.1	CP046746.1	93.846	130	6	2	1069387	1069515	537075	537203	9.25e-47	195
CP043556.1	CP046746.1	94.488	127	5	2	970797	970921	537204	537078	9.25e-47	195
CP043556.1	CP046746.1	94.488	127	6	1	1024229	1024354	537078	537204	9.25e-47	195
CP043556.1	CP046746.1	94.444	126	7	0	966932	967057	537204	537079	9.25e-47	195
CP043556.1	CP046746.1	95.161	124	5	1	995559	995681	537080	537203	9.25e-47	195
CP043556.1	CP046746.1	94.444	126	7	0	1048715	1048840	538048	538173	9.25e-47	195
CP043556.1	CP046746.1	95.161	124	5	1	1036323	1036445	538050	538173	9.25e-47	195
CP043556.1	CP046746.1	93.233	133	8	1	1029862	1029993	538051	538183	9.25e-47	195
CP043556.1	CP046746.1	95.161	124	5	1	991602	991724	538051	538174	9.25e-47	195
CP043556.1	CP046746.1	95.161	124	5	1	1003030	1003152	538051	538174	9.25e-47	195
CP043556.1	CP046746.1	95.161	124	5	1	1051929	1052051	538051	538174	9.25e-47	195
CP043556.1	CP046746.1	95.161	124	5	1	1068819	1068941	538612	538735	9.25e-47	195
CP043556.1	CP046746.1	94.488	127	6	1	995557	995682	539147	539273	9.25e-47	195
CP043556.1	CP046746.1	94.444	126	7	0	1048717	1048842	539148	539273	9.25e-47	195
CP043556.1	CP046746.1	95.161	124	5	1	997763	997885	539149	539272	9.25e-47	195
CP043556.1	CP046746.1	95.161	124	5	1	1031519	1031641	539149	539272	9.25e-47	195
CP043556.1	CP046746.1	95.161	124	5	1	1058411	1058533	539149	539272	9.25e-47	195
CP043556.1	CP046746.1	95.122	123	6	0	960066	960188	539271	539149	9.25e-47	195
CP043556.1	CP046746.1	95.122	123	6	0	1016478	1016600	539149	539271	9.25e-47	195
CP043556.1	CP046746.1	94.488	127	6	1	990283	990408	539768	539894	9.25e-47	195
CP043556.1	CP046746.1	95.161	124	5	1	977224	977346	539891	539768	9.25e-47	195
CP043556.1	CP046746.1	95.161	124	5	1	955341	955463	539768	539891	9.25e-47	195
CP043556.1	CP046746.1	95.161	124	5	1	1039762	1039884	539768	539891	9.25e-47	195
CP043556.1	CP046746.1	95.122	123	6	0	979431	979553	539891	539769	9.25e-47	195
CP043556.1	CP046746.1	95.122	123	6	0	946426	946548	539769	539891	9.25e-47	195
CP043556.1	CP046746.1	95.122	123	6	0	1027846	1027968	539769	539891	9.25e-47	195
CP043556.1	CP046746.1	93.333	135	4	5	1001956	1002088	540295	540426	9.25e-47	195
CP043556.1	CP046746.1	93.893	131	5	3	968370	968499	540426	540298	9.25e-47	195
CP043556.1	CP046746.1	93.939	132	3	5	975609	975739	540429	540302	9.25e-47	195
CP043556.1	CP046746.1	94.488	127	5	2	1027842	1027968	540302	540426	9.25e-47	195
CP043556.1	CP046746.1	94.531	128	3	4	1030901	1031027	540302	540426	9.25e-47	195
CP043556.1	CP046746.1	93.893	131	5	3	952654	952784	540305	540432	9.25e-47	195
CP043556.1	CP046746.1	94.531	128	4	3	1030433	1030560	540305	540429	9.25e-47	195
CP043556.1	CP046746.1	95.200	125	2	4	1005170	1005293	540305	540426	9.25e-47	195
CP043556.1	CP046746.1	95.161	124	4	2	951914	952037	540306	540427	9.25e-47	195
CP043556.1	CP046746.1	94.444	126	7	0	958253	958378	541084	540959	9.25e-47	195
CP043556.1	CP046746.1	94.444	126	7	0	946425	946550	540959	541084	9.25e-47	195
CP043556.1	CP046746.1	94.444	126	7	0	1027845	1027970	540959	541084	9.25e-47	195
CP043556.1	CP046746.1	93.233	133	8	1	1031511	1031642	542560	542692	9.25e-47	195
CP043556.1	CP046746.1	95.161	124	5	1	956113	956235	542567	542690	9.25e-47	195
CP043556.1	CP046746.1	95.161	124	5	1	1032152	1032274	542567	542690	9.25e-47	195
CP043556.1	CP046746.1	93.846	130	7	1	1046131	1046259	542568	542697	9.25e-47	195
CP043556.1	CP046746.1	94.488	127	6	1	1057730	1057855	542568	542694	9.25e-47	195
CP043556.1	CP046746.1	93.182	132	9	0	471942	472073	757690	757821	9.25e-47	195
CP043556.1	CP046746.1	93.750	128	8	0	515297	515424	183948	183821	3.33e-46	193
CP043556.1	CP046746.1	93.750	128	8	0	397273	397400	183948	183821	3.33e-46	193
CP043556.1	CP046746.1	95.122	123	4	2	991069	991190	493114	493235	3.33e-46	193
CP043556.1	CP046746.1	95.122	123	5	1	1027846	1027968	493114	493235	3.33e-46	193
CP043556.1	CP046746.1	93.233	133	6	2	1056790	1056922	494154	494283	3.33e-46	193
CP043556.1	CP046746.1	91.034	145	10	3	965115	965258	495763	495621	3.33e-46	193
CP043556.1	CP046746.1	91.549	142	9	3	1055574	1055712	495625	495766	3.33e-46	193
CP043556.1	CP046746.1	93.233	133	6	3	1062947	1063077	495637	495768	3.33e-46	193
CP043556.1	CP046746.1	93.798	129	6	2	1033966	1034092	495639	495767	3.33e-46	193
CP043556.1	CP046746.1	93.798	129	7	1	1062316	1062443	495641	495769	3.33e-46	193
CP043556.1	CP046746.1	94.444	126	6	1	1067555	1067679	495641	495766	3.33e-46	193
CP043556.1	CP046746.1	94.400	125	7	0	1056118	1056242	495641	495765	3.33e-46	193
CP043556.1	CP046746.1	95.122	123	5	1	963781	963902	495763	495641	3.33e-46	193
CP043556.1	CP046746.1	95.122	123	5	1	962718	962839	495763	495641	3.33e-46	193
CP043556.1	CP046746.1	91.034	145	10	3	951913	952056	497428	497570	3.33e-46	193
CP043556.1	CP046746.1	93.798	129	6	2	984563	984690	497428	497555	3.33e-46	193
CP043556.1	CP046746.1	94.444	126	6	1	947713	947837	497428	497553	3.33e-46	193
CP043556.1	CP046746.1	92.029	138	9	2	1046131	1046267	497429	497565	3.33e-46	193
CP043556.1	CP046746.1	94.400	125	7	0	1051170	1051294	497429	497553	3.33e-46	193
CP043556.1	CP046746.1	95.122	123	5	1	968370	968491	497551	497429	3.33e-46	193
CP043556.1	CP046746.1	95.122	123	5	1	951466	951587	497429	497551	3.33e-46	193
CP043556.1	CP046746.1	95.122	123	5	1	1040152	1040273	497429	497551	3.33e-46	193
CP043556.1	CP046746.1	88.750	160	14	4	1055558	1055715	498890	499047	3.33e-46	193
CP043556.1	CP046746.1	92.537	134	10	0	1069383	1069516	498910	499043	3.33e-46	193
CP043556.1	CP046746.1	93.182	132	8	1	983918	984049	498912	499042	3.33e-46	193
CP043556.1	CP046746.1	93.130	131	9	0	1008323	1008453	498912	499042	3.33e-46	193
CP043556.1	CP046746.1	93.798	129	7	1	970798	970925	499042	498914	3.33e-46	193
CP043556.1	CP046746.1	93.182	132	8	1	958249	958380	499047	498917	3.33e-46	193
CP043556.1	CP046746.1	93.182	132	8	1	993563	993694	498918	499048	3.33e-46	193
CP043556.1	CP046746.1	94.400	125	7	0	978003	978127	499042	498918	3.33e-46	193
CP043556.1	CP046746.1	94.444	126	6	1	998914	999039	498918	499042	3.33e-46	193
CP043556.1	CP046746.1	94.444	126	6	1	999552	999677	498918	499042	3.33e-46	193
CP043556.1	CP046746.1	94.400	125	7	0	1036323	1036447	498919	499043	3.33e-46	193
CP043556.1	CP046746.1	95.122	123	4	2	991602	991723	498920	499041	3.33e-46	193
CP043556.1	CP046746.1	95.082	122	6	0	1051929	1052050	498920	499041	3.33e-46	193
CP043556.1	CP046746.1	93.182	132	7	2	956109	956238	499543	499674	3.33e-46	193
CP043556.1	CP046746.1	93.798	129	7	1	1036319	1036446	499543	499671	3.33e-46	193
CP043556.1	CP046746.1	93.798	129	7	1	1069388	1069515	499543	499671	3.33e-46	193
CP043556.1	CP046746.1	93.182	132	7	2	971754	971883	499675	499544	3.33e-46	193
CP043556.1	CP046746.1	93.182	132	7	2	1045592	1045721	499544	499675	3.33e-46	193
CP043556.1	CP046746.1	93.798	129	7	1	1062312	1062439	499544	499672	3.33e-46	193
CP043556.1	CP046746.1	92.029	138	9	2	1001967	1002103	499548	499684	3.33e-46	193
CP043556.1	CP046746.1	94.444	126	6	1	1057730	1057854	499548	499673	3.33e-46	193
CP043556.1	CP046746.1	93.182	132	8	1	978001	978131	500429	500298	3.33e-46	193
CP043556.1	CP046746.1	93.798	129	7	1	965115	965242	500426	500298	3.33e-46	193
CP043556.1	CP046746.1	94.400	125	7	0	1014010	1014134	500303	500427	3.33e-46	193
CP043556.1	CP046746.1	94.400	125	7	0	1030434	1030558	500304	500428	3.33e-46	193
CP043556.1	CP046746.1	95.122	123	5	1	948248	948369	500304	500426	3.33e-46	193
CP043556.1	CP046746.1	95.122	123	5	1	991069	991190	500304	500426	3.33e-46	193
CP043556.1	CP046746.1	95.122	123	5	1	1051929	1052050	500304	500426	3.33e-46	193
CP043556.1	CP046746.1	95.122	123	5	1	1053000	1053121	500304	500426	3.33e-46	193
CP043556.1	CP046746.1	93.130	131	9	0	1010061	1010191	500937	501067	3.33e-46	193
CP043556.1	CP046746.1	93.798	129	7	1	1005167	1005295	500940	501067	3.33e-46	193
CP043556.1	CP046746.1	94.444	126	6	1	1048253	1048378	500941	501065	3.33e-46	193
CP043556.1	CP046746.1	94.444	126	6	1	988939	989064	500942	501066	3.33e-46	193
CP043556.1	CP046746.1	95.122	123	4	2	948248	948369	500944	501065	3.33e-46	193
CP043556.1	CP046746.1	95.082	122	6	0	1003030	1003151	500944	501065	3.33e-46	193
CP043556.1	CP046746.1	95.122	123	5	1	1015389	1015511	500944	501065	3.33e-46	193
CP043556.1	CP046746.1	95.122	123	5	1	1029862	1029984	500944	501065	3.33e-46	193
CP043556.1	CP046746.1	95.082	122	6	0	1051929	1052050	500944	501065	3.33e-46	193
CP043556.1	CP046746.1	91.549	142	8	3	1068817	1068955	501670	501810	3.33e-46	193
CP043556.1	CP046746.1	94.444	126	6	1	1045594	1045718	501670	501795	3.33e-46	193
CP043556.1	CP046746.1	94.400	125	7	0	1015389	1015513	501672	501796	3.33e-46	193
CP043556.1	CP046746.1	95.122	123	5	1	991068	991190	502303	502424	3.33e-46	193
CP043556.1	CP046746.1	95.122	123	5	1	955342	955464	502304	502425	3.33e-46	193
CP043556.1	CP046746.1	93.750	128	8	0	1008326	1008453	503919	504046	3.33e-46	193
CP043556.1	CP046746.1	94.444	126	6	1	966933	967058	504046	503922	3.33e-46	193
CP043556.1	CP046746.1	92.029	138	9	2	963232	963368	504060	503924	3.33e-46	193
CP043556.1	CP046746.1	95.122	123	5	1	969045	969167	504045	503924	3.33e-46	193
CP043556.1	CP046746.1	95.122	123	5	1	1037895	1038017	503924	504045	3.33e-46	193
CP043556.1	CP046746.1	95.082	122	6	0	1053000	1053121	503924	504045	3.33e-46	193
CP043556.1	CP046746.1	94.400	125	7	0	996345	996469	504508	504632	3.33e-46	193
CP043556.1	CP046746.1	95.122	123	5	1	991069	991190	504510	504632	3.33e-46	193
CP043556.1	CP046746.1	93.798	129	7	1	1070302	1070430	505128	505255	3.33e-46	193
CP043556.1	CP046746.1	95.122	123	5	1	979431	979553	505251	505130	3.33e-46	193
CP043556.1	CP046746.1	95.122	123	4	2	974010	974131	505251	505130	3.33e-46	193
CP043556.1	CP046746.1	95.122	123	4	2	948248	948369	505130	505251	3.33e-46	193
CP043556.1	CP046746.1	95.122	123	4	2	996979	997100	505130	505251	3.33e-46	193
CP043556.1	CP046746.1	95.122	123	4	2	1001967	1002088	505130	505251	3.33e-46	193
CP043556.1	CP046746.1	95.122	123	4	2	1007142	1007263	505130	505251	3.33e-46	193
CP043556.1	CP046746.1	95.122	123	4	2	1009399	1009520	505130	505251	3.33e-46	193
CP043556.1	CP046746.1	95.122	123	5	1	1026067	1026189	505130	505251	3.33e-46	193
CP043556.1	CP046746.1	95.122	123	4	2	1053000	1053121	505130	505251	3.33e-46	193
CP043556.1	CP046746.1	95.122	123	4	2	1057730	1057851	505130	505251	3.33e-46	193
CP043556.1	CP046746.1	93.130	131	9	0	968369	968499	505790	505660	3.33e-46	193
CP043556.1	CP046746.1	91.549	142	9	3	1005857	1005997	505668	505807	3.33e-46	193
CP043556.1	CP046746.1	95.082	122	6	0	971758	971879	505789	505668	3.33e-46	193
CP043556.1	CP046746.1	95.082	122	6	0	947714	947835	505668	505789	3.33e-46	193
CP043556.1	CP046746.1	95.082	122	6	0	1002496	1002617	505668	505789	3.33e-46	193
CP043556.1	CP046746.1	95.082	122	6	0	1039763	1039884	505668	505789	3.33e-46	193
CP043556.1	CP046746.1	95.082	122	6	0	1045596	1045717	505668	505789	3.33e-46	193
CP043556.1	CP046746.1	95.122	123	5	1	1070304	1070426	505668	505789	3.33e-46	193
CP043556.1	CP046746.1	94.444	126	6	1	952652	952777	506302	506426	3.33e-46	193
CP043556.1	CP046746.1	93.798	129	7	1	1005856	1005984	506304	506431	3.33e-46	193
CP043556.1	CP046746.1	94.444	126	6	1	972577	972702	506428	506304	3.33e-46	193
CP043556.1	CP046746.1	94.444	126	6	1	946921	947046	506304	506428	3.33e-46	193
CP043556.1	CP046746.1	92.086	139	7	4	1057730	1057867	506305	506440	3.33e-46	193
CP043556.1	CP046746.1	94.400	125	7	0	976246	976370	506429	506305	3.33e-46	193
CP043556.1	CP046746.1	94.400	125	7	0	968367	968491	506429	506305	3.33e-46	193
CP043556.1	CP046746.1	95.082	122	6	0	991069	991190	506305	506426	3.33e-46	193
CP043556.1	CP046746.1	95.082	122	6	0	1011280	1011401	506305	506426	3.33e-46	193
CP043556.1	CP046746.1	93.182	132	8	1	983918	984049	506871	507001	3.33e-46	193
CP043556.1	CP046746.1	94.444	126	6	1	1042048	1042173	506877	507001	3.33e-46	193
CP043556.1	CP046746.1	92.593	135	9	1	1036323	1036457	506878	507011	3.33e-46	193
CP043556.1	CP046746.1	93.798	129	6	2	996342	996469	507500	507627	3.33e-46	193
CP043556.1	CP046746.1	93.798	129	7	1	1050048	1050176	507503	507630	3.33e-46	193
CP043556.1	CP046746.1	94.400	125	7	0	951466	951590	507506	507630	3.33e-46	193
CP043556.1	CP046746.1	94.444	126	6	1	1026067	1026192	507506	507630	3.33e-46	193
CP043556.1	CP046746.1	95.122	123	4	2	948248	948369	507506	507627	3.33e-46	193
CP043556.1	CP046746.1	93.182	132	8	1	1007139	1007270	508142	508272	3.33e-46	193
CP043556.1	CP046746.1	94.444	126	6	1	1056115	1056240	508142	508266	3.33e-46	193
CP043556.1	CP046746.1	93.182	132	7	2	966150	966281	508272	508143	3.33e-46	193
CP043556.1	CP046746.1	94.400	125	7	0	1062950	1063074	508143	508267	3.33e-46	193
CP043556.1	CP046746.1	90.541	148	10	4	964288	964433	508290	508145	3.33e-46	193
CP043556.1	CP046746.1	93.798	129	7	1	976243	976370	508273	508145	3.33e-46	193
CP043556.1	CP046746.1	93.798	129	7	1	961882	962009	508273	508145	3.33e-46	193
CP043556.1	CP046746.1	95.082	122	6	0	968370	968491	508266	508145	3.33e-46	193
CP043556.1	CP046746.1	95.082	122	6	0	1001967	1002088	508145	508266	3.33e-46	193
CP043556.1	CP046746.1	95.122	123	5	1	1018291	1018413	508145	508266	3.33e-46	193
CP043556.1	CP046746.1	95.122	123	5	1	1063760	1063882	508145	508266	3.33e-46	193
CP043556.1	CP046746.1	92.029	138	10	1	975604	975740	508866	508729	3.33e-46	193
CP043556.1	CP046746.1	93.182	132	7	2	961249	961379	508859	508729	3.33e-46	193
CP043556.1	CP046746.1	95.082	122	6	0	1032153	1032274	508736	508857	3.33e-46	193
CP043556.1	CP046746.1	94.444	126	6	1	1048715	1048840	509871	509995	3.33e-46	193
CP043556.1	CP046746.1	94.444	126	6	1	1056115	1056240	509871	509995	3.33e-46	193
CP043556.1	CP046746.1	94.400	125	7	0	990282	990406	509872	509996	3.33e-46	193
CP043556.1	CP046746.1	94.444	126	6	1	1016476	1016601	509872	509996	3.33e-46	193
CP043556.1	CP046746.1	95.122	123	5	1	1018291	1018413	509874	509995	3.33e-46	193
CP043556.1	CP046746.1	93.798	129	7	1	979429	979557	510529	510402	3.33e-46	193
CP043556.1	CP046746.1	93.798	129	7	1	973006	973134	510530	510403	3.33e-46	193
CP043556.1	CP046746.1	95.122	123	5	1	1061175	1061297	510406	510527	3.33e-46	193
CP043556.1	CP046746.1	95.122	123	5	1	979431	979553	511212	511091	3.33e-46	193
CP043556.1	CP046746.1	95.122	123	5	1	964311	964433	511212	511091	3.33e-46	193
CP043556.1	CP046746.1	95.082	122	6	0	951466	951587	511091	511212	3.33e-46	193
CP043556.1	CP046746.1	95.082	122	6	0	995559	995680	511091	511212	3.33e-46	193
CP043556.1	CP046746.1	95.122	123	5	1	1026067	1026189	511091	511212	3.33e-46	193
CP043556.1	CP046746.1	95.122	123	5	1	1027846	1027968	511091	511212	3.33e-46	193
CP043556.1	CP046746.1	95.082	122	6	0	1044936	1045057	511091	511212	3.33e-46	193
CP043556.1	CP046746.1	93.798	129	7	1	978002	978130	511748	511621	3.33e-46	193
CP043556.1	CP046746.1	93.798	129	7	1	1027842	1027970	511621	511748	3.33e-46	193
CP043556.1	CP046746.1	94.400	125	7	0	989528	989652	511625	511749	3.33e-46	193
CP043556.1	CP046746.1	94.400	125	7	0	1062316	1062440	511625	511749	3.33e-46	193
CP043556.1	CP046746.1	95.122	123	5	1	976714	976836	511746	511625	3.33e-46	193
CP043556.1	CP046746.1	95.122	123	5	1	960066	960188	511746	511625	3.33e-46	193
CP043556.1	CP046746.1	95.082	122	6	0	990284	990405	511625	511746	3.33e-46	193
CP043556.1	CP046746.1	95.082	122	6	0	1008865	1008986	511625	511746	3.33e-46	193
CP043556.1	CP046746.1	95.122	123	5	1	1010740	1010862	511625	511746	3.33e-46	193
CP043556.1	CP046746.1	95.082	122	6	0	1025533	1025654	511625	511746	3.33e-46	193
CP043556.1	CP046746.1	92.647	136	7	3	951453	951587	512228	512361	3.33e-46	193
CP043556.1	CP046746.1	93.130	131	9	0	947705	947835	512231	512361	3.33e-46	193
CP043556.1	CP046746.1	94.444	126	6	1	966157	966282	512361	512237	3.33e-46	193
CP043556.1	CP046746.1	94.400	125	7	0	1030903	1031027	512237	512361	3.33e-46	193
CP043556.1	CP046746.1	94.444	126	6	1	1067025	1067150	512237	512361	3.33e-46	193
CP043556.1	CP046746.1	95.082	122	6	0	1011280	1011401	512240	512361	3.33e-46	193
CP043556.1	CP046746.1	95.122	123	5	1	1026067	1026189	512240	512361	3.33e-46	193
CP043556.1	CP046746.1	95.122	123	5	1	1034725	1034847	512240	512361	3.33e-46	193
CP043556.1	CP046746.1	93.130	131	9	0	1051169	1051299	513819	513949	3.33e-46	193
CP043556.1	CP046746.1	94.400	125	7	0	1037894	1038018	513819	513943	3.33e-46	193
CP043556.1	CP046746.1	93.182	132	7	2	1051920	1052050	514707	514837	3.33e-46	193
CP043556.1	CP046746.1	93.233	133	6	3	991064	991194	514711	514842	3.33e-46	193
CP043556.1	CP046746.1	94.444	126	6	1	963246	963370	514839	514714	3.33e-46	193
CP043556.1	CP046746.1	94.444	126	6	1	1027845	1027970	514715	514839	3.33e-46	193
CP043556.1	CP046746.1	94.400	125	7	0	1061806	1061930	514715	514839	3.33e-46	193
CP043556.1	CP046746.1	93.798	129	6	2	1015385	1015512	515348	515475	3.33e-46	193
CP043556.1	CP046746.1	94.444	126	6	1	998913	999038	515350	515474	3.33e-46	193
CP043556.1	CP046746.1	94.444	126	6	1	951912	952037	515351	515475	3.33e-46	193
CP043556.1	CP046746.1	94.400	125	7	0	1051929	1052053	515353	515477	3.33e-46	193
CP043556.1	CP046746.1	95.082	122	6	0	968370	968491	515474	515353	3.33e-46	193
CP043556.1	CP046746.1	95.122	123	5	1	946426	946548	515353	515474	3.33e-46	193
CP043556.1	CP046746.1	95.082	122	6	0	951466	951587	515353	515474	3.33e-46	193
CP043556.1	CP046746.1	95.082	122	6	0	1001967	1002088	515353	515474	3.33e-46	193
CP043556.1	CP046746.1	95.082	122	6	0	1040152	1040273	515353	515474	3.33e-46	193
CP043556.1	CP046746.1	95.122	123	5	1	1048718	1048840	515353	515474	3.33e-46	193
CP043556.1	CP046746.1	93.182	132	8	1	1052991	1053121	516598	516729	3.33e-46	193
CP043556.1	CP046746.1	93.798	129	7	1	1002490	1002617	516601	516729	3.33e-46	193
CP043556.1	CP046746.1	93.798	129	6	2	1032148	1032274	516601	516729	3.33e-46	193
CP043556.1	CP046746.1	93.798	129	7	1	1010064	1010191	516603	516731	3.33e-46	193
CP043556.1	CP046746.1	93.750	128	8	0	1048714	1048841	516603	516730	3.33e-46	193
CP043556.1	CP046746.1	93.750	128	8	0	1005168	1005295	516604	516731	3.33e-46	193
CP043556.1	CP046746.1	94.400	125	7	0	993563	993687	516605	516729	3.33e-46	193
CP043556.1	CP046746.1	93.750	128	8	0	996346	996473	516606	516733	3.33e-46	193
CP043556.1	CP046746.1	91.549	142	9	3	964293	964433	516746	516607	3.33e-46	193
CP043556.1	CP046746.1	93.798	129	6	2	988485	988611	516607	516735	3.33e-46	193
CP043556.1	CP046746.1	94.400	125	7	0	1023646	1023770	516607	516731	3.33e-46	193
CP043556.1	CP046746.1	95.122	123	5	1	1051929	1052050	516607	516729	3.33e-46	193
CP043556.1	CP046746.1	92.593	135	8	2	988931	989064	517268	517401	3.33e-46	193
CP043556.1	CP046746.1	93.750	128	8	0	1046758	1046885	517274	517401	3.33e-46	193
CP043556.1	CP046746.1	93.798	129	7	1	1069387	1069515	517274	517401	3.33e-46	193
CP043556.1	CP046746.1	94.444	126	6	1	1005855	1005980	517277	517401	3.33e-46	193
CP043556.1	CP046746.1	94.444	126	6	1	944554	944679	517278	517402	3.33e-46	193
CP043556.1	CP046746.1	94.400	125	7	0	1047540	1047664	517278	517402	3.33e-46	193
CP043556.1	CP046746.1	93.182	132	7	2	1046131	1046262	517279	517408	3.33e-46	193
CP043556.1	CP046746.1	94.444	126	6	1	992605	992730	517279	517403	3.33e-46	193
CP043556.1	CP046746.1	95.122	123	4	2	948248	948369	517279	517400	3.33e-46	193
CP043556.1	CP046746.1	94.444	126	5	2	970798	970921	518039	517914	3.33e-46	193
CP043556.1	CP046746.1	93.130	131	9	0	946426	946556	517916	518046	3.33e-46	193
CP043556.1	CP046746.1	93.182	132	7	2	977223	977353	518638	518508	3.33e-46	193
CP043556.1	CP046746.1	94.444	126	6	1	978002	978126	518639	518514	3.33e-46	193
CP043556.1	CP046746.1	94.444	126	6	1	1024230	1024354	518514	518639	3.33e-46	193
CP043556.1	CP046746.1	94.444	126	6	1	1067554	1067678	518514	518639	3.33e-46	193
CP043556.1	CP046746.1	94.444	126	5	2	967640	967764	518638	518514	3.33e-46	193
CP043556.1	CP046746.1	94.444	126	6	1	988485	988609	518515	518640	3.33e-46	193
CP043556.1	CP046746.1	94.400	125	7	0	1005171	1005295	518515	518639	3.33e-46	193
CP043556.1	CP046746.1	94.400	125	7	0	1023646	1023770	518515	518639	3.33e-46	193
CP043556.1	CP046746.1	95.122	123	5	1	1003030	1003151	518515	518637	3.33e-46	193
CP043556.1	CP046746.1	91.489	141	10	2	1032134	1032274	519097	519235	3.33e-46	193
CP043556.1	CP046746.1	93.233	133	6	3	1056780	1056912	519106	519235	3.33e-46	193
CP043556.1	CP046746.1	93.750	128	8	0	1032148	1032275	519716	519843	3.33e-46	193
CP043556.1	CP046746.1	93.798	129	7	1	1056785	1056913	519716	519843	3.33e-46	193
CP043556.1	CP046746.1	92.647	136	7	3	1067028	1067163	519721	519853	3.33e-46	193
CP043556.1	CP046746.1	95.122	123	5	1	964311	964433	519842	519721	3.33e-46	193
CP043556.1	CP046746.1	95.122	123	5	1	946426	946548	519721	519842	3.33e-46	193
CP043556.1	CP046746.1	95.122	123	5	1	1026067	1026189	519721	519842	3.33e-46	193
CP043556.1	CP046746.1	95.082	122	6	0	1044936	1045057	519721	519842	3.33e-46	193
CP043556.1	CP046746.1	93.750	128	8	0	987895	988022	521252	521379	3.33e-46	193
CP043556.1	CP046746.1	95.122	123	5	1	1010068	1010189	521256	521378	3.33e-46	193
CP043556.1	CP046746.1	95.122	123	5	1	1030906	1031027	521256	521378	3.33e-46	193
CP043556.1	CP046746.1	95.122	123	5	1	1031519	1031640	521256	521378	3.33e-46	193
CP043556.1	CP046746.1	95.122	123	5	1	1036324	1036445	521256	521378	3.33e-46	193
CP043556.1	CP046746.1	95.122	123	5	1	1058411	1058532	521256	521378	3.33e-46	193
CP043556.1	CP046746.1	95.122	123	5	1	1067864	1067985	521256	521378	3.33e-46	193
CP043556.1	CP046746.1	95.122	123	5	1	1069393	1069514	521256	521378	3.33e-46	193
CP043556.1	CP046746.1	94.444	126	6	1	958253	958378	521959	521835	3.33e-46	193
CP043556.1	CP046746.1	94.400	125	7	0	1007141	1007265	521835	521959	3.33e-46	193
CP043556.1	CP046746.1	94.400	125	7	0	1009398	1009522	521835	521959	3.33e-46	193
CP043556.1	CP046746.1	95.082	122	6	0	987365	987486	521836	521957	3.33e-46	193
CP043556.1	CP046746.1	92.593	135	8	2	947703	947835	522397	522531	3.33e-46	193
CP043556.1	CP046746.1	93.750	128	8	0	989524	989651	522406	522533	3.33e-46	193
CP043556.1	CP046746.1	93.182	132	8	1	977997	978127	522539	522408	3.33e-46	193
CP043556.1	CP046746.1	93.798	129	7	1	1042048	1042176	522408	522535	3.33e-46	193
CP043556.1	CP046746.1	94.400	125	7	0	1067863	1067987	522409	522533	3.33e-46	193
CP043556.1	CP046746.1	92.029	138	9	2	1067028	1067165	522410	522545	3.33e-46	193
CP043556.1	CP046746.1	94.444	126	6	1	1033968	1034092	522410	522535	3.33e-46	193
CP043556.1	CP046746.1	94.444	126	6	1	1005171	1005296	522410	522534	3.33e-46	193
CP043556.1	CP046746.1	94.400	125	7	0	1007142	1007266	522410	522534	3.33e-46	193
CP043556.1	CP046746.1	95.122	123	4	2	1021935	1022056	522410	522531	3.33e-46	193
CP043556.1	CP046746.1	93.750	128	8	0	1002490	1002617	522853	522980	3.33e-46	193
CP043556.1	CP046746.1	94.400	125	7	0	1008862	1008986	522856	522980	3.33e-46	193
CP043556.1	CP046746.1	94.444	126	6	1	1018790	1018915	522856	522980	3.33e-46	193
CP043556.1	CP046746.1	94.444	126	6	1	1026673	1026798	522856	522980	3.33e-46	193
CP043556.1	CP046746.1	94.400	125	7	0	978003	978127	522981	522857	3.33e-46	193
CP043556.1	CP046746.1	94.400	125	7	0	1046763	1046887	522859	522983	3.33e-46	193
CP043556.1	CP046746.1	95.122	123	4	2	1033968	1034089	522859	522980	3.33e-46	193
CP043556.1	CP046746.1	93.182	132	7	2	956105	956235	524942	525072	3.33e-46	193
CP043556.1	CP046746.1	93.182	132	7	2	1069384	1069514	524942	525072	3.33e-46	193
CP043556.1	CP046746.1	93.846	130	5	3	1037889	1038017	524945	525072	3.33e-46	193
CP043556.1	CP046746.1	95.122	123	4	2	1056790	1056912	524952	525072	3.33e-46	193
CP043556.1	CP046746.1	94.444	126	6	1	958253	958378	526200	526076	3.33e-46	193
CP043556.1	CP046746.1	94.444	126	6	1	998916	999041	526077	526201	3.33e-46	193
CP043556.1	CP046746.1	95.122	123	5	1	1061175	1061297	526077	526198	3.33e-46	193
CP043556.1	CP046746.1	95.082	122	6	0	1068819	1068940	526077	526198	3.33e-46	193
CP043556.1	CP046746.1	94.444	126	6	1	979429	979554	527632	527508	3.33e-46	193
CP043556.1	CP046746.1	93.182	132	8	1	1004039	1004169	528215	528346	3.33e-46	193
CP043556.1	CP046746.1	93.798	129	6	2	967641	967768	528346	528219	3.33e-46	193
CP043556.1	CP046746.1	94.444	126	6	1	1002493	1002617	528221	528346	3.33e-46	193
CP043556.1	CP046746.1	94.400	125	7	0	966157	966281	528346	528222	3.33e-46	193
CP043556.1	CP046746.1	95.122	123	5	1	961888	962009	528346	528224	3.33e-46	193
CP043556.1	CP046746.1	95.122	123	5	1	1051929	1052050	528224	528346	3.33e-46	193
CP043556.1	CP046746.1	93.750	128	8	0	1014011	1014138	528940	529067	3.33e-46	193
CP043556.1	CP046746.1	94.400	125	7	0	988941	989065	528940	529064	3.33e-46	193
CP043556.1	CP046746.1	95.122	123	5	1	956114	956235	528940	529062	3.33e-46	193
CP043556.1	CP046746.1	95.122	123	5	1	987365	987486	528940	529062	3.33e-46	193
CP043556.1	CP046746.1	95.122	123	5	1	990284	990405	528940	529062	3.33e-46	193
CP043556.1	CP046746.1	95.122	123	5	1	991602	991723	528940	529062	3.33e-46	193
CP043556.1	CP046746.1	95.122	123	5	1	1003030	1003151	528940	529062	3.33e-46	193
CP043556.1	CP046746.1	95.122	123	5	1	1045596	1045717	528940	529062	3.33e-46	193
CP043556.1	CP046746.1	95.122	123	5	1	1051929	1052050	528940	529062	3.33e-46	193
CP043556.1	CP046746.1	94.444	126	6	1	1031517	1031641	529750	529875	3.33e-46	193
CP043556.1	CP046746.1	94.400	125	7	0	976714	976838	529874	529750	3.33e-46	193
CP043556.1	CP046746.1	94.400	125	7	0	983925	984049	529751	529875	3.33e-46	193
CP043556.1	CP046746.1	94.400	125	7	0	1042049	1042173	529751	529875	3.33e-46	193
CP043556.1	CP046746.1	95.122	123	5	1	991069	991190	529752	529874	3.33e-46	193
CP043556.1	CP046746.1	93.130	131	9	0	1067548	1067678	530318	530448	3.33e-46	193
CP043556.1	CP046746.1	94.400	125	7	0	978002	978126	530448	530324	3.33e-46	193
CP043556.1	CP046746.1	94.444	126	6	1	972577	972702	530448	530324	3.33e-46	193
CP043556.1	CP046746.1	94.444	126	6	1	946921	947046	530324	530448	3.33e-46	193
CP043556.1	CP046746.1	94.400	125	7	0	1062315	1062439	530324	530448	3.33e-46	193
CP043556.1	CP046746.1	95.122	123	4	2	948248	948369	530325	530446	3.33e-46	193
CP043556.1	CP046746.1	95.082	122	6	0	1051929	1052050	530325	530446	3.33e-46	193
CP043556.1	CP046746.1	94.444	126	6	1	1056788	1056913	531124	531248	3.33e-46	193
CP043556.1	CP046746.1	95.122	123	4	2	1001967	1002088	531126	531247	3.33e-46	193
CP043556.1	CP046746.1	94.400	125	7	0	976247	976371	533695	533571	3.33e-46	193
CP043556.1	CP046746.1	94.400	125	7	0	968368	968492	533695	533571	3.33e-46	193
CP043556.1	CP046746.1	93.798	129	6	2	983926	984053	533572	533699	3.33e-46	193
CP043556.1	CP046746.1	95.082	122	6	0	956114	956235	533572	533693	3.33e-46	193
CP043556.1	CP046746.1	95.082	122	6	0	987365	987486	533572	533693	3.33e-46	193
CP043556.1	CP046746.1	95.082	122	6	0	1032153	1032274	533572	533693	3.33e-46	193
CP043556.1	CP046746.1	95.082	122	6	0	1039763	1039884	533572	533693	3.33e-46	193
CP043556.1	CP046746.1	95.122	123	5	1	1056790	1056912	533572	533693	3.33e-46	193
CP043556.1	CP046746.1	91.971	137	11	0	1008320	1008456	534411	534547	3.33e-46	193
CP043556.1	CP046746.1	91.971	137	11	0	1054438	1054574	534411	534547	3.33e-46	193
CP043556.1	CP046746.1	92.593	135	8	2	1068811	1068944	534414	534547	3.33e-46	193
CP043556.1	CP046746.1	93.750	128	8	0	996976	997103	534419	534546	3.33e-46	193
CP043556.1	CP046746.1	94.400	125	7	0	977223	977347	534544	534420	3.33e-46	193
CP043556.1	CP046746.1	94.400	125	7	0	1031518	1031642	534421	534545	3.33e-46	193
CP043556.1	CP046746.1	94.400	125	7	0	974007	974131	534546	534422	3.33e-46	193
CP043556.1	CP046746.1	95.122	123	4	2	948248	948369	534422	534543	3.33e-46	193
CP043556.1	CP046746.1	91.549	142	9	3	973009	973150	535192	535054	3.33e-46	193
CP043556.1	CP046746.1	93.750	128	8	0	987361	987488	535067	535194	3.33e-46	193
CP043556.1	CP046746.1	94.444	126	6	1	1005168	1005293	535068	535192	3.33e-46	193
CP043556.1	CP046746.1	94.400	125	7	0	1008328	1008452	535068	535192	3.33e-46	193
CP043556.1	CP046746.1	94.400	125	7	0	1054446	1054570	535068	535192	3.33e-46	193
CP043556.1	CP046746.1	95.082	122	6	0	974010	974131	535192	535071	3.33e-46	193
CP043556.1	CP046746.1	95.082	122	6	0	995559	995680	535071	535192	3.33e-46	193
CP043556.1	CP046746.1	95.082	122	6	0	996979	997100	535071	535192	3.33e-46	193
CP043556.1	CP046746.1	95.082	122	6	0	1009399	1009520	535071	535192	3.33e-46	193
CP043556.1	CP046746.1	95.122	123	5	1	1026067	1026189	535071	535192	3.33e-46	193
CP043556.1	CP046746.1	95.122	123	5	1	1027846	1027968	535071	535192	3.33e-46	193
CP043556.1	CP046746.1	95.082	122	6	0	1044936	1045057	535071	535192	3.33e-46	193
CP043556.1	CP046746.1	94.400	125	7	0	960064	960188	536101	535977	3.33e-46	193
CP043556.1	CP046746.1	94.400	125	7	0	950088	950212	535977	536101	3.33e-46	193
CP043556.1	CP046746.1	95.122	123	5	1	1039763	1039884	535977	536099	3.33e-46	193
CP043556.1	CP046746.1	94.444	126	6	1	976247	976371	536720	536595	3.33e-46	193
CP043556.1	CP046746.1	94.444	126	6	1	968368	968492	536720	536595	3.33e-46	193
CP043556.1	CP046746.1	94.444	126	5	2	982752	982875	536595	536720	3.33e-46	193
CP043556.1	CP046746.1	93.750	128	8	0	996347	996474	536596	536723	3.33e-46	193
CP043556.1	CP046746.1	94.444	126	5	2	946922	947046	536596	536720	3.33e-46	193
CP043556.1	CP046746.1	95.122	123	5	1	971758	971879	536718	536596	3.33e-46	193
CP043556.1	CP046746.1	95.122	123	5	1	947714	947835	536596	536718	3.33e-46	193
CP043556.1	CP046746.1	95.122	123	5	1	1039763	1039884	536596	536718	3.33e-46	193
CP043556.1	CP046746.1	92.593	135	9	1	1030895	1031028	537069	537203	3.33e-46	193
CP043556.1	CP046746.1	93.798	129	7	1	993560	993687	537074	537202	3.33e-46	193
CP043556.1	CP046746.1	93.182	132	8	1	965579	965710	537205	537075	3.33e-46	193
CP043556.1	CP046746.1	93.798	129	7	1	1067025	1067152	537076	537204	3.33e-46	193
CP043556.1	CP046746.1	95.122	123	5	1	991069	991190	537080	537202	3.33e-46	193
CP043556.1	CP046746.1	95.122	123	5	1	1011280	1011401	537080	537202	3.33e-46	193
CP043556.1	CP046746.1	92.537	134	10	0	1061168	1061301	538044	538177	3.33e-46	193
CP043556.1	CP046746.1	94.444	126	6	1	997760	997884	538048	538173	3.33e-46	193
CP043556.1	CP046746.1	94.444	126	6	1	1043186	1043310	538048	538173	3.33e-46	193
CP043556.1	CP046746.1	94.444	126	6	1	1062313	1062437	538048	538173	3.33e-46	193
CP043556.1	CP046746.1	95.122	123	5	1	1043189	1043310	538612	538734	3.33e-46	193
CP043556.1	CP046746.1	92.647	136	7	3	1001956	1002089	539138	539272	3.33e-46	193
CP043556.1	CP046746.1	94.400	125	7	0	1014011	1014135	539149	539273	3.33e-46	193
CP043556.1	CP046746.1	95.122	123	5	1	971758	971879	539271	539149	3.33e-46	193
CP043556.1	CP046746.1	95.122	123	5	1	947714	947835	539149	539271	3.33e-46	193
CP043556.1	CP046746.1	95.122	123	5	1	956114	956235	539149	539271	3.33e-46	193
CP043556.1	CP046746.1	93.750	128	8	0	1014006	1014133	539764	539891	3.33e-46	193
CP043556.1	CP046746.1	93.798	129	6	2	975608	975735	539895	539768	3.33e-46	193
CP043556.1	CP046746.1	94.400	125	7	0	960065	960189	539892	539768	3.33e-46	193
CP043556.1	CP046746.1	94.400	125	7	0	950087	950211	539768	539892	3.33e-46	193
CP043556.1	CP046746.1	94.400	125	7	0	951913	952037	539768	539892	3.33e-46	193
CP043556.1	CP046746.1	94.400	125	7	0	1051170	1051294	539769	539893	3.33e-46	193
CP043556.1	CP046746.1	95.122	123	5	1	974010	974131	539891	539769	3.33e-46	193
CP043556.1	CP046746.1	95.122	123	5	1	951466	951587	539769	539891	3.33e-46	193
CP043556.1	CP046746.1	95.122	123	5	1	1009399	1009520	539769	539891	3.33e-46	193
CP043556.1	CP046746.1	95.122	123	5	1	1053000	1053121	539769	539891	3.33e-46	193
CP043556.1	CP046746.1	92.701	137	5	4	1018793	1018928	540306	540438	3.33e-46	193
CP043556.1	CP046746.1	95.161	124	3	3	1068819	1068941	540306	540427	3.33e-46	193
CP043556.1	CP046746.1	95.161	124	2	4	965582	965704	540426	540306	3.33e-46	193
CP043556.1	CP046746.1	93.750	128	8	0	1029861	1029988	540959	541086	3.33e-46	193
CP043556.1	CP046746.1	94.400	125	7	0	1035730	1035854	540959	541083	3.33e-46	193
CP043556.1	CP046746.1	94.444	126	6	1	989528	989652	540960	541085	3.33e-46	193
CP043556.1	CP046746.1	95.122	123	5	1	956114	956235	540960	541082	3.33e-46	193
CP043556.1	CP046746.1	95.122	123	5	1	987365	987486	540960	541082	3.33e-46	193
CP043556.1	CP046746.1	93.233	133	6	3	1061173	1061303	542566	542697	3.33e-46	193
CP043556.1	CP046746.1	91.489	141	11	1	1045595	1045734	542567	542707	3.33e-46	193
CP043556.1	CP046746.1	91.489	141	10	2	1008330	1008469	542567	542706	3.33e-46	193
CP043556.1	CP046746.1	93.798	129	6	2	946921	947048	542567	542694	3.33e-46	193
CP043556.1	CP046746.1	94.400	125	7	0	1064255	1064379	542567	542691	3.33e-46	193
CP043556.1	CP046746.1	94.444	126	6	1	1001967	1002091	542568	542693	3.33e-46	193
CP043556.1	CP046746.1	95.122	123	5	1	1003030	1003151	542568	542690	3.33e-46	193
CP043556.1	CP046746.1	93.798	129	7	1	397273	397401	845736	845609	3.33e-46	193
CP043556.1	CP046746.1	93.750	128	8	0	471946	472073	848136	848263	3.33e-46	193
CP043556.1	CP046746.1	93.077	130	9	0	686496	686625	20559	20688	1.20e-45	191
CP043556.1	CP046746.1	93.077	130	9	0	425832	425961	183948	183819	1.20e-45	191
CP043556.1	CP046746.1	93.701	127	8	0	148243	148369	183947	183821	1.20e-45	191
CP043556.1	CP046746.1	92.593	135	7	3	965582	965715	493235	493103	1.20e-45	191
CP043556.1	CP046746.1	92.593	135	7	2	1064244	1064378	493104	493235	1.20e-45	191
CP043556.1	CP046746.1	94.400	125	6	1	976714	976838	493235	493112	1.20e-45	191
CP043556.1	CP046746.1	93.750	128	7	1	1048718	1048845	493114	493240	1.20e-45	191
CP043556.1	CP046746.1	93.701	127	8	0	1034725	1034851	493616	493742	1.20e-45	191
CP043556.1	CP046746.1	94.355	124	7	0	1015389	1015512	493616	493739	1.20e-45	191
CP043556.1	CP046746.1	92.029	138	7	4	1001956	1002091	494143	494278	1.20e-45	191
CP043556.1	CP046746.1	93.750	128	7	1	988482	988608	495638	495765	1.20e-45	191
CP043556.1	CP046746.1	94.400	125	6	1	1046762	1046885	495640	495764	1.20e-45	191
CP043556.1	CP046746.1	93.750	128	6	2	1002496	1002621	495641	495768	1.20e-45	191
CP043556.1	CP046746.1	93.750	128	6	2	1050636	1050761	495641	495768	1.20e-45	191
CP043556.1	CP046746.1	94.400	125	5	2	970797	970919	495765	495641	1.20e-45	191
CP043556.1	CP046746.1	94.400	125	6	1	1024231	1024354	495641	495765	1.20e-45	191
CP043556.1	CP046746.1	94.400	125	5	2	967640	967763	495764	495641	1.20e-45	191
CP043556.1	CP046746.1	94.355	124	7	0	1014011	1014134	495641	495764	1.20e-45	191
CP043556.1	CP046746.1	94.355	124	7	0	1049458	1049581	495641	495764	1.20e-45	191
CP043556.1	CP046746.1	91.367	139	12	0	1018792	1018930	497428	497566	1.20e-45	191
CP043556.1	CP046746.1	94.400	125	6	1	971757	971880	497552	497428	1.20e-45	191
CP043556.1	CP046746.1	94.400	125	6	1	1068818	1068941	497428	497552	1.20e-45	191
CP043556.1	CP046746.1	94.355	124	7	0	972579	972702	497551	497428	1.20e-45	191
CP043556.1	CP046746.1	94.355	124	7	0	998915	999038	497428	497551	1.20e-45	191
CP043556.1	CP046746.1	94.355	124	7	0	1068335	1068458	497428	497551	1.20e-45	191
CP043556.1	CP046746.1	94.400	125	6	1	991069	991192	497429	497553	1.20e-45	191
CP043556.1	CP046746.1	94.400	125	6	1	1051929	1052052	497429	497553	1.20e-45	191
CP043556.1	CP046746.1	94.355	124	7	0	1015389	1015512	497429	497552	1.20e-45	191
CP043556.1	CP046746.1	92.537	134	9	1	1054971	1055103	498912	499045	1.20e-45	191
CP043556.1	CP046746.1	93.701	127	8	0	1010064	1010190	498916	499042	1.20e-45	191
CP043556.1	CP046746.1	94.400	125	6	1	974975	975099	499041	498918	1.20e-45	191
CP043556.1	CP046746.1	94.400	125	6	1	950086	950210	498918	499041	1.20e-45	191
CP043556.1	CP046746.1	94.355	124	7	0	1032151	1032274	498918	499041	1.20e-45	191
CP043556.1	CP046746.1	93.701	127	8	0	951466	951592	498920	499046	1.20e-45	191
CP043556.1	CP046746.1	94.355	124	7	0	995559	995682	498920	499043	1.20e-45	191
CP043556.1	CP046746.1	93.077	130	9	0	1056113	1056242	499543	499672	1.20e-45	191
CP043556.1	CP046746.1	93.750	128	7	1	993564	993690	499547	499674	1.20e-45	191
CP043556.1	CP046746.1	93.750	128	7	1	1012801	1012927	500299	500426	1.20e-45	191
CP043556.1	CP046746.1	93.701	127	8	0	1005854	1005980	500301	500427	1.20e-45	191
CP043556.1	CP046746.1	94.400	125	6	1	990282	990405	500302	500426	1.20e-45	191
CP043556.1	CP046746.1	90.476	147	11	3	944554	944697	500303	500449	1.20e-45	191
CP043556.1	CP046746.1	94.355	124	7	0	976714	976837	500426	500303	1.20e-45	191
CP043556.1	CP046746.1	94.355	124	7	0	1061174	1061297	500303	500426	1.20e-45	191
CP043556.1	CP046746.1	94.400	125	6	1	976247	976370	500428	500304	1.20e-45	191
CP043556.1	CP046746.1	93.750	128	7	1	946423	946550	500941	501067	1.20e-45	191
CP043556.1	CP046746.1	93.701	127	8	0	1024228	1024354	500941	501067	1.20e-45	191
CP043556.1	CP046746.1	93.701	127	8	0	1055585	1055711	500941	501067	1.20e-45	191
CP043556.1	CP046746.1	93.750	128	7	1	970795	970921	501069	500942	1.20e-45	191
CP043556.1	CP046746.1	94.400	125	6	1	1016476	1016600	500942	501065	1.20e-45	191
CP043556.1	CP046746.1	94.400	125	6	1	1056788	1056912	500942	501065	1.20e-45	191
CP043556.1	CP046746.1	94.355	124	7	0	1062950	1063073	500942	501065	1.20e-45	191
CP043556.1	CP046746.1	94.400	125	6	1	1023646	1023770	500944	501067	1.20e-45	191
CP043556.1	CP046746.1	94.400	125	6	1	1026067	1026191	500944	501067	1.20e-45	191
CP043556.1	CP046746.1	94.355	124	7	0	1044936	1045059	500944	501067	1.20e-45	191
CP043556.1	CP046746.1	89.103	156	13	3	950085	950240	501669	501820	1.20e-45	191
CP043556.1	CP046746.1	93.701	127	8	0	960064	960190	501796	501670	1.20e-45	191
CP043556.1	CP046746.1	94.355	124	7	0	1014010	1014133	501671	501794	1.20e-45	191
CP043556.1	CP046746.1	92.593	135	7	3	1039751	1039884	502292	502424	1.20e-45	191
CP043556.1	CP046746.1	94.355	124	7	0	978003	978126	504046	503923	1.20e-45	191
CP043556.1	CP046746.1	94.355	124	7	0	975612	975735	504046	503923	1.20e-45	191
CP043556.1	CP046746.1	94.400	125	6	1	998915	999039	503923	504046	1.20e-45	191
CP043556.1	CP046746.1	94.400	125	6	1	997762	997885	504509	504633	1.20e-45	191
CP043556.1	CP046746.1	94.400	125	6	1	1043188	1043311	504509	504633	1.20e-45	191
CP043556.1	CP046746.1	94.355	124	7	0	1016477	1016600	504509	504632	1.20e-45	191
CP043556.1	CP046746.1	94.355	124	7	0	1048255	1048378	504509	504632	1.20e-45	191
CP043556.1	CP046746.1	93.750	128	7	1	1067028	1067155	504510	504636	1.20e-45	191
CP043556.1	CP046746.1	94.400	125	6	1	995559	995682	504510	504634	1.20e-45	191
CP043556.1	CP046746.1	94.400	125	6	1	1013311	1013434	504510	504634	1.20e-45	191
CP043556.1	CP046746.1	94.355	124	7	0	1026067	1026190	504510	504633	1.20e-45	191
CP043556.1	CP046746.1	91.034	145	8	5	970791	970933	505258	505117	1.20e-45	191
CP043556.1	CP046746.1	92.537	134	8	2	993556	993688	505120	505252	1.20e-45	191
CP043556.1	CP046746.1	93.750	128	7	1	1014006	1014133	505125	505251	1.20e-45	191
CP043556.1	CP046746.1	94.400	125	5	2	989526	989649	505128	505251	1.20e-45	191
CP043556.1	CP046746.1	94.400	125	6	1	1049456	1049580	505128	505251	1.20e-45	191
CP043556.1	CP046746.1	93.798	129	5	3	975608	975735	505255	505129	1.20e-45	191
CP043556.1	CP046746.1	94.400	125	6	1	1026675	1026799	505129	505252	1.20e-45	191
CP043556.1	CP046746.1	94.400	125	5	2	1051929	1052052	505130	505253	1.20e-45	191
CP043556.1	CP046746.1	93.077	130	9	0	951459	951588	505661	505790	1.20e-45	191
CP043556.1	CP046746.1	93.750	128	7	1	979430	979557	505790	505664	1.20e-45	191
CP043556.1	CP046746.1	89.933	149	13	2	1040149	1040296	505665	505812	1.20e-45	191
CP043556.1	CP046746.1	94.355	124	7	0	974009	974132	505790	505667	1.20e-45	191
CP043556.1	CP046746.1	94.400	125	6	1	1030433	1030557	505667	505790	1.20e-45	191
CP043556.1	CP046746.1	89.933	149	13	2	1043189	1043336	505668	505815	1.20e-45	191
CP043556.1	CP046746.1	93.750	128	7	1	988941	989068	505668	505794	1.20e-45	191
CP043556.1	CP046746.1	92.481	133	10	0	956103	956235	506294	506426	1.20e-45	191
CP043556.1	CP046746.1	91.912	136	11	0	1024230	1024365	506304	506439	1.20e-45	191
CP043556.1	CP046746.1	94.355	124	7	0	1030905	1031028	506304	506427	1.20e-45	191
CP043556.1	CP046746.1	94.400	125	6	1	958253	958377	506428	506305	1.20e-45	191
CP043556.1	CP046746.1	94.400	125	6	1	1018291	1018415	506305	506428	1.20e-45	191
CP043556.1	CP046746.1	94.400	125	6	1	1026067	1026191	506305	506428	1.20e-45	191
CP043556.1	CP046746.1	93.750	128	7	1	966156	966283	507001	506875	1.20e-45	191
CP043556.1	CP046746.1	94.400	125	6	1	960066	960190	507000	506877	1.20e-45	191
CP043556.1	CP046746.1	94.355	124	7	0	987363	987486	506877	507000	1.20e-45	191
CP043556.1	CP046746.1	94.400	125	6	1	1016476	1016600	506877	507000	1.20e-45	191
CP043556.1	CP046746.1	94.355	124	7	0	1032151	1032274	506877	507000	1.20e-45	191
CP043556.1	CP046746.1	94.355	124	7	0	1039761	1039884	506877	507000	1.20e-45	191
CP043556.1	CP046746.1	91.429	140	10	2	1049442	1049581	507491	507628	1.20e-45	191
CP043556.1	CP046746.1	91.971	137	10	1	1032138	1032274	507492	507627	1.20e-45	191
CP043556.1	CP046746.1	92.537	134	9	1	983925	984058	507505	507637	1.20e-45	191
CP043556.1	CP046746.1	94.355	124	7	0	977223	977346	507628	507505	1.20e-45	191
CP043556.1	CP046746.1	94.400	125	6	1	967640	967764	507628	507505	1.20e-45	191
CP043556.1	CP046746.1	94.400	125	6	1	1064255	1064379	507505	507628	1.20e-45	191
CP043556.1	CP046746.1	94.355	124	7	0	1069392	1069515	507505	507628	1.20e-45	191
CP043556.1	CP046746.1	94.400	125	6	1	963245	963368	507630	507506	1.20e-45	191
CP043556.1	CP046746.1	94.400	125	6	1	979429	979553	507629	507506	1.20e-45	191
CP043556.1	CP046746.1	90.000	150	12	3	1055585	1055732	508142	508290	1.20e-45	191
CP043556.1	CP046746.1	94.400	125	6	1	988939	989063	508143	508266	1.20e-45	191
CP043556.1	CP046746.1	91.489	141	9	3	1061174	1061313	508144	508282	1.20e-45	191
CP043556.1	CP046746.1	94.355	124	7	0	1037047	1037170	508144	508267	1.20e-45	191
CP043556.1	CP046746.1	94.400	125	6	1	1066408	1066532	508144	508267	1.20e-45	191
CP043556.1	CP046746.1	92.593	135	7	3	952645	952777	508724	508857	1.20e-45	191
CP043556.1	CP046746.1	94.400	125	6	1	1056118	1056242	508736	508859	1.20e-45	191
CP043556.1	CP046746.1	92.537	134	9	1	977999	978132	509999	509867	1.20e-45	191
CP043556.1	CP046746.1	90.411	146	13	1	1001963	1002107	509869	510014	1.20e-45	191
CP043556.1	CP046746.1	93.750	128	6	2	979431	979557	509995	509869	1.20e-45	191
CP043556.1	CP046746.1	93.701	127	8	0	1007137	1007263	509869	509995	1.20e-45	191
CP043556.1	CP046746.1	93.130	131	7	2	1042047	1042177	509871	509999	1.20e-45	191
CP043556.1	CP046746.1	93.750	128	6	2	1050050	1050177	509873	509998	1.20e-45	191
CP043556.1	CP046746.1	94.400	125	6	1	1061174	1061298	509873	509996	1.20e-45	191
CP043556.1	CP046746.1	93.750	128	7	1	977223	977350	510528	510402	1.20e-45	191
CP043556.1	CP046746.1	93.750	128	6	2	1010735	1010862	510402	510527	1.20e-45	191
CP043556.1	CP046746.1	94.355	124	7	0	975611	975734	510529	510406	1.20e-45	191
CP043556.1	CP046746.1	94.400	125	6	1	998916	999040	510406	510529	1.20e-45	191
CP043556.1	CP046746.1	93.077	130	9	0	1024223	1024352	511083	511212	1.20e-45	191
CP043556.1	CP046746.1	94.355	124	7	0	1030904	1031027	511089	511212	1.20e-45	191
CP043556.1	CP046746.1	93.750	128	7	1	1067863	1067990	511090	511216	1.20e-45	191
CP043556.1	CP046746.1	93.750	128	6	2	1030434	1030561	511091	511216	1.20e-45	191
CP043556.1	CP046746.1	95.082	122	5	1	963248	963368	511212	511091	1.20e-45	191
CP043556.1	CP046746.1	92.593	135	7	3	1023637	1023770	511616	511748	1.20e-45	191
CP043556.1	CP046746.1	93.130	131	8	1	961885	962015	511749	511620	1.20e-45	191
CP043556.1	CP046746.1	93.750	128	6	2	950083	950210	511621	511746	1.20e-45	191
CP043556.1	CP046746.1	94.355	124	7	0	1033966	1034089	511623	511746	1.20e-45	191
CP043556.1	CP046746.1	94.355	124	7	0	1046762	1046885	511624	511747	1.20e-45	191
CP043556.1	CP046746.1	94.400	125	6	1	972577	972701	511748	511625	1.20e-45	191
CP043556.1	CP046746.1	94.400	125	6	1	966155	966279	511748	511625	1.20e-45	191
CP043556.1	CP046746.1	94.400	125	6	1	944555	944679	511625	511748	1.20e-45	191
CP043556.1	CP046746.1	94.400	125	6	1	983926	984050	511625	511748	1.20e-45	191
CP043556.1	CP046746.1	94.400	125	6	1	1042050	1042174	511625	511748	1.20e-45	191
CP043556.1	CP046746.1	94.355	124	7	0	1067555	1067678	511625	511748	1.20e-45	191
CP043556.1	CP046746.1	92.537	134	9	1	1006570	1006703	512229	512361	1.20e-45	191
CP043556.1	CP046746.1	94.400	125	6	1	965582	965706	512361	512238	1.20e-45	191
CP043556.1	CP046746.1	94.400	125	6	1	960066	960190	512361	512238	1.20e-45	191
CP043556.1	CP046746.1	94.355	124	7	0	997761	997884	512238	512361	1.20e-45	191
CP043556.1	CP046746.1	94.400	125	6	1	1018791	1018915	512238	512361	1.20e-45	191
CP043556.1	CP046746.1	94.355	124	7	0	1025531	1025654	512238	512361	1.20e-45	191
CP043556.1	CP046746.1	91.489	141	8	3	1063760	1063897	512240	512379	1.20e-45	191
CP043556.1	CP046746.1	94.400	125	6	1	990284	990407	513145	513269	1.20e-45	191
CP043556.1	CP046746.1	94.400	125	6	1	991069	991192	513145	513269	1.20e-45	191
CP043556.1	CP046746.1	94.355	124	7	0	960065	960188	513268	513145	1.20e-45	191
CP043556.1	CP046746.1	94.355	124	7	0	1029862	1029985	513145	513268	1.20e-45	191
CP043556.1	CP046746.1	92.537	134	8	2	1021934	1022065	513819	513952	1.20e-45	191
CP043556.1	CP046746.1	94.355	124	7	0	1035730	1035853	513819	513942	1.20e-45	191
CP043556.1	CP046746.1	94.355	124	7	0	1048256	1048379	513820	513943	1.20e-45	191
CP043556.1	CP046746.1	93.130	131	7	2	974968	975097	514845	514716	1.20e-45	191
CP043556.1	CP046746.1	94.400	125	6	1	999554	999678	514716	514839	1.20e-45	191
CP043556.1	CP046746.1	93.077	130	9	0	965113	965242	515476	515347	1.20e-45	191
CP043556.1	CP046746.1	93.701	127	8	0	1008326	1008452	515348	515474	1.20e-45	191
CP043556.1	CP046746.1	93.750	128	6	2	1018287	1018413	515348	515474	1.20e-45	191
CP043556.1	CP046746.1	93.701	127	8	0	1054444	1054570	515348	515474	1.20e-45	191
CP043556.1	CP046746.1	94.355	124	7	0	973009	973132	515474	515351	1.20e-45	191
CP043556.1	CP046746.1	94.400	125	6	1	972579	972703	515474	515351	1.20e-45	191
CP043556.1	CP046746.1	94.400	125	6	1	965582	965706	515474	515351	1.20e-45	191
CP043556.1	CP046746.1	94.355	124	7	0	1037047	1037170	515352	515475	1.20e-45	191
CP043556.1	CP046746.1	94.400	125	6	1	952655	952779	515353	515476	1.20e-45	191
CP043556.1	CP046746.1	94.400	125	6	1	1036323	1036446	516606	516730	1.20e-45	191
CP043556.1	CP046746.1	94.355	124	7	0	1070303	1070426	516606	516729	1.20e-45	191
CP043556.1	CP046746.1	94.400	125	6	1	1044936	1045059	516607	516731	1.20e-45	191
CP043556.1	CP046746.1	93.130	131	7	2	1056112	1056242	517274	517402	1.20e-45	191
CP043556.1	CP046746.1	92.537	134	9	1	1042048	1042181	517277	517409	1.20e-45	191
CP043556.1	CP046746.1	94.355	124	7	0	984562	984685	517277	517400	1.20e-45	191
CP043556.1	CP046746.1	94.400	125	6	1	993563	993687	517277	517400	1.20e-45	191
CP043556.1	CP046746.1	94.400	125	6	1	1026674	1026798	517277	517400	1.20e-45	191
CP043556.1	CP046746.1	94.400	125	6	1	1048254	1048378	517277	517400	1.20e-45	191
CP043556.1	CP046746.1	94.400	125	6	1	1014010	1014134	517278	517401	1.20e-45	191
CP043556.1	CP046746.1	93.130	131	7	2	987899	988028	517279	517408	1.20e-45	191
CP043556.1	CP046746.1	94.400	125	6	1	994241	994365	517279	517402	1.20e-45	191
CP043556.1	CP046746.1	94.355	124	7	0	1044936	1045059	517279	517402	1.20e-45	191
CP043556.1	CP046746.1	93.750	128	6	2	948244	948369	517911	518038	1.20e-45	191
CP043556.1	CP046746.1	94.400	125	6	1	971758	971881	518038	517914	1.20e-45	191
CP043556.1	CP046746.1	94.400	125	6	1	947712	947835	517914	518038	1.20e-45	191
CP043556.1	CP046746.1	94.400	125	6	1	984562	984685	517914	518038	1.20e-45	191
CP043556.1	CP046746.1	94.400	125	6	1	987363	987486	517914	518038	1.20e-45	191
CP043556.1	CP046746.1	94.400	125	6	1	1032151	1032274	517914	518038	1.20e-45	191
CP043556.1	CP046746.1	94.400	125	6	1	1039761	1039884	517914	518038	1.20e-45	191
CP043556.1	CP046746.1	94.400	125	6	1	1045594	1045717	517914	518038	1.20e-45	191
CP043556.1	CP046746.1	94.355	124	7	0	1027846	1027969	517916	518039	1.20e-45	191
CP043556.1	CP046746.1	93.130	131	8	1	1012797	1012927	518508	518637	1.20e-45	191
CP043556.1	CP046746.1	93.750	128	7	1	1067862	1067988	518513	518640	1.20e-45	191
CP043556.1	CP046746.1	93.701	127	8	0	1050049	1050175	518513	518639	1.20e-45	191
CP043556.1	CP046746.1	94.400	125	6	1	1037046	1037169	518513	518637	1.20e-45	191
CP043556.1	CP046746.1	93.750	128	7	1	953652	953778	518514	518641	1.20e-45	191
CP043556.1	CP046746.1	94.355	124	7	0	1048255	1048378	518514	518637	1.20e-45	191
CP043556.1	CP046746.1	93.182	132	6	3	1033968	1034098	518515	518644	1.20e-45	191
CP043556.1	CP046746.1	94.400	125	6	1	1044936	1045059	518515	518639	1.20e-45	191
CP043556.1	CP046746.1	92.593	135	7	3	965582	965715	519842	519710	1.20e-45	191
CP043556.1	CP046746.1	94.400	125	6	1	966934	967058	519842	519719	1.20e-45	191
CP043556.1	CP046746.1	94.355	124	7	0	963780	963903	519843	519720	1.20e-45	191
CP043556.1	CP046746.1	94.355	124	7	0	962717	962840	519843	519720	1.20e-45	191
CP043556.1	CP046746.1	94.400	125	6	1	1015389	1015513	519721	519844	1.20e-45	191
CP043556.1	CP046746.1	94.400	125	6	1	1029862	1029986	519721	519844	1.20e-45	191
CP043556.1	CP046746.1	95.082	122	5	1	963248	963368	519842	519721	1.20e-45	191
CP043556.1	CP046746.1	94.400	125	6	1	1033967	1034090	521255	521379	1.20e-45	191
CP043556.1	CP046746.1	94.355	124	7	0	1066409	1066532	521256	521379	1.20e-45	191
CP043556.1	CP046746.1	94.400	125	6	1	983926	984050	521836	521959	1.20e-45	191
CP043556.1	CP046746.1	94.355	124	7	0	989528	989651	521836	521959	1.20e-45	191
CP043556.1	CP046746.1	93.750	128	7	1	970797	970923	522533	522406	1.20e-45	191
CP043556.1	CP046746.1	91.429	140	10	2	1054447	1054586	522408	522545	1.20e-45	191
CP043556.1	CP046746.1	93.750	128	7	1	971755	971881	522535	522408	1.20e-45	191
CP043556.1	CP046746.1	93.701	127	8	0	955340	955466	522408	522534	1.20e-45	191
CP043556.1	CP046746.1	94.400	125	6	1	950086	950210	522408	522531	1.20e-45	191
CP043556.1	CP046746.1	94.400	125	6	1	951912	952036	522408	522531	1.20e-45	191
CP043556.1	CP046746.1	94.355	124	7	0	1008863	1008986	522408	522531	1.20e-45	191
CP043556.1	CP046746.1	92.029	138	8	3	963232	963368	522545	522410	1.20e-45	191
CP043556.1	CP046746.1	93.130	131	7	2	1063760	1063890	522410	522538	1.20e-45	191
CP043556.1	CP046746.1	93.750	128	6	2	1063757	1063883	522855	522981	1.20e-45	191
CP043556.1	CP046746.1	93.750	128	7	1	1048715	1048842	522856	522982	1.20e-45	191
CP043556.1	CP046746.1	94.400	125	6	1	1056788	1056912	522857	522980	1.20e-45	191
CP043556.1	CP046746.1	94.400	125	6	1	966933	967057	522981	522858	1.20e-45	191
CP043556.1	CP046746.1	94.400	125	6	1	944554	944678	522858	522981	1.20e-45	191
CP043556.1	CP046746.1	94.355	124	7	0	989527	989650	522858	522981	1.20e-45	191
CP043556.1	CP046746.1	94.355	124	7	0	1067863	1067986	522858	522981	1.20e-45	191
CP043556.1	CP046746.1	94.355	124	7	0	995559	995682	522859	522982	1.20e-45	191
CP043556.1	CP046746.1	91.489	141	9	3	1064242	1064382	524939	525076	1.20e-45	191
CP043556.1	CP046746.1	92.593	135	7	3	948237	948370	524941	525073	1.20e-45	191
CP043556.1	CP046746.1	92.593	135	6	4	1026056	1026189	524941	525072	1.20e-45	191
CP043556.1	CP046746.1	95.082	122	4	2	970799	970919	525072	524952	1.20e-45	191
CP043556.1	CP046746.1	95.082	122	5	1	1032153	1032274	524952	525072	1.20e-45	191
CP043556.1	CP046746.1	95.082	122	5	1	1036324	1036445	524952	525072	1.20e-45	191
CP043556.1	CP046746.1	95.082	122	5	1	1058411	1058532	524952	525072	1.20e-45	191
CP043556.1	CP046746.1	92.593	135	7	3	1023637	1023770	526068	526200	1.20e-45	191
CP043556.1	CP046746.1	93.750	128	7	1	1030901	1031028	526073	526199	1.20e-45	191
CP043556.1	CP046746.1	93.750	128	6	2	950083	950210	526073	526198	1.20e-45	191
CP043556.1	CP046746.1	93.750	128	6	2	1057727	1057853	526074	526200	1.20e-45	191
CP043556.1	CP046746.1	94.355	124	7	0	1051927	1052050	526075	526198	1.20e-45	191
CP043556.1	CP046746.1	94.355	124	7	0	1046762	1046885	526076	526199	1.20e-45	191
CP043556.1	CP046746.1	94.355	124	7	0	973007	973130	526200	526077	1.20e-45	191
CP043556.1	CP046746.1	94.355	124	7	0	997763	997886	526077	526200	1.20e-45	191
CP043556.1	CP046746.1	94.355	124	7	0	1008331	1008454	526077	526200	1.20e-45	191
CP043556.1	CP046746.1	94.355	124	7	0	1054449	1054572	526077	526200	1.20e-45	191
CP043556.1	CP046746.1	93.130	131	7	2	1042042	1042172	526711	526839	1.20e-45	191
CP043556.1	CP046746.1	94.400	125	6	1	1021935	1022059	526719	526842	1.20e-45	191
CP043556.1	CP046746.1	95.082	122	5	1	1061807	1061928	526719	526839	1.20e-45	191
CP043556.1	CP046746.1	92.593	135	7	3	970799	970931	528346	528213	1.20e-45	191
CP043556.1	CP046746.1	92.537	134	9	1	1070293	1070426	528214	528346	1.20e-45	191
CP043556.1	CP046746.1	94.400	125	6	1	1032151	1032274	528222	528346	1.20e-45	191
CP043556.1	CP046746.1	94.400	125	6	1	1062950	1063073	528222	528346	1.20e-45	191
CP043556.1	CP046746.1	94.400	125	6	1	1067553	1067676	528222	528346	1.20e-45	191
CP043556.1	CP046746.1	94.355	124	7	0	1050050	1050173	528223	528346	1.20e-45	191
CP043556.1	CP046746.1	94.355	124	7	0	1061174	1061297	528223	528346	1.20e-45	191
CP043556.1	CP046746.1	94.355	124	7	0	1066408	1066531	528223	528346	1.20e-45	191
CP043556.1	CP046746.1	93.701	127	8	0	944552	944678	528937	529063	1.20e-45	191
CP043556.1	CP046746.1	94.400	125	6	1	977222	977345	529064	528940	1.20e-45	191
CP043556.1	CP046746.1	94.400	125	6	1	1013311	1013434	528940	529064	1.20e-45	191
CP043556.1	CP046746.1	94.355	124	7	0	965581	965704	529063	528940	1.20e-45	191
CP043556.1	CP046746.1	94.355	124	7	0	964310	964433	529063	528940	1.20e-45	191
CP043556.1	CP046746.1	94.355	124	7	0	958254	958377	529063	528940	1.20e-45	191
CP043556.1	CP046746.1	94.355	124	7	0	999554	999677	528940	529063	1.20e-45	191
CP043556.1	CP046746.1	94.355	124	7	0	1005171	1005294	528940	529063	1.20e-45	191
CP043556.1	CP046746.1	94.355	124	7	0	1023646	1023769	528940	529063	1.20e-45	191
CP043556.1	CP046746.1	94.355	124	7	0	1056118	1056241	528940	529063	1.20e-45	191
CP043556.1	CP046746.1	91.367	139	12	0	1048240	1048378	529736	529874	1.20e-45	191
CP043556.1	CP046746.1	92.537	134	9	1	1016468	1016600	529741	529874	1.20e-45	191
CP043556.1	CP046746.1	93.130	131	7	2	967639	967768	529876	529747	1.20e-45	191
CP043556.1	CP046746.1	93.701	127	8	0	966933	967059	529875	529749	1.20e-45	191
CP043556.1	CP046746.1	94.400	125	6	1	975612	975735	529875	529751	1.20e-45	191
CP043556.1	CP046746.1	94.400	125	6	1	973008	973131	529875	529751	1.20e-45	191
CP043556.1	CP046746.1	94.400	125	6	1	1008330	1008453	529751	529875	1.20e-45	191
CP043556.1	CP046746.1	94.400	125	6	1	1054448	1054571	529751	529875	1.20e-45	191
CP043556.1	CP046746.1	94.355	124	7	0	1010739	1010862	529751	529874	1.20e-45	191
CP043556.1	CP046746.1	94.355	124	7	0	1026675	1026798	529751	529874	1.20e-45	191
CP043556.1	CP046746.1	94.355	124	7	0	946426	946549	529752	529875	1.20e-45	191
CP043556.1	CP046746.1	94.355	124	7	0	1026067	1026190	529752	529875	1.20e-45	191
CP043556.1	CP046746.1	94.355	124	7	0	1030434	1030557	529752	529875	1.20e-45	191
CP043556.1	CP046746.1	94.355	124	7	0	1067028	1067151	529752	529875	1.20e-45	191
CP043556.1	CP046746.1	93.130	131	8	1	1067858	1067987	530318	530448	1.20e-45	191
CP043556.1	CP046746.1	93.750	128	7	1	970797	970923	530448	530321	1.20e-45	191
CP043556.1	CP046746.1	93.750	128	7	1	1014007	1014134	530321	530447	1.20e-45	191
CP043556.1	CP046746.1	93.750	128	7	1	961247	961374	530450	530324	1.20e-45	191
CP043556.1	CP046746.1	94.355	124	7	0	977223	977346	530447	530324	1.20e-45	191
CP043556.1	CP046746.1	94.400	125	6	1	967640	967764	530447	530324	1.20e-45	191
CP043556.1	CP046746.1	94.355	124	7	0	1069392	1069515	530324	530447	1.20e-45	191
CP043556.1	CP046746.1	94.400	125	6	1	979429	979553	530448	530325	1.20e-45	191
CP043556.1	CP046746.1	94.400	125	6	1	958253	958377	530448	530325	1.20e-45	191
CP043556.1	CP046746.1	94.355	124	7	0	951466	951589	530325	530448	1.20e-45	191
CP043556.1	CP046746.1	94.400	125	6	1	1018291	1018415	530325	530448	1.20e-45	191
CP043556.1	CP046746.1	94.355	124	7	0	1044936	1045059	530325	530448	1.20e-45	191
CP043556.1	CP046746.1	92.029	138	8	3	1024229	1024364	531124	531260	1.20e-45	191
CP043556.1	CP046746.1	94.400	125	5	2	955340	955463	531124	531247	1.20e-45	191
CP043556.1	CP046746.1	93.701	127	8	0	989525	989651	533569	533695	1.20e-45	191
CP043556.1	CP046746.1	93.701	127	8	0	1031516	1031642	533569	533695	1.20e-45	191
CP043556.1	CP046746.1	93.130	131	8	1	1010063	1010192	534416	534546	1.20e-45	191
CP043556.1	CP046746.1	93.750	128	7	1	984559	984685	534416	534543	1.20e-45	191
CP043556.1	CP046746.1	93.130	131	7	2	1005168	1005297	534418	534547	1.20e-45	191
CP043556.1	CP046746.1	93.130	131	8	1	956112	956241	534420	534550	1.20e-45	191
CP043556.1	CP046746.1	93.750	128	7	1	965579	965706	534546	534420	1.20e-45	191
CP043556.1	CP046746.1	94.400	125	6	1	974975	975099	534543	534420	1.20e-45	191
CP043556.1	CP046746.1	94.400	125	6	1	950086	950210	534420	534543	1.20e-45	191
CP043556.1	CP046746.1	94.400	125	6	1	951912	952036	534420	534543	1.20e-45	191
CP043556.1	CP046746.1	94.355	124	7	0	1036323	1036446	534421	534544	1.20e-45	191
CP043556.1	CP046746.1	93.077	130	9	0	1025527	1025656	535065	535194	1.20e-45	191
CP043556.1	CP046746.1	93.701	127	8	0	984560	984686	535067	535193	1.20e-45	191
CP043556.1	CP046746.1	93.750	128	7	1	1026672	1026799	535067	535193	1.20e-45	191
CP043556.1	CP046746.1	93.701	127	8	0	1050632	1050758	535067	535193	1.20e-45	191
CP043556.1	CP046746.1	93.701	127	8	0	965113	965239	535194	535068	1.20e-45	191
CP043556.1	CP046746.1	94.355	124	7	0	975613	975736	535192	535069	1.20e-45	191
CP043556.1	CP046746.1	94.400	125	6	1	961251	961375	535192	535069	1.20e-45	191
CP043556.1	CP046746.1	93.750	128	6	2	966930	967057	535195	535070	1.20e-45	191
CP043556.1	CP046746.1	94.355	124	7	0	1006581	1006704	535070	535193	1.20e-45	191
CP043556.1	CP046746.1	94.400	125	6	1	952655	952779	535071	535194	1.20e-45	191
CP043556.1	CP046746.1	94.355	124	7	0	1021935	1022058	535071	535194	1.20e-45	191
CP043556.1	CP046746.1	94.400	125	6	1	1034725	1034849	535071	535194	1.20e-45	191
CP043556.1	CP046746.1	95.082	122	5	1	963248	963368	535192	535071	1.20e-45	191
CP043556.1	CP046746.1	92.537	134	8	2	1037038	1037170	535968	536100	1.20e-45	191
CP043556.1	CP046746.1	93.750	128	6	2	990280	990406	535974	536100	1.20e-45	191
CP043556.1	CP046746.1	94.400	125	6	1	948246	948369	535975	536099	1.20e-45	191
CP043556.1	CP046746.1	91.429	140	11	1	1001966	1002104	535976	536115	1.20e-45	191
CP043556.1	CP046746.1	94.355	124	7	0	1030433	1030556	535976	536099	1.20e-45	191
CP043556.1	CP046746.1	94.355	124	7	0	951914	952037	535977	536100	1.20e-45	191
CP043556.1	CP046746.1	93.077	130	9	0	988935	989064	536590	536719	1.20e-45	191
CP043556.1	CP046746.1	93.701	127	8	0	1005169	1005295	536594	536720	1.20e-45	191
CP043556.1	CP046746.1	94.400	125	6	1	1040152	1040275	536596	536720	1.20e-45	191
CP043556.1	CP046746.1	94.400	125	6	1	1043189	1043312	536596	536720	1.20e-45	191
CP043556.1	CP046746.1	94.400	125	6	1	1062316	1062439	536596	536720	1.20e-45	191
CP043556.1	CP046746.1	94.355	124	7	0	1005857	1005980	536596	536719	1.20e-45	191
CP043556.1	CP046746.1	91.971	137	10	1	978001	978136	537205	537069	1.20e-45	191
CP043556.1	CP046746.1	93.130	131	7	2	953647	953776	537075	537204	1.20e-45	191
CP043556.1	CP046746.1	93.750	128	7	1	1067553	1067679	537078	537205	1.20e-45	191
CP043556.1	CP046746.1	94.400	125	6	1	965115	965238	537202	537078	1.20e-45	191
CP043556.1	CP046746.1	94.400	125	6	1	990282	990405	537078	537202	1.20e-45	191
CP043556.1	CP046746.1	94.400	125	6	1	1045594	1045717	537078	537202	1.20e-45	191
CP043556.1	CP046746.1	94.400	125	6	1	1050634	1050757	537078	537202	1.20e-45	191
CP043556.1	CP046746.1	94.400	125	6	1	1036323	1036446	537079	537203	1.20e-45	191
CP043556.1	CP046746.1	94.355	124	7	0	1070303	1070426	537079	537202	1.20e-45	191
CP043556.1	CP046746.1	94.400	125	6	1	976247	976370	537204	537080	1.20e-45	191
CP043556.1	CP046746.1	94.400	125	6	1	968368	968491	537204	537080	1.20e-45	191
CP043556.1	CP046746.1	94.400	125	6	1	961886	962009	537204	537080	1.20e-45	191
CP043556.1	CP046746.1	94.400	125	5	2	982753	982875	537080	537204	1.20e-45	191
CP043556.1	CP046746.1	94.355	124	7	0	1048718	1048841	537080	537203	1.20e-45	191
CP043556.1	CP046746.1	93.701	127	8	0	972579	972705	538173	538047	1.20e-45	191
CP043556.1	CP046746.1	93.750	128	7	1	984561	984687	538048	538175	1.20e-45	191
CP043556.1	CP046746.1	93.701	127	8	0	1018790	1018916	538048	538174	1.20e-45	191
CP043556.1	CP046746.1	94.355	124	7	0	952655	952778	538051	538174	1.20e-45	191
CP043556.1	CP046746.1	94.400	125	6	1	974010	974133	538734	538610	1.20e-45	191
CP043556.1	CP046746.1	94.355	124	7	0	1027845	1027968	538611	538734	1.20e-45	191
CP043556.1	CP046746.1	94.355	124	7	0	1035730	1035853	538611	538734	1.20e-45	191
CP043556.1	CP046746.1	93.750	128	7	1	998916	999043	538612	538738	1.20e-45	191
CP043556.1	CP046746.1	92.537	134	8	2	1023637	1023769	539140	539272	1.20e-45	191
CP043556.1	CP046746.1	93.130	131	8	1	951459	951588	539142	539272	1.20e-45	191
CP043556.1	CP046746.1	93.130	131	8	1	1007135	1007264	539142	539272	1.20e-45	191
CP043556.1	CP046746.1	93.701	127	8	0	1012801	1012927	539145	539271	1.20e-45	191
CP043556.1	CP046746.1	93.750	128	6	2	1062947	1063073	539145	539271	1.20e-45	191
CP043556.1	CP046746.1	94.400	125	6	1	1033966	1034089	539147	539271	1.20e-45	191
CP043556.1	CP046746.1	94.355	124	7	0	998916	999039	539149	539272	1.20e-45	191
CP043556.1	CP046746.1	91.429	140	11	1	1048240	1048379	539754	539892	1.20e-45	191
CP043556.1	CP046746.1	94.400	125	6	1	1036322	1036445	539767	539891	1.20e-45	191
CP043556.1	CP046746.1	93.750	128	6	2	976244	976370	539895	539769	1.20e-45	191
CP043556.1	CP046746.1	94.355	124	7	0	969044	969167	539892	539769	1.20e-45	191
CP043556.1	CP046746.1	94.355	124	7	0	1046131	1046254	539769	539892	1.20e-45	191
CP043556.1	CP046746.1	94.444	126	4	3	1057727	1057851	540303	540426	1.20e-45	191
CP043556.1	CP046746.1	93.130	131	8	1	1037887	1038017	540953	541082	1.20e-45	191
CP043556.1	CP046746.1	93.701	127	8	0	1030433	1030559	540959	541085	1.20e-45	191
CP043556.1	CP046746.1	92.593	135	7	3	970788	970919	541094	540960	1.20e-45	191
CP043556.1	CP046746.1	93.130	131	8	1	1056790	1056919	540960	541090	1.20e-45	191
CP043556.1	CP046746.1	93.701	127	8	0	1070300	1070426	542564	542690	1.20e-45	191
CP043556.1	CP046746.1	90.909	143	12	1	1043188	1043329	542567	542709	1.20e-45	191
CP043556.1	CP046746.1	94.400	125	6	1	1069392	1069515	542567	542691	1.20e-45	191
CP043556.1	CP046746.1	94.355	124	7	0	950087	950210	542567	542690	1.20e-45	191
CP043556.1	CP046746.1	94.355	124	7	0	951913	952036	542567	542690	1.20e-45	191
CP043556.1	CP046746.1	94.355	124	7	0	1026675	1026798	542567	542690	1.20e-45	191
CP043556.1	CP046746.1	94.400	125	6	1	976247	976370	542692	542568	1.20e-45	191
CP043556.1	CP046746.1	94.355	124	7	0	1035731	1035854	542568	542691	1.20e-45	191
CP043556.1	CP046746.1	91.429	140	11	1	883415	883553	848274	848135	1.20e-45	191
CP043556.1	CP046746.1	91.912	136	9	2	515293	515426	310657	310522	4.30e-45	189
CP043556.1	CP046746.1	95.000	120	6	0	924423	924542	310529	310648	4.30e-45	189
CP043556.1	CP046746.1	93.023	129	9	0	883424	883552	327389	327517	4.30e-45	189
CP043556.1	CP046746.1	91.971	137	7	4	956101	956235	493101	493235	4.30e-45	189
CP043556.1	CP046746.1	94.355	124	5	2	971758	971880	493235	493113	4.30e-45	189
CP043556.1	CP046746.1	94.355	124	5	2	947713	947835	493113	493235	4.30e-45	189
CP043556.1	CP046746.1	94.355	124	5	2	990283	990405	493113	493235	4.30e-45	189
CP043556.1	CP046746.1	94.355	124	6	1	1018792	1018915	493113	493235	4.30e-45	189
CP043556.1	CP046746.1	94.355	124	5	2	1030905	1031027	493113	493235	4.30e-45	189
CP043556.1	CP046746.1	94.309	123	7	0	946426	946548	493616	493738	4.30e-45	189
CP043556.1	CP046746.1	94.309	123	7	0	1018291	1018413	493616	493738	4.30e-45	189
CP043556.1	CP046746.1	93.077	130	7	2	1062316	1062444	494154	494282	4.30e-45	189
CP043556.1	CP046746.1	93.077	130	8	1	1040149	1040277	495638	495767	4.30e-45	189
CP043556.1	CP046746.1	93.701	127	6	2	1037048	1037172	495641	495767	4.30e-45	189
CP043556.1	CP046746.1	93.651	126	8	0	1068336	1068461	495641	495766	4.30e-45	189
CP043556.1	CP046746.1	94.309	123	7	0	1061175	1061297	495641	495763	4.30e-45	189
CP043556.1	CP046746.1	94.309	123	7	0	994889	995011	496728	496850	4.30e-45	189
CP043556.1	CP046746.1	94.309	123	7	0	1029325	1029447	496728	496850	4.30e-45	189
CP043556.1	CP046746.1	93.701	127	6	2	970799	970923	497551	497425	4.30e-45	189
CP043556.1	CP046746.1	93.701	127	7	1	1039759	1039884	497425	497551	4.30e-45	189
CP043556.1	CP046746.1	94.355	124	6	1	997762	997884	497428	497551	4.30e-45	189
CP043556.1	CP046746.1	94.355	124	6	1	1030905	1031027	497428	497551	4.30e-45	189
CP043556.1	CP046746.1	94.355	124	6	1	1058410	1058532	497428	497551	4.30e-45	189
CP043556.1	CP046746.1	94.355	124	6	1	1069392	1069514	497428	497551	4.30e-45	189
CP043556.1	CP046746.1	94.355	124	6	1	1003030	1003152	497429	497552	4.30e-45	189
CP043556.1	CP046746.1	94.355	124	5	2	958255	958377	497551	497429	4.30e-45	189
CP043556.1	CP046746.1	94.309	123	7	0	1018291	1018413	497429	497551	4.30e-45	189
CP043556.1	CP046746.1	94.309	123	7	0	1048718	1048840	497429	497551	4.30e-45	189
CP043556.1	CP046746.1	93.651	126	8	0	984560	984685	498916	499041	4.30e-45	189
CP043556.1	CP046746.1	93.701	127	7	1	1018789	1018915	498916	499041	4.30e-45	189
CP043556.1	CP046746.1	93.651	126	8	0	973008	973133	499042	498917	4.30e-45	189
CP043556.1	CP046746.1	93.701	127	7	1	1005168	1005294	498917	499042	4.30e-45	189
CP043556.1	CP046746.1	94.309	123	7	0	974009	974131	499042	498920	4.30e-45	189
CP043556.1	CP046746.1	94.355	124	6	1	994241	994364	498920	499042	4.30e-45	189
CP043556.1	CP046746.1	94.309	123	7	0	996979	997101	498920	499042	4.30e-45	189
CP043556.1	CP046746.1	94.355	124	6	1	1023646	1023769	498920	499042	4.30e-45	189
CP043556.1	CP046746.1	94.355	124	6	1	1026067	1026190	498920	499042	4.30e-45	189
CP043556.1	CP046746.1	94.355	124	6	1	1027846	1027969	498920	499042	4.30e-45	189
CP043556.1	CP046746.1	94.355	124	5	2	1057730	1057852	498920	499042	4.30e-45	189
CP043556.1	CP046746.1	94.355	124	6	1	1067028	1067151	498920	499042	4.30e-45	189
CP043556.1	CP046746.1	90.845	142	12	1	965568	965709	499683	499543	4.30e-45	189
CP043556.1	CP046746.1	91.912	136	10	1	1010064	1010198	499544	499679	4.30e-45	189
CP043556.1	CP046746.1	92.424	132	10	0	1042046	1042177	499544	499675	4.30e-45	189
CP043556.1	CP046746.1	93.701	127	7	1	947710	947835	499544	499670	4.30e-45	189
CP043556.1	CP046746.1	93.130	131	6	3	983392	983520	499547	499676	4.30e-45	189
CP043556.1	CP046746.1	93.750	128	5	3	973006	973131	499673	499547	4.30e-45	189
CP043556.1	CP046746.1	93.077	130	8	1	1026067	1026196	499548	499676	4.30e-45	189
CP043556.1	CP046746.1	93.701	127	7	1	969042	969167	499674	499548	4.30e-45	189
CP043556.1	CP046746.1	92.424	132	10	0	999548	999679	500298	500429	4.30e-45	189
CP043556.1	CP046746.1	93.077	130	7	2	971220	971347	500428	500299	4.30e-45	189
CP043556.1	CP046746.1	93.701	127	6	2	1004045	1004169	500300	500426	4.30e-45	189
CP043556.1	CP046746.1	93.023	129	9	0	965579	965707	500429	500301	4.30e-45	189
CP043556.1	CP046746.1	93.651	126	8	0	1048253	1048378	500301	500426	4.30e-45	189
CP043556.1	CP046746.1	93.651	126	8	0	988939	989064	500302	500427	4.30e-45	189
CP043556.1	CP046746.1	94.355	124	6	1	1037047	1037169	500303	500426	4.30e-45	189
CP043556.1	CP046746.1	94.309	123	7	0	969045	969167	500426	500304	4.30e-45	189
CP043556.1	CP046746.1	93.701	127	7	1	966155	966281	501067	500942	4.30e-45	189
CP043556.1	CP046746.1	93.701	127	7	1	966931	967057	501068	500943	4.30e-45	189
CP043556.1	CP046746.1	93.651	126	8	0	1067863	1067988	500943	501068	4.30e-45	189
CP043556.1	CP046746.1	93.701	127	7	1	992605	992731	500944	501069	4.30e-45	189
CP043556.1	CP046746.1	94.355	124	6	1	963246	963368	501067	500944	4.30e-45	189
CP043556.1	CP046746.1	91.912	136	10	1	998912	999046	501668	501803	4.30e-45	189
CP043556.1	CP046746.1	93.651	126	8	0	1026674	1026799	501670	501795	4.30e-45	189
CP043556.1	CP046746.1	94.355	124	6	1	1036323	1036445	501671	501794	4.30e-45	189
CP043556.1	CP046746.1	94.355	124	6	1	1003030	1003152	501672	501795	4.30e-45	189
CP043556.1	CP046746.1	94.309	123	7	0	1018291	1018413	501672	501794	4.30e-45	189
CP043556.1	CP046746.1	94.355	124	6	1	976248	976371	502425	502303	4.30e-45	189
CP043556.1	CP046746.1	94.355	124	5	2	982752	982874	502303	502425	4.30e-45	189
CP043556.1	CP046746.1	94.355	124	6	1	1001966	1002089	502303	502425	4.30e-45	189
CP043556.1	CP046746.1	90.845	142	12	1	944553	944694	503922	504062	4.30e-45	189
CP043556.1	CP046746.1	94.355	124	6	1	951913	952036	503923	504045	4.30e-45	189
CP043556.1	CP046746.1	94.309	123	7	0	984563	984685	503923	504045	4.30e-45	189
CP043556.1	CP046746.1	94.355	124	6	1	1016477	1016600	503923	504045	4.30e-45	189
CP043556.1	CP046746.1	94.309	123	7	0	1039762	1039884	503923	504045	4.30e-45	189
CP043556.1	CP046746.1	94.355	124	6	1	1056789	1056912	503923	504045	4.30e-45	189
CP043556.1	CP046746.1	94.355	124	6	1	979430	979553	504046	503924	4.30e-45	189
CP043556.1	CP046746.1	94.355	124	6	1	958254	958377	504046	503924	4.30e-45	189
CP043556.1	CP046746.1	94.355	124	6	1	1018291	1018414	503924	504046	4.30e-45	189
CP043556.1	CP046746.1	94.355	124	6	1	990283	990405	504509	504632	4.30e-45	189
CP043556.1	CP046746.1	94.355	124	6	1	1062951	1063073	504509	504632	4.30e-45	189
CP043556.1	CP046746.1	94.355	124	6	1	976248	976370	504633	504510	4.30e-45	189
CP043556.1	CP046746.1	94.355	124	6	1	968369	968491	504633	504510	4.30e-45	189
CP043556.1	CP046746.1	94.355	124	6	1	951466	951588	504510	504633	4.30e-45	189
CP043556.1	CP046746.1	94.355	124	5	2	982753	982874	504510	504633	4.30e-45	189
CP043556.1	CP046746.1	94.355	124	6	1	1001967	1002089	504510	504633	4.30e-45	189
CP043556.1	CP046746.1	94.355	124	6	1	1007142	1007264	504510	504633	4.30e-45	189
CP043556.1	CP046746.1	94.355	124	6	1	1040152	1040274	504510	504633	4.30e-45	189
CP043556.1	CP046746.1	93.701	127	6	2	990283	990408	505129	505254	4.30e-45	189
CP043556.1	CP046746.1	93.701	127	7	1	1016477	1016603	505129	505254	4.30e-45	189
CP043556.1	CP046746.1	94.355	124	5	2	977224	977346	505251	505129	4.30e-45	189
CP043556.1	CP046746.1	94.355	124	6	1	972579	972702	505251	505129	4.30e-45	189
CP043556.1	CP046746.1	94.355	124	5	2	955341	955463	505129	505251	4.30e-45	189
CP043556.1	CP046746.1	94.355	124	6	1	988940	989063	505129	505251	4.30e-45	189
CP043556.1	CP046746.1	94.355	124	6	1	999553	999676	505129	505251	4.30e-45	189
CP043556.1	CP046746.1	94.355	124	5	2	1039762	1039884	505129	505251	4.30e-45	189
CP043556.1	CP046746.1	94.355	124	6	1	1056117	1056240	505129	505251	4.30e-45	189
CP043556.1	CP046746.1	94.355	124	6	1	969044	969167	505252	505130	4.30e-45	189
CP043556.1	CP046746.1	93.651	126	8	0	1046762	1046887	505667	505792	4.30e-45	189
CP043556.1	CP046746.1	94.355	124	6	1	952654	952777	505667	505789	4.30e-45	189
CP043556.1	CP046746.1	94.355	124	6	1	972578	972701	505790	505668	4.30e-45	189
CP043556.1	CP046746.1	94.355	124	6	1	944555	944678	505668	505790	4.30e-45	189
CP043556.1	CP046746.1	94.355	124	6	1	946922	947045	505668	505790	4.30e-45	189
CP043556.1	CP046746.1	94.355	124	6	1	1050051	1050174	505668	505790	4.30e-45	189
CP043556.1	CP046746.1	94.355	124	6	1	1056118	1056241	505668	505790	4.30e-45	189
CP043556.1	CP046746.1	94.355	124	6	1	1068336	1068459	505668	505790	4.30e-45	189
CP043556.1	CP046746.1	88.199	161	16	3	962707	962866	506438	506280	4.30e-45	189
CP043556.1	CP046746.1	94.355	124	6	1	960066	960189	506426	506304	4.30e-45	189
CP043556.1	CP046746.1	94.355	124	6	1	950087	950210	506304	506426	4.30e-45	189
CP043556.1	CP046746.1	94.355	124	6	1	951913	952036	506304	506426	4.30e-45	189
CP043556.1	CP046746.1	94.309	123	7	0	990283	990405	506304	506426	4.30e-45	189
CP043556.1	CP046746.1	94.355	124	6	1	1010739	1010862	506304	506426	4.30e-45	189
CP043556.1	CP046746.1	94.355	124	6	1	1056789	1056912	506304	506426	4.30e-45	189
CP043556.1	CP046746.1	91.367	139	10	2	964295	964433	506441	506305	4.30e-45	189
CP043556.1	CP046746.1	93.701	127	6	2	1051170	1051295	506305	506430	4.30e-45	189
CP043556.1	CP046746.1	94.309	123	7	0	995559	995681	506305	506427	4.30e-45	189
CP043556.1	CP046746.1	93.651	126	8	0	974009	974134	507001	506876	4.30e-45	189
CP043556.1	CP046746.1	93.701	127	7	1	961250	961376	507001	506876	4.30e-45	189
CP043556.1	CP046746.1	93.701	127	7	1	998913	999039	506876	507001	4.30e-45	189
CP043556.1	CP046746.1	93.701	127	7	1	1064254	1064380	506877	507002	4.30e-45	189
CP043556.1	CP046746.1	94.309	123	7	0	951466	951588	506879	507001	4.30e-45	189
CP043556.1	CP046746.1	94.355	124	6	1	1026067	1026190	506879	507001	4.30e-45	189
CP043556.1	CP046746.1	91.367	139	11	1	1047527	1047665	507493	507630	4.30e-45	189
CP043556.1	CP046746.1	93.701	127	7	1	976714	976840	507627	507502	4.30e-45	189
CP043556.1	CP046746.1	93.701	127	7	1	965579	965705	507630	507505	4.30e-45	189
CP043556.1	CP046746.1	93.651	126	8	0	1010067	1010192	507505	507630	4.30e-45	189
CP043556.1	CP046746.1	94.355	124	6	1	974975	975098	507627	507505	4.30e-45	189
CP043556.1	CP046746.1	94.309	123	7	0	956113	956235	507505	507627	4.30e-45	189
CP043556.1	CP046746.1	94.309	123	7	0	987364	987486	507505	507627	4.30e-45	189
CP043556.1	CP046746.1	94.355	124	6	1	1016477	1016600	507505	507627	4.30e-45	189
CP043556.1	CP046746.1	94.355	124	6	1	1026675	1026798	507505	507627	4.30e-45	189
CP043556.1	CP046746.1	94.309	123	7	0	1045595	1045717	507505	507627	4.30e-45	189
CP043556.1	CP046746.1	94.309	123	7	0	1068818	1068940	507505	507627	4.30e-45	189
CP043556.1	CP046746.1	94.309	123	7	0	995559	995681	507506	507628	4.30e-45	189
CP043556.1	CP046746.1	93.651	126	8	0	963780	963905	508267	508142	4.30e-45	189
CP043556.1	CP046746.1	93.651	126	8	0	962717	962842	508267	508142	4.30e-45	189
CP043556.1	CP046746.1	93.651	126	8	0	1008862	1008987	508142	508267	4.30e-45	189
CP043556.1	CP046746.1	93.651	126	8	0	1050633	1050758	508142	508267	4.30e-45	189
CP043556.1	CP046746.1	94.355	124	6	1	1049457	1049580	508144	508266	4.30e-45	189
CP043556.1	CP046746.1	90.909	143	10	3	1061807	1061948	508145	508285	4.30e-45	189
CP043556.1	CP046746.1	94.355	124	6	1	1012805	1012928	508145	508267	4.30e-45	189
CP043556.1	CP046746.1	92.424	132	10	0	976240	976371	508866	508735	4.30e-45	189
CP043556.1	CP046746.1	93.651	126	8	0	1044935	1045060	508735	508860	4.30e-45	189
CP043556.1	CP046746.1	94.355	124	6	1	1029861	1029984	508735	508857	4.30e-45	189
CP043556.1	CP046746.1	94.355	124	6	1	1037894	1038017	508735	508857	4.30e-45	189
CP043556.1	CP046746.1	94.309	123	7	0	1052999	1053121	508735	508857	4.30e-45	189
CP043556.1	CP046746.1	93.651	126	8	0	997759	997884	509870	509995	4.30e-45	189
CP043556.1	CP046746.1	94.355	124	6	1	1049457	1049580	509873	509995	4.30e-45	189
CP043556.1	CP046746.1	92.481	133	8	2	1068331	1068463	510402	510532	4.30e-45	189
CP043556.1	CP046746.1	93.701	127	7	1	1023645	1023771	510405	510530	4.30e-45	189
CP043556.1	CP046746.1	94.355	124	6	1	952654	952777	510405	510527	4.30e-45	189
CP043556.1	CP046746.1	94.309	123	7	0	1051928	1052050	510405	510527	4.30e-45	189
CP043556.1	CP046746.1	93.701	127	7	1	946922	947048	510406	510531	4.30e-45	189
CP043556.1	CP046746.1	94.309	123	7	0	1030906	1031028	510406	510528	4.30e-45	189
CP043556.1	CP046746.1	94.355	124	6	1	983391	983513	511089	511212	4.30e-45	189
CP043556.1	CP046746.1	94.355	124	6	1	1014010	1014133	511090	511212	4.30e-45	189
CP043556.1	CP046746.1	94.309	123	7	0	1036323	1036445	511090	511212	4.30e-45	189
CP043556.1	CP046746.1	93.701	127	7	1	976244	976370	511216	511091	4.30e-45	189
CP043556.1	CP046746.1	93.701	127	7	1	961883	962009	511216	511091	4.30e-45	189
CP043556.1	CP046746.1	94.309	123	7	0	1003030	1003152	511091	511213	4.30e-45	189
CP043556.1	CP046746.1	94.355	124	6	1	1015389	1015512	511091	511213	4.30e-45	189
CP043556.1	CP046746.1	94.355	124	6	1	1029862	1029985	511091	511213	4.30e-45	189
CP043556.1	CP046746.1	94.355	124	6	1	1046131	1046254	511091	511213	4.30e-45	189
CP043556.1	CP046746.1	91.912	136	10	1	1031505	1031640	512227	512361	4.30e-45	189
CP043556.1	CP046746.1	91.971	137	7	4	994228	994363	512228	512361	4.30e-45	189
CP043556.1	CP046746.1	92.537	134	6	4	1057720	1057851	512230	512361	4.30e-45	189
CP043556.1	CP046746.1	93.077	130	8	1	998909	999038	512233	512361	4.30e-45	189
CP043556.1	CP046746.1	93.701	127	7	1	967641	967767	512361	512236	4.30e-45	189
CP043556.1	CP046746.1	92.424	132	10	0	1062949	1063080	512237	512368	4.30e-45	189
CP043556.1	CP046746.1	93.077	130	7	2	951912	952041	512238	512365	4.30e-45	189
CP043556.1	CP046746.1	94.355	124	6	1	976714	976837	512361	512239	4.30e-45	189
CP043556.1	CP046746.1	94.309	123	7	0	989527	989649	512239	512361	4.30e-45	189
CP043556.1	CP046746.1	94.355	124	6	1	1014010	1014133	512239	512361	4.30e-45	189
CP043556.1	CP046746.1	90.845	142	12	1	996979	997120	512240	512380	4.30e-45	189
CP043556.1	CP046746.1	93.023	129	9	0	979431	979559	513267	513139	4.30e-45	189
CP043556.1	CP046746.1	93.077	130	8	1	952650	952779	513141	513269	4.30e-45	189
CP043556.1	CP046746.1	91.912	136	9	2	955342	955476	513145	513279	4.30e-45	189
CP043556.1	CP046746.1	94.309	123	7	0	972579	972701	513267	513145	4.30e-45	189
CP043556.1	CP046746.1	94.309	123	7	0	1026067	1026189	513145	513267	4.30e-45	189
CP043556.1	CP046746.1	94.309	123	7	0	1027846	1027968	513145	513267	4.30e-45	189
CP043556.1	CP046746.1	94.355	124	6	1	1037894	1038017	514715	514837	4.30e-45	189
CP043556.1	CP046746.1	94.355	124	6	1	1005857	1005980	514716	514838	4.30e-45	189
CP043556.1	CP046746.1	94.355	124	6	1	1064256	1064379	514716	514838	4.30e-45	189
CP043556.1	CP046746.1	93.701	127	6	2	963248	963372	515474	515348	4.30e-45	189
CP043556.1	CP046746.1	93.701	127	6	2	1023643	1023768	515349	515474	4.30e-45	189
CP043556.1	CP046746.1	93.701	127	7	1	1018791	1018917	515351	515476	4.30e-45	189
CP043556.1	CP046746.1	93.651	126	8	0	1025531	1025656	515351	515476	4.30e-45	189
CP043556.1	CP046746.1	94.309	123	7	0	1011280	1011402	515353	515475	4.30e-45	189
CP043556.1	CP046746.1	94.355	124	6	1	1046131	1046254	515353	515475	4.30e-45	189
CP043556.1	CP046746.1	90.845	142	12	1	1049453	1049593	516602	516743	4.30e-45	189
CP043556.1	CP046746.1	93.701	127	6	2	983391	983515	516605	516731	4.30e-45	189
CP043556.1	CP046746.1	90.845	142	11	2	1066408	1066548	516606	516746	4.30e-45	189
CP043556.1	CP046746.1	94.355	124	6	1	995559	995681	516607	516730	4.30e-45	189
CP043556.1	CP046746.1	94.309	123	7	0	987899	988021	516607	516729	4.30e-45	189
CP043556.1	CP046746.1	94.309	123	7	0	1012805	1012927	516607	516729	4.30e-45	189
CP043556.1	CP046746.1	92.481	133	8	2	963777	963908	517405	517274	4.30e-45	189
CP043556.1	CP046746.1	93.130	131	6	3	1055582	1055711	517274	517402	4.30e-45	189
CP043556.1	CP046746.1	93.701	127	7	1	966155	966281	517402	517277	4.30e-45	189
CP043556.1	CP046746.1	93.701	127	7	1	961249	961375	517402	517277	4.30e-45	189
CP043556.1	CP046746.1	93.651	126	8	0	1010066	1010191	517277	517402	4.30e-45	189
CP043556.1	CP046746.1	92.481	133	8	2	1061174	1061306	517278	517408	4.30e-45	189
CP043556.1	CP046746.1	94.309	123	7	0	1037047	1037169	517278	517400	4.30e-45	189
CP043556.1	CP046746.1	94.309	123	7	0	995559	995681	517279	517401	4.30e-45	189
CP043556.1	CP046746.1	93.701	127	6	2	991066	991190	517912	518038	4.30e-45	189
CP043556.1	CP046746.1	93.651	126	8	0	965581	965706	518039	517914	4.30e-45	189
CP043556.1	CP046746.1	94.309	123	7	0	969045	969167	518038	517916	4.30e-45	189
CP043556.1	CP046746.1	94.309	123	7	0	1037895	1038017	517916	518038	4.30e-45	189
CP043556.1	CP046746.1	93.023	129	9	0	1068332	1068460	518511	518639	4.30e-45	189
CP043556.1	CP046746.1	93.651	126	8	0	966155	966280	518639	518514	4.30e-45	189
CP043556.1	CP046746.1	94.355	124	6	1	1050635	1050757	518514	518637	4.30e-45	189
CP043556.1	CP046746.1	94.355	124	6	1	1062951	1063073	518514	518637	4.30e-45	189
CP043556.1	CP046746.1	93.651	126	8	0	992605	992730	518515	518640	4.30e-45	189
CP043556.1	CP046746.1	94.309	123	7	0	987899	988021	518515	518637	4.30e-45	189
CP043556.1	CP046746.1	93.023	129	9	0	955336	955464	519108	519236	4.30e-45	189
CP043556.1	CP046746.1	93.651	126	8	0	990280	990405	519110	519235	4.30e-45	189
CP043556.1	CP046746.1	91.912	136	9	2	1055575	1055709	519708	519842	4.30e-45	189
CP043556.1	CP046746.1	93.651	126	8	0	1006580	1006705	519719	519844	4.30e-45	189
CP043556.1	CP046746.1	93.701	127	7	1	1066407	1066533	519719	519844	4.30e-45	189
CP043556.1	CP046746.1	94.355	124	6	1	1005856	1005979	519720	519842	4.30e-45	189
CP043556.1	CP046746.1	94.309	123	7	0	1004048	1004170	519721	519843	4.30e-45	189
CP043556.1	CP046746.1	94.355	124	6	1	1034725	1034848	519721	519843	4.30e-45	189
CP043556.1	CP046746.1	94.355	124	6	1	1051170	1051293	519721	519843	4.30e-45	189
CP043556.1	CP046746.1	93.701	127	6	2	963248	963372	521378	521252	4.30e-45	189
CP043556.1	CP046746.1	94.355	124	6	1	963780	963902	521379	521256	4.30e-45	189
CP043556.1	CP046746.1	94.355	124	6	1	962717	962839	521379	521256	4.30e-45	189
CP043556.1	CP046746.1	94.355	124	6	1	1002496	1002618	521256	521379	4.30e-45	189
CP043556.1	CP046746.1	94.355	124	6	1	1062952	1063074	521256	521379	4.30e-45	189
CP043556.1	CP046746.1	94.309	123	7	0	1049458	1049580	521256	521378	4.30e-45	189
CP043556.1	CP046746.1	94.309	123	7	0	1056118	1056240	521256	521378	4.30e-45	189
CP043556.1	CP046746.1	92.481	133	8	2	1018290	1018422	521835	521965	4.30e-45	189
CP043556.1	CP046746.1	94.355	124	6	1	1046130	1046253	521835	521957	4.30e-45	189
CP043556.1	CP046746.1	93.077	130	8	1	998911	999040	522405	522533	4.30e-45	189
CP043556.1	CP046746.1	93.651	126	8	0	1039759	1039884	522406	522531	4.30e-45	189
CP043556.1	CP046746.1	92.424	132	10	0	1045594	1045725	522408	522539	4.30e-45	189
CP043556.1	CP046746.1	93.651	126	8	0	1024229	1024354	522408	522533	4.30e-45	189
CP043556.1	CP046746.1	93.651	126	8	0	1062314	1062439	522408	522533	4.30e-45	189
CP043556.1	CP046746.1	93.651	126	8	0	996979	997104	522410	522535	4.30e-45	189
CP043556.1	CP046746.1	91.852	135	11	0	1003017	1003151	522846	522980	4.30e-45	189
CP043556.1	CP046746.1	91.852	135	11	0	1011267	1011401	522846	522980	4.30e-45	189
CP043556.1	CP046746.1	93.701	127	6	2	1034722	1034847	522855	522980	4.30e-45	189
CP043556.1	CP046746.1	93.750	128	5	2	1066405	1066531	522855	522980	4.30e-45	189
CP043556.1	CP046746.1	93.701	127	7	1	1005168	1005294	522856	522981	4.30e-45	189
CP043556.1	CP046746.1	93.651	126	8	0	1058408	1058533	522856	522981	4.30e-45	189
CP043556.1	CP046746.1	94.355	124	6	1	996346	996469	522858	522980	4.30e-45	189
CP043556.1	CP046746.1	94.309	123	7	0	988485	988607	522859	522981	4.30e-45	189
CP043556.1	CP046746.1	94.355	124	6	1	1023646	1023769	522859	522981	4.30e-45	189
CP043556.1	CP046746.1	94.355	124	5	2	1057730	1057852	522859	522981	4.30e-45	189
CP043556.1	CP046746.1	94.355	124	5	2	1061807	1061929	522859	522981	4.30e-45	189
CP043556.1	CP046746.1	93.701	127	6	2	1027842	1027968	524948	525072	4.30e-45	189
CP043556.1	CP046746.1	94.355	124	5	2	946425	946548	524951	525072	4.30e-45	189
CP043556.1	CP046746.1	94.355	124	5	2	952654	952777	524951	525072	4.30e-45	189
CP043556.1	CP046746.1	91.912	136	9	2	1001956	1002090	526066	526200	4.30e-45	189
CP043556.1	CP046746.1	93.701	127	7	1	1012801	1012927	526073	526198	4.30e-45	189
CP043556.1	CP046746.1	94.355	124	6	1	952654	952777	526076	526198	4.30e-45	189
CP043556.1	CP046746.1	93.651	126	8	0	984564	984689	526077	526202	4.30e-45	189
CP043556.1	CP046746.1	94.309	123	7	0	977223	977345	526199	526077	4.30e-45	189
CP043556.1	CP046746.1	93.701	127	7	1	1025531	1025657	526717	526842	4.30e-45	189
CP043556.1	CP046746.1	94.355	124	5	2	970799	970921	526839	526717	4.30e-45	189
CP043556.1	CP046746.1	93.701	127	6	2	976711	976837	526842	526718	4.30e-45	189
CP043556.1	CP046746.1	93.701	127	7	1	1037891	1038017	527505	527630	4.30e-45	189
CP043556.1	CP046746.1	93.077	130	8	1	1026064	1026193	527506	527634	4.30e-45	189
CP043556.1	CP046746.1	94.355	124	6	1	1064256	1064379	527509	527631	4.30e-45	189
CP043556.1	CP046746.1	93.701	127	6	2	1054974	1055098	528219	528345	4.30e-45	189
CP043556.1	CP046746.1	93.701	127	7	1	1008861	1008986	528220	528346	4.30e-45	189
CP043556.1	CP046746.1	94.355	124	6	1	1037047	1037169	528223	528346	4.30e-45	189
CP043556.1	CP046746.1	93.701	127	6	2	1046763	1046888	528224	528349	4.30e-45	189
CP043556.1	CP046746.1	94.309	123	7	0	964311	964433	528346	528224	4.30e-45	189
CP043556.1	CP046746.1	93.651	126	8	0	996344	996469	528937	529062	4.30e-45	189
CP043556.1	CP046746.1	94.355	124	6	1	951466	951588	528940	529063	4.30e-45	189
CP043556.1	CP046746.1	94.355	124	6	1	1062316	1062438	528940	529063	4.30e-45	189
CP043556.1	CP046746.1	94.309	123	7	0	1056790	1056912	528940	529062	4.30e-45	189
CP043556.1	CP046746.1	94.309	123	7	0	1066409	1066531	528940	529062	4.30e-45	189
CP043556.1	CP046746.1	92.537	134	7	3	1037039	1037169	529741	529874	4.30e-45	189
CP043556.1	CP046746.1	93.077	130	8	1	1036319	1036447	529747	529876	4.30e-45	189
CP043556.1	CP046746.1	93.023	129	9	0	961246	961374	529879	529751	4.30e-45	189
CP043556.1	CP046746.1	93.701	127	7	1	977221	977346	529877	529751	4.30e-45	189
CP043556.1	CP046746.1	93.701	127	7	1	1069392	1069517	529751	529877	4.30e-45	189
CP043556.1	CP046746.1	94.355	124	6	1	971758	971880	529874	529751	4.30e-45	189
CP043556.1	CP046746.1	94.355	124	6	1	965115	965237	529874	529751	4.30e-45	189
CP043556.1	CP046746.1	94.355	124	6	1	963781	963903	529874	529751	4.30e-45	189
CP043556.1	CP046746.1	94.355	124	6	1	962718	962840	529874	529751	4.30e-45	189
CP043556.1	CP046746.1	94.355	124	6	1	947713	947835	529751	529874	4.30e-45	189
CP043556.1	CP046746.1	94.355	124	6	1	990283	990405	529751	529874	4.30e-45	189
CP043556.1	CP046746.1	93.023	129	9	0	1048718	1048846	529752	529880	4.30e-45	189
CP043556.1	CP046746.1	94.355	124	6	1	976248	976370	529875	529752	4.30e-45	189
CP043556.1	CP046746.1	94.355	124	6	1	968369	968491	529875	529752	4.30e-45	189
CP043556.1	CP046746.1	94.355	124	6	1	961887	962009	529875	529752	4.30e-45	189
CP043556.1	CP046746.1	94.355	124	5	2	982753	982874	529752	529875	4.30e-45	189
CP043556.1	CP046746.1	94.355	124	6	1	1001967	1002089	529752	529875	4.30e-45	189
CP043556.1	CP046746.1	94.355	124	6	1	1007142	1007264	529752	529875	4.30e-45	189
CP043556.1	CP046746.1	94.355	124	6	1	1057730	1057852	529752	529875	4.30e-45	189
CP043556.1	CP046746.1	94.309	123	7	0	969045	969167	529874	529752	4.30e-45	189
CP043556.1	CP046746.1	94.309	123	7	0	1029862	1029984	529752	529874	4.30e-45	189
CP043556.1	CP046746.1	91.912	136	10	1	965570	965705	530458	530324	4.30e-45	189
CP043556.1	CP046746.1	94.355	124	6	1	974975	975098	530446	530324	4.30e-45	189
CP043556.1	CP046746.1	94.309	123	7	0	956113	956235	530324	530446	4.30e-45	189
CP043556.1	CP046746.1	94.309	123	7	0	1002495	1002617	530324	530446	4.30e-45	189
CP043556.1	CP046746.1	94.309	123	7	0	1032152	1032274	530324	530446	4.30e-45	189
CP043556.1	CP046746.1	94.309	123	7	0	1045595	1045717	530324	530446	4.30e-45	189
CP043556.1	CP046746.1	94.309	123	7	0	1050635	1050757	530324	530446	4.30e-45	189
CP043556.1	CP046746.1	94.355	124	6	1	1056789	1056912	530324	530446	4.30e-45	189
CP043556.1	CP046746.1	93.701	127	7	1	1067028	1067154	530325	530450	4.30e-45	189
CP043556.1	CP046746.1	94.355	124	6	1	963246	963368	530448	530325	4.30e-45	189
CP043556.1	CP046746.1	94.309	123	7	0	995559	995681	530325	530447	4.30e-45	189
CP043556.1	CP046746.1	91.912	136	9	2	1067542	1067676	531113	531247	4.30e-45	189
CP043556.1	CP046746.1	92.481	133	8	2	1068810	1068941	531117	531248	4.30e-45	189
CP043556.1	CP046746.1	94.355	124	5	2	991069	991191	531126	531248	4.30e-45	189
CP043556.1	CP046746.1	94.355	124	5	2	1011280	1011402	531126	531248	4.30e-45	189
CP043556.1	CP046746.1	92.537	134	7	3	1026066	1026197	533571	533703	4.30e-45	189
CP043556.1	CP046746.1	93.023	129	9	0	974004	974132	533699	533571	4.30e-45	189
CP043556.1	CP046746.1	94.309	123	7	0	1021934	1022056	533571	533693	4.30e-45	189
CP043556.1	CP046746.1	94.309	123	7	0	1051928	1052050	533571	533693	4.30e-45	189
CP043556.1	CP046746.1	93.077	130	8	1	1058411	1058539	533572	533701	4.30e-45	189
CP043556.1	CP046746.1	91.367	139	10	2	946911	947048	534410	534547	4.30e-45	189
CP043556.1	CP046746.1	91.852	135	11	0	997754	997888	534413	534547	4.30e-45	189
CP043556.1	CP046746.1	93.077	130	8	1	1023646	1023775	534422	534550	4.30e-45	189
CP043556.1	CP046746.1	93.651	126	8	0	1044936	1045061	534422	534547	4.30e-45	189
CP043556.1	CP046746.1	93.701	127	7	1	946918	947044	535067	535192	4.30e-45	189
CP043556.1	CP046746.1	93.651	126	8	0	1010064	1010189	535067	535192	4.30e-45	189
CP043556.1	CP046746.1	93.651	126	8	0	1024227	1024352	535067	535192	4.30e-45	189
CP043556.1	CP046746.1	93.701	127	7	1	1042046	1042172	535067	535192	4.30e-45	189
CP043556.1	CP046746.1	93.651	126	8	0	1058407	1058532	535067	535192	4.30e-45	189
CP043556.1	CP046746.1	93.651	126	8	0	1069389	1069514	535067	535192	4.30e-45	189
CP043556.1	CP046746.1	93.701	127	7	1	1010737	1010863	535068	535193	4.30e-45	189
CP043556.1	CP046746.1	93.701	127	7	1	1016476	1016602	535069	535194	4.30e-45	189
CP043556.1	CP046746.1	94.355	124	6	1	1014010	1014133	535070	535192	4.30e-45	189
CP043556.1	CP046746.1	94.309	123	7	0	1031518	1031640	535070	535192	4.30e-45	189
CP043556.1	CP046746.1	94.309	123	7	0	1003030	1003152	535071	535193	4.30e-45	189
CP043556.1	CP046746.1	94.355	124	6	1	1011815	1011938	535071	535193	4.30e-45	189
CP043556.1	CP046746.1	94.355	124	6	1	1012805	1012928	535071	535193	4.30e-45	189
CP043556.1	CP046746.1	92.481	133	9	1	1051920	1052051	535968	536100	4.30e-45	189
CP043556.1	CP046746.1	93.130	131	6	3	1023639	1023768	535971	536099	4.30e-45	189
CP043556.1	CP046746.1	93.651	126	8	0	987897	988022	535975	536100	4.30e-45	189
CP043556.1	CP046746.1	90.845	142	12	1	997763	997903	535977	536118	4.30e-45	189
CP043556.1	CP046746.1	94.355	124	6	1	971757	971879	536100	535977	4.30e-45	189
CP043556.1	CP046746.1	94.355	124	6	1	947714	947836	535977	536100	4.30e-45	189
CP043556.1	CP046746.1	93.701	127	7	1	1016474	1016600	536593	536718	4.30e-45	189
CP043556.1	CP046746.1	93.651	126	8	0	1023645	1023770	536595	536720	4.30e-45	189
CP043556.1	CP046746.1	94.355	124	6	1	1052999	1053121	536595	536718	4.30e-45	189
CP043556.1	CP046746.1	94.309	123	7	0	1048256	1048378	536596	536718	4.30e-45	189
CP043556.1	CP046746.1	93.130	131	6	3	967640	967769	537203	537075	4.30e-45	189
CP043556.1	CP046746.1	93.651	126	8	0	1005171	1005296	537080	537205	4.30e-45	189
CP043556.1	CP046746.1	93.651	126	8	0	1023646	1023771	537080	537205	4.30e-45	189
CP043556.1	CP046746.1	93.651	126	8	0	1042047	1042172	538048	538173	4.30e-45	189
CP043556.1	CP046746.1	94.309	123	7	0	979431	979553	538173	538051	4.30e-45	189
CP043556.1	CP046746.1	94.309	123	7	0	964311	964433	538173	538051	4.30e-45	189
CP043556.1	CP046746.1	94.309	123	7	0	992605	992727	538051	538173	4.30e-45	189
CP043556.1	CP046746.1	94.309	123	7	0	1026067	1026189	538051	538173	4.30e-45	189
CP043556.1	CP046746.1	94.309	123	7	0	1035731	1035853	538051	538173	4.30e-45	189
CP043556.1	CP046746.1	93.651	126	8	0	969044	969169	538735	538610	4.30e-45	189
CP043556.1	CP046746.1	94.355	124	6	1	951465	951587	538611	538734	4.30e-45	189
CP043556.1	CP046746.1	94.355	124	6	1	1009398	1009520	538611	538734	4.30e-45	189
CP043556.1	CP046746.1	94.309	123	7	0	1064256	1064378	538612	538734	4.30e-45	189
CP043556.1	CP046746.1	93.077	130	7	2	1030901	1031029	539145	539273	4.30e-45	189
CP043556.1	CP046746.1	93.701	127	7	1	1040149	1040274	539146	539272	4.30e-45	189
CP043556.1	CP046746.1	93.701	127	7	1	1057727	1057852	539146	539272	4.30e-45	189
CP043556.1	CP046746.1	94.355	124	6	1	1062316	1062438	539149	539272	4.30e-45	189
CP043556.1	CP046746.1	94.309	123	7	0	1010740	1010862	539149	539271	4.30e-45	189
CP043556.1	CP046746.1	91.971	137	7	4	946910	947044	539757	539891	4.30e-45	189
CP043556.1	CP046746.1	93.023	129	9	0	1070302	1070430	539767	539895	4.30e-45	189
CP043556.1	CP046746.1	93.701	127	6	2	1061173	1061298	539767	539892	4.30e-45	189
CP043556.1	CP046746.1	92.481	133	9	1	1018792	1018924	539768	539899	4.30e-45	189
CP043556.1	CP046746.1	94.355	124	6	1	997762	997884	539768	539891	4.30e-45	189
CP043556.1	CP046746.1	94.355	124	6	1	1024230	1024352	539768	539891	4.30e-45	189
CP043556.1	CP046746.1	94.355	124	6	1	1030905	1031027	539768	539891	4.30e-45	189
CP043556.1	CP046746.1	94.355	124	6	1	1043188	1043310	539768	539891	4.30e-45	189
CP043556.1	CP046746.1	93.651	126	8	0	987899	988024	539769	539894	4.30e-45	189
CP043556.1	CP046746.1	94.355	124	5	2	958255	958377	539891	539769	4.30e-45	189
CP043556.1	CP046746.1	94.309	123	7	0	1026067	1026189	539769	539891	4.30e-45	189
CP043556.1	CP046746.1	94.309	123	7	0	1067028	1067150	539769	539891	4.30e-45	189
CP043556.1	CP046746.1	93.701	127	6	2	979431	979557	540426	540302	4.30e-45	189
CP043556.1	CP046746.1	93.701	127	6	2	1063756	1063882	540302	540426	4.30e-45	189
CP043556.1	CP046746.1	94.355	124	5	2	1048717	1048840	540305	540426	4.30e-45	189
CP043556.1	CP046746.1	91.971	137	7	4	962705	962839	540440	540306	4.30e-45	189
CP043556.1	CP046746.1	93.701	127	7	1	950084	950210	540957	541082	4.30e-45	189
CP043556.1	CP046746.1	93.651	126	8	0	966931	967056	541085	540960	4.30e-45	189
CP043556.1	CP046746.1	94.309	123	7	0	1026676	1026798	540960	541082	4.30e-45	189
CP043556.1	CP046746.1	92.424	132	10	0	1068335	1068466	542567	542698	4.30e-45	189
CP043556.1	CP046746.1	93.077	130	8	1	997762	997890	542567	542696	4.30e-45	189
CP043556.1	CP046746.1	93.077	130	8	1	1054448	1054576	542567	542696	4.30e-45	189
CP043556.1	CP046746.1	93.651	126	8	0	998915	999040	542567	542692	4.30e-45	189
CP043556.1	CP046746.1	93.077	130	8	1	1063760	1063889	542568	542696	4.30e-45	189
CP043556.1	CP046746.1	93.701	127	7	1	1009399	1009524	542568	542694	4.30e-45	189
CP043556.1	CP046746.1	94.309	123	7	0	1037895	1038017	542568	542690	4.30e-45	189
CP043556.1	CP046746.1	92.424	132	10	0	686495	686626	696991	696860	4.30e-45	189
CP043556.1	CP046746.1	92.969	128	9	0	515297	515424	79634	79507	1.55e-44	187
CP043556.1	CP046746.1	91.852	135	10	1	883423	883556	310522	310656	1.55e-44	187
CP043556.1	CP046746.1	94.309	123	6	1	979431	979553	493235	493114	1.55e-44	187
CP043556.1	CP046746.1	94.309	123	5	2	976249	976370	493235	493114	1.55e-44	187
CP043556.1	CP046746.1	94.309	123	5	2	974010	974131	493235	493114	1.55e-44	187
CP043556.1	CP046746.1	94.309	123	5	2	968370	968491	493235	493114	1.55e-44	187
CP043556.1	CP046746.1	94.309	123	6	1	952655	952777	493114	493235	1.55e-44	187
CP043556.1	CP046746.1	94.309	123	5	2	996979	997100	493114	493235	1.55e-44	187
CP043556.1	CP046746.1	94.309	123	5	2	1001967	1002088	493114	493235	1.55e-44	187
CP043556.1	CP046746.1	94.309	123	6	1	1005171	1005293	493114	493235	1.55e-44	187
CP043556.1	CP046746.1	94.309	123	5	2	1009399	1009520	493114	493235	1.55e-44	187
CP043556.1	CP046746.1	94.309	123	6	1	1017755	1017877	493114	493235	1.55e-44	187
CP043556.1	CP046746.1	94.309	123	6	1	1030434	1030556	493114	493235	1.55e-44	187
CP043556.1	CP046746.1	94.309	123	6	1	1035731	1035853	493114	493235	1.55e-44	187
CP043556.1	CP046746.1	94.262	122	7	0	1061807	1061928	493114	493235	1.55e-44	187
CP043556.1	CP046746.1	94.309	123	6	1	1063760	1063882	493114	493235	1.55e-44	187
CP043556.1	CP046746.1	93.023	129	8	1	964308	964436	494278	494151	1.55e-44	187
CP043556.1	CP046746.1	93.023	129	7	2	1057727	1057854	494151	494278	1.55e-44	187
CP043556.1	CP046746.1	93.651	126	7	1	966154	966279	494278	494154	1.55e-44	187
CP043556.1	CP046746.1	93.651	126	6	2	1067555	1067679	494154	494278	1.55e-44	187
CP043556.1	CP046746.1	94.309	123	6	1	984564	984685	495641	495763	1.55e-44	187
CP043556.1	CP046746.1	94.309	123	6	1	1032153	1032274	495641	495763	1.55e-44	187
CP043556.1	CP046746.1	93.600	125	8	0	1041473	1041597	496727	496851	1.55e-44	187
CP043556.1	CP046746.1	92.969	128	9	0	952652	952779	497426	497553	1.55e-44	187
CP043556.1	CP046746.1	93.651	126	7	1	1037046	1037170	497427	497552	1.55e-44	187
CP043556.1	CP046746.1	93.600	125	8	0	1049456	1049580	497427	497551	1.55e-44	187
CP043556.1	CP046746.1	93.651	126	7	1	990283	990407	497428	497553	1.55e-44	187
CP043556.1	CP046746.1	94.309	123	6	1	1044936	1045057	497429	497551	1.55e-44	187
CP043556.1	CP046746.1	94.309	123	6	1	1046763	1046884	497429	497551	1.55e-44	187
CP043556.1	CP046746.1	92.424	132	9	1	1042042	1042173	498912	499042	1.55e-44	187
CP043556.1	CP046746.1	92.969	128	9	0	1058406	1058533	498915	499042	1.55e-44	187
CP043556.1	CP046746.1	93.651	126	7	1	960066	960191	499041	498917	1.55e-44	187
CP043556.1	CP046746.1	93.600	125	8	0	1025530	1025654	498917	499041	1.55e-44	187
CP043556.1	CP046746.1	93.600	125	8	0	975612	975736	499042	498918	1.55e-44	187
CP043556.1	CP046746.1	94.309	123	6	1	1037895	1038017	498920	499041	1.55e-44	187
CP043556.1	CP046746.1	94.309	123	6	1	1046131	1046253	498920	499041	1.55e-44	187
CP043556.1	CP046746.1	92.366	131	10	0	951906	952036	499540	499670	1.55e-44	187
CP043556.1	CP046746.1	92.424	132	9	1	979429	979560	499672	499542	1.55e-44	187
CP043556.1	CP046746.1	93.600	125	8	0	976714	976838	499670	499546	1.55e-44	187
CP043556.1	CP046746.1	91.852	135	10	1	960055	960189	499680	499547	1.55e-44	187
CP043556.1	CP046746.1	93.023	129	8	1	977999	978126	499675	499547	1.55e-44	187
CP043556.1	CP046746.1	93.651	126	7	1	1007142	1007266	499548	499673	1.55e-44	187
CP043556.1	CP046746.1	93.651	126	7	1	1009399	1009523	499548	499673	1.55e-44	187
CP043556.1	CP046746.1	93.701	127	5	3	1044936	1045060	499548	499673	1.55e-44	187
CP043556.1	CP046746.1	93.600	125	8	0	1067028	1067152	499548	499672	1.55e-44	187
CP043556.1	CP046746.1	94.309	123	6	1	991069	991190	499548	499670	1.55e-44	187
CP043556.1	CP046746.1	94.309	123	6	1	991602	991723	499548	499670	1.55e-44	187
CP043556.1	CP046746.1	94.309	123	6	1	1051929	1052050	499548	499670	1.55e-44	187
CP043556.1	CP046746.1	89.865	148	11	4	1011811	1011956	500299	500444	1.55e-44	187
CP043556.1	CP046746.1	91.852	135	10	1	1029858	1029991	500299	500433	1.55e-44	187
CP043556.1	CP046746.1	92.481	133	7	2	1057723	1057854	500299	500429	1.55e-44	187
CP043556.1	CP046746.1	93.023	129	7	2	1013307	1013433	500299	500427	1.55e-44	187
CP043556.1	CP046746.1	93.023	129	8	1	1010065	1010192	500301	500429	1.55e-44	187
CP043556.1	CP046746.1	93.600	125	8	0	1016476	1016600	500302	500426	1.55e-44	187
CP043556.1	CP046746.1	93.651	126	7	1	1031518	1031642	500303	500428	1.55e-44	187
CP043556.1	CP046746.1	93.651	126	6	2	963245	963368	500429	500304	1.55e-44	187
CP043556.1	CP046746.1	94.309	123	6	1	1033968	1034089	500304	500426	1.55e-44	187
CP043556.1	CP046746.1	93.600	125	8	0	963781	963905	501065	500941	1.55e-44	187
CP043556.1	CP046746.1	93.600	125	8	0	962718	962842	501065	500941	1.55e-44	187
CP043556.1	CP046746.1	93.600	125	8	0	984561	984685	500941	501065	1.55e-44	187
CP043556.1	CP046746.1	93.600	125	8	0	1025530	1025654	500941	501065	1.55e-44	187
CP043556.1	CP046746.1	93.600	125	8	0	1050633	1050757	500941	501065	1.55e-44	187
CP043556.1	CP046746.1	91.304	138	10	2	953651	953787	500942	501078	1.55e-44	187
CP043556.1	CP046746.1	91.791	134	11	0	1067553	1067686	500942	501075	1.55e-44	187
CP043556.1	CP046746.1	91.852	135	10	1	1031518	1031651	500943	501077	1.55e-44	187
CP043556.1	CP046746.1	93.023	129	8	1	1014010	1014138	500943	501070	1.55e-44	187
CP043556.1	CP046746.1	93.651	126	7	1	1050050	1050175	500943	501067	1.55e-44	187
CP043556.1	CP046746.1	94.262	122	7	0	1011280	1011401	500944	501065	1.55e-44	187
CP043556.1	CP046746.1	94.262	122	7	0	1033968	1034089	500944	501065	1.55e-44	187
CP043556.1	CP046746.1	93.023	129	8	1	1069387	1069514	501666	501794	1.55e-44	187
CP043556.1	CP046746.1	93.600	125	8	0	1064254	1064378	501670	501794	1.55e-44	187
CP043556.1	CP046746.1	94.309	123	6	1	996979	997100	501672	501794	1.55e-44	187
CP043556.1	CP046746.1	91.852	135	10	1	1032140	1032274	502291	502424	1.55e-44	187
CP043556.1	CP046746.1	91.852	135	9	2	1069382	1069516	502294	502426	1.55e-44	187
CP043556.1	CP046746.1	93.651	126	6	2	958254	958379	502425	502302	1.55e-44	187
CP043556.1	CP046746.1	94.309	123	6	1	948247	948369	502303	502424	1.55e-44	187
CP043556.1	CP046746.1	94.309	123	6	1	989528	989650	502304	502425	1.55e-44	187
CP043556.1	CP046746.1	94.309	123	6	1	1040152	1040274	502304	502425	1.55e-44	187
CP043556.1	CP046746.1	92.969	128	9	0	1043184	1043311	503919	504046	1.55e-44	187
CP043556.1	CP046746.1	93.023	129	8	1	1064252	1064380	503920	504047	1.55e-44	187
CP043556.1	CP046746.1	93.600	125	8	0	1031517	1031641	503922	504046	1.55e-44	187
CP043556.1	CP046746.1	93.600	125	8	0	1067862	1067986	503922	504046	1.55e-44	187
CP043556.1	CP046746.1	94.262	122	7	0	991069	991190	503924	504045	1.55e-44	187
CP043556.1	CP046746.1	94.309	123	6	1	1015389	1015511	503924	504045	1.55e-44	187
CP043556.1	CP046746.1	94.309	123	6	1	1034725	1034847	503924	504045	1.55e-44	187
CP043556.1	CP046746.1	94.309	123	6	1	1046131	1046253	503924	504045	1.55e-44	187
CP043556.1	CP046746.1	94.262	122	7	0	1051929	1052050	503924	504045	1.55e-44	187
CP043556.1	CP046746.1	93.651	126	7	1	977222	977346	504634	504509	1.55e-44	187
CP043556.1	CP046746.1	93.600	125	8	0	965581	965705	504633	504509	1.55e-44	187
CP043556.1	CP046746.1	93.651	126	6	2	946921	947045	504509	504633	1.55e-44	187
CP043556.1	CP046746.1	93.600	125	8	0	999553	999677	504509	504633	1.55e-44	187
CP043556.1	CP046746.1	93.600	125	8	0	1042049	1042173	504509	504633	1.55e-44	187
CP043556.1	CP046746.1	94.309	123	6	1	1021935	1022056	504510	504632	1.55e-44	187
CP043556.1	CP046746.1	94.309	123	6	1	1053000	1053121	504510	504632	1.55e-44	187
CP043556.1	CP046746.1	91.971	137	6	5	946910	947044	505118	505251	1.55e-44	187
CP043556.1	CP046746.1	93.651	126	7	1	1061173	1061298	505128	505252	1.55e-44	187
CP043556.1	CP046746.1	94.309	123	6	1	958255	958377	505251	505130	1.55e-44	187
CP043556.1	CP046746.1	94.309	123	5	2	1044936	1045057	505130	505251	1.55e-44	187
CP043556.1	CP046746.1	94.309	123	6	1	1063760	1063882	505130	505251	1.55e-44	187
CP043556.1	CP046746.1	93.600	125	8	0	977221	977345	505792	505668	1.55e-44	187
CP043556.1	CP046746.1	94.309	123	6	1	960066	960188	505789	505668	1.55e-44	187
CP043556.1	CP046746.1	94.309	123	6	1	951914	952036	505668	505789	1.55e-44	187
CP043556.1	CP046746.1	94.262	122	7	0	990284	990405	505668	505789	1.55e-44	187
CP043556.1	CP046746.1	94.309	123	6	1	996347	996469	505668	505789	1.55e-44	187
CP043556.1	CP046746.1	94.309	123	6	1	1061175	1061297	505668	505789	1.55e-44	187
CP043556.1	CP046746.1	90.780	141	12	1	953642	953781	506294	506434	1.55e-44	187
CP043556.1	CP046746.1	91.791	134	11	0	1069382	1069515	506294	506427	1.55e-44	187
CP043556.1	CP046746.1	92.969	128	9	0	1067551	1067678	506301	506428	1.55e-44	187
CP043556.1	CP046746.1	93.023	129	8	1	966930	967058	506430	506303	1.55e-44	187
CP043556.1	CP046746.1	89.474	152	11	5	1018792	1018941	506304	506452	1.55e-44	187
CP043556.1	CP046746.1	93.651	126	7	1	999553	999678	506304	506428	1.55e-44	187
CP043556.1	CP046746.1	93.600	125	8	0	1058410	1058534	506304	506428	1.55e-44	187
CP043556.1	CP046746.1	93.600	125	8	0	961885	962009	506429	506305	1.55e-44	187
CP043556.1	CP046746.1	94.309	123	6	1	969045	969167	506426	506305	1.55e-44	187
CP043556.1	CP046746.1	94.309	123	5	2	948248	948369	506305	506426	1.55e-44	187
CP043556.1	CP046746.1	94.309	123	6	1	1015389	1015511	506305	506426	1.55e-44	187
CP043556.1	CP046746.1	94.309	123	6	1	1029862	1029984	506305	506426	1.55e-44	187
CP043556.1	CP046746.1	94.309	123	6	1	1034725	1034847	506305	506426	1.55e-44	187
CP043556.1	CP046746.1	94.262	122	7	0	1053000	1053121	506305	506426	1.55e-44	187
CP043556.1	CP046746.1	91.852	135	9	2	991057	991190	506867	507000	1.55e-44	187
CP043556.1	CP046746.1	92.969	128	9	0	977220	977347	507004	506877	1.55e-44	187
CP043556.1	CP046746.1	93.600	125	8	0	1043187	1043311	506877	507001	1.55e-44	187
CP043556.1	CP046746.1	93.651	126	7	1	1014010	1014135	506878	507002	1.55e-44	187
CP043556.1	CP046746.1	94.309	123	6	1	963247	963368	507001	506879	1.55e-44	187
CP043556.1	CP046746.1	94.262	122	7	0	1011280	1011401	506879	507000	1.55e-44	187
CP043556.1	CP046746.1	93.651	126	7	1	961249	961374	507629	507505	1.55e-44	187
CP043556.1	CP046746.1	93.600	125	8	0	953652	953776	507505	507629	1.55e-44	187
CP043556.1	CP046746.1	93.651	126	7	1	1005171	1005296	507506	507630	1.55e-44	187
CP043556.1	CP046746.1	93.651	126	7	1	1023646	1023771	507506	507630	1.55e-44	187
CP043556.1	CP046746.1	93.651	126	6	2	1057730	1057854	507506	507630	1.55e-44	187
CP043556.1	CP046746.1	94.309	123	6	1	969045	969167	507627	507506	1.55e-44	187
CP043556.1	CP046746.1	94.262	122	7	0	1003030	1003151	507506	507627	1.55e-44	187
CP043556.1	CP046746.1	94.262	122	7	0	1011280	1011401	507506	507627	1.55e-44	187
CP043556.1	CP046746.1	94.262	122	7	0	1053000	1053121	507506	507627	1.55e-44	187
CP043556.1	CP046746.1	91.852	135	9	2	958248	958382	508272	508140	1.55e-44	187
CP043556.1	CP046746.1	93.651	126	7	1	965582	965707	508266	508142	1.55e-44	187
CP043556.1	CP046746.1	93.600	125	8	0	1024228	1024352	508142	508266	1.55e-44	187
CP043556.1	CP046746.1	93.600	125	8	0	1032151	1032275	508143	508267	1.55e-44	187
CP043556.1	CP046746.1	93.651	126	7	1	1056788	1056913	508143	508267	1.55e-44	187
CP043556.1	CP046746.1	94.309	123	6	1	992605	992727	508145	508266	1.55e-44	187
CP043556.1	CP046746.1	94.309	123	6	1	1026067	1026189	508145	508266	1.55e-44	187
CP043556.1	CP046746.1	94.262	122	7	0	1044936	1045057	508145	508266	1.55e-44	187
CP043556.1	CP046746.1	94.262	122	7	0	1046763	1046884	508145	508266	1.55e-44	187
CP043556.1	CP046746.1	92.481	133	7	3	972576	972708	508860	508731	1.55e-44	187
CP043556.1	CP046746.1	93.600	125	8	0	955342	955466	508736	508860	1.55e-44	187
CP043556.1	CP046746.1	91.304	138	11	1	1010058	1010195	509864	510000	1.55e-44	187
CP043556.1	CP046746.1	92.424	132	8	2	1021931	1022061	509869	509999	1.55e-44	187
CP043556.1	CP046746.1	93.651	126	7	1	968370	968494	509995	509870	1.55e-44	187
CP043556.1	CP046746.1	93.651	126	7	1	951463	951587	509870	509995	1.55e-44	187
CP043556.1	CP046746.1	90.345	145	11	3	1055585	1055727	509871	510014	1.55e-44	187
CP043556.1	CP046746.1	93.651	126	7	1	972579	972704	509995	509871	1.55e-44	187
CP043556.1	CP046746.1	93.023	129	7	2	1070303	1070431	509873	509999	1.55e-44	187
CP043556.1	CP046746.1	90.278	144	13	1	1033968	1034111	509874	510016	1.55e-44	187
CP043556.1	CP046746.1	93.651	126	7	1	1040152	1040277	509874	509998	1.55e-44	187
CP043556.1	CP046746.1	94.262	122	7	0	976249	976370	509995	509874	1.55e-44	187
CP043556.1	CP046746.1	94.309	123	5	2	948248	948369	509874	509995	1.55e-44	187
CP043556.1	CP046746.1	94.262	122	7	0	995559	995680	509874	509995	1.55e-44	187
CP043556.1	CP046746.1	94.262	122	7	0	1053000	1053121	509874	509995	1.55e-44	187
CP043556.1	CP046746.1	93.600	125	8	0	1004045	1004169	510403	510527	1.55e-44	187
CP043556.1	CP046746.1	91.367	139	9	3	1002496	1002632	510406	510543	1.55e-44	187
CP043556.1	CP046746.1	93.651	126	7	1	965579	965704	510530	510406	1.55e-44	187
CP043556.1	CP046746.1	93.651	126	7	1	999554	999679	510406	510530	1.55e-44	187
CP043556.1	CP046746.1	93.600	125	8	0	1010068	1010192	510406	510530	1.55e-44	187
CP043556.1	CP046746.1	93.600	125	8	0	1040152	1040276	510406	510530	1.55e-44	187
CP043556.1	CP046746.1	94.309	123	6	1	976714	976836	510527	510406	1.55e-44	187
CP043556.1	CP046746.1	94.262	122	7	0	947714	947835	510406	510527	1.55e-44	187
CP043556.1	CP046746.1	94.309	123	6	1	950088	950210	510406	510527	1.55e-44	187
CP043556.1	CP046746.1	94.309	123	6	1	951914	952036	510406	510527	1.55e-44	187
CP043556.1	CP046746.1	94.262	122	7	0	984564	984685	510406	510527	1.55e-44	187
CP043556.1	CP046746.1	94.309	123	6	1	993565	993687	510406	510527	1.55e-44	187
CP043556.1	CP046746.1	94.262	122	7	0	1039763	1039884	510406	510527	1.55e-44	187
CP043556.1	CP046746.1	94.309	123	6	1	1070304	1070426	510406	510527	1.55e-44	187
CP043556.1	CP046746.1	91.304	138	10	2	966157	966293	511212	511076	1.55e-44	187
CP043556.1	CP046746.1	93.023	129	8	1	972579	972707	511212	511085	1.55e-44	187
CP043556.1	CP046746.1	92.969	128	9	0	1067549	1067676	511085	511212	1.55e-44	187
CP043556.1	CP046746.1	92.424	132	9	1	962712	962843	511217	511087	1.55e-44	187
CP043556.1	CP046746.1	93.600	125	8	0	977224	977348	511212	511088	1.55e-44	187
CP043556.1	CP046746.1	93.651	126	7	1	958255	958380	511212	511088	1.55e-44	187
CP043556.1	CP046746.1	93.600	125	8	0	1062950	1063074	511089	511213	1.55e-44	187
CP043556.1	CP046746.1	94.309	123	5	2	948248	948369	511091	511212	1.55e-44	187
CP043556.1	CP046746.1	94.262	122	7	0	988485	988606	511091	511212	1.55e-44	187
CP043556.1	CP046746.1	94.309	123	6	1	1018291	1018413	511091	511212	1.55e-44	187
CP043556.1	CP046746.1	94.309	123	5	2	1057730	1057851	511091	511212	1.55e-44	187
CP043556.1	CP046746.1	94.309	123	5	2	1061807	1061928	511091	511212	1.55e-44	187
CP043556.1	CP046746.1	94.309	123	6	1	1063760	1063882	511091	511212	1.55e-44	187
CP043556.1	CP046746.1	92.366	131	10	0	1007135	1007265	511618	511748	1.55e-44	187
CP043556.1	CP046746.1	93.023	129	8	1	1063756	1063884	511621	511748	1.55e-44	187
CP043556.1	CP046746.1	93.651	126	7	1	958253	958378	511748	511624	1.55e-44	187
CP043556.1	CP046746.1	93.651	126	6	2	1061806	1061930	511624	511748	1.55e-44	187
CP043556.1	CP046746.1	94.309	123	6	1	951914	952036	511625	511746	1.55e-44	187
CP043556.1	CP046746.1	94.309	123	6	1	996347	996469	511625	511746	1.55e-44	187
CP043556.1	CP046746.1	94.262	122	7	0	1002496	1002617	511625	511746	1.55e-44	187
CP043556.1	CP046746.1	94.262	122	7	0	1037048	1037169	511625	511746	1.55e-44	187
CP043556.1	CP046746.1	91.912	136	8	2	970799	970933	512361	512228	1.55e-44	187
CP043556.1	CP046746.1	93.651	126	7	1	974975	975100	512361	512237	1.55e-44	187
CP043556.1	CP046746.1	93.651	126	7	1	950085	950210	512237	512361	1.55e-44	187
CP043556.1	CP046746.1	93.023	129	8	1	1064254	1064382	512238	512365	1.55e-44	187
CP043556.1	CP046746.1	94.262	122	7	0	1004048	1004169	512240	512361	1.55e-44	187
CP043556.1	CP046746.1	94.309	123	6	1	1005171	1005293	512240	512361	1.55e-44	187
CP043556.1	CP046746.1	94.262	122	7	0	1007142	1007263	512240	512361	1.55e-44	187
CP043556.1	CP046746.1	94.262	122	7	0	1021935	1022056	512240	512361	1.55e-44	187
CP043556.1	CP046746.1	94.262	122	7	0	1040152	1040273	512240	512361	1.55e-44	187
CP043556.1	CP046746.1	94.309	123	6	1	974010	974131	513267	513145	1.55e-44	187
CP043556.1	CP046746.1	94.309	123	6	1	948248	948369	513145	513267	1.55e-44	187
CP043556.1	CP046746.1	94.309	123	6	1	996979	997100	513145	513267	1.55e-44	187
CP043556.1	CP046746.1	94.309	123	6	1	1009399	1009520	513145	513267	1.55e-44	187
CP043556.1	CP046746.1	94.309	123	6	1	1039763	1039884	513145	513267	1.55e-44	187
CP043556.1	CP046746.1	92.424	132	9	1	1051923	1052053	513814	513945	1.55e-44	187
CP043556.1	CP046746.1	93.023	129	8	1	1057724	1057851	513814	513942	1.55e-44	187
CP043556.1	CP046746.1	93.600	125	8	0	1011814	1011938	513819	513943	1.55e-44	187
CP043556.1	CP046746.1	93.600	125	8	0	1016478	1016602	513820	513944	1.55e-44	187
CP043556.1	CP046746.1	94.309	123	6	1	1008331	1008452	513820	513942	1.55e-44	187
CP043556.1	CP046746.1	94.309	123	6	1	1054449	1054570	513820	513942	1.55e-44	187
CP043556.1	CP046746.1	93.651	126	6	2	1001966	1002090	514715	514839	1.55e-44	187
CP043556.1	CP046746.1	93.651	126	6	2	1007141	1007265	514715	514839	1.55e-44	187
CP043556.1	CP046746.1	93.651	126	7	1	1067027	1067152	514715	514839	1.55e-44	187
CP043556.1	CP046746.1	89.865	148	11	4	1067864	1068009	514716	514861	1.55e-44	187
CP043556.1	CP046746.1	94.309	123	5	2	1068819	1068940	514716	514837	1.55e-44	187
CP043556.1	CP046746.1	93.023	129	8	1	1010735	1010863	515348	515475	1.55e-44	187
CP043556.1	CP046746.1	93.651	126	7	1	988938	989063	515350	515474	1.55e-44	187
CP043556.1	CP046746.1	93.651	126	7	1	1030431	1030556	515350	515474	1.55e-44	187
CP043556.1	CP046746.1	93.651	126	7	1	1067025	1067150	515350	515474	1.55e-44	187
CP043556.1	CP046746.1	92.366	131	10	0	962711	962841	515481	515351	1.55e-44	187
CP043556.1	CP046746.1	93.651	126	7	1	960065	960190	515475	515351	1.55e-44	187
CP043556.1	CP046746.1	93.600	125	8	0	1002494	1002618	515351	515475	1.55e-44	187
CP043556.1	CP046746.1	94.309	123	6	1	1005171	1005293	515353	515474	1.55e-44	187
CP043556.1	CP046746.1	94.309	123	6	1	1035731	1035853	515353	515474	1.55e-44	187
CP043556.1	CP046746.1	94.262	122	7	0	1044936	1045057	515353	515474	1.55e-44	187
CP043556.1	CP046746.1	94.262	122	7	0	1046763	1046884	515353	515474	1.55e-44	187
CP043556.1	CP046746.1	92.969	128	9	0	1068333	1068460	516604	516731	1.55e-44	187
CP043556.1	CP046746.1	93.651	126	7	1	965115	965239	516729	516604	1.55e-44	187
CP043556.1	CP046746.1	93.651	126	7	1	1067863	1067987	516606	516731	1.55e-44	187
CP043556.1	CP046746.1	93.600	125	8	0	992605	992729	516607	516731	1.55e-44	187
CP043556.1	CP046746.1	94.309	123	6	1	991602	991723	516607	516729	1.55e-44	187
CP043556.1	CP046746.1	94.309	123	6	1	1003030	1003151	516607	516729	1.55e-44	187
CP043556.1	CP046746.1	93.023	129	8	1	1008863	1008990	517277	517405	1.55e-44	187
CP043556.1	CP046746.1	93.023	129	8	1	1025531	1025658	517277	517405	1.55e-44	187
CP043556.1	CP046746.1	93.651	126	7	1	1050050	1050175	517278	517402	1.55e-44	187
CP043556.1	CP046746.1	94.262	122	7	0	1003030	1003151	517279	517400	1.55e-44	187
CP043556.1	CP046746.1	94.309	123	6	1	1051170	1051292	517279	517400	1.55e-44	187
CP043556.1	CP046746.1	93.023	129	7	2	1009395	1009521	517911	518039	1.55e-44	187
CP043556.1	CP046746.1	92.969	128	9	0	988938	989065	517913	518040	1.55e-44	187
CP043556.1	CP046746.1	93.651	126	7	1	990281	990405	517913	518038	1.55e-44	187
CP043556.1	CP046746.1	93.600	125	8	0	966933	967057	518039	517915	1.55e-44	187
CP043556.1	CP046746.1	94.309	123	6	1	1003030	1003151	517916	518038	1.55e-44	187
CP043556.1	CP046746.1	93.600	125	8	0	1061173	1061297	518513	518637	1.55e-44	187
CP043556.1	CP046746.1	93.651	126	6	2	983392	983515	518514	518639	1.55e-44	187
CP043556.1	CP046746.1	93.651	126	7	1	1010067	1010191	518514	518639	1.55e-44	187
CP043556.1	CP046746.1	93.651	126	7	1	1055587	1055711	518514	518639	1.55e-44	187
CP043556.1	CP046746.1	94.309	123	6	1	991602	991723	518515	518637	1.55e-44	187
CP043556.1	CP046746.1	93.023	129	8	1	976243	976370	519242	519114	1.55e-44	187
CP043556.1	CP046746.1	91.912	136	8	3	993561	993695	519716	519849	1.55e-44	187
CP043556.1	CP046746.1	93.651	126	7	1	1048255	1048380	519720	519844	1.55e-44	187
CP043556.1	CP046746.1	94.309	123	6	1	970799	970920	519842	519720	1.55e-44	187
CP043556.1	CP046746.1	94.309	123	6	1	958255	958377	519842	519721	1.55e-44	187
CP043556.1	CP046746.1	94.309	123	6	1	1005171	1005293	519721	519842	1.55e-44	187
CP043556.1	CP046746.1	94.309	123	6	1	1018291	1018413	519721	519842	1.55e-44	187
CP043556.1	CP046746.1	94.309	123	6	1	1023646	1023768	519721	519842	1.55e-44	187
CP043556.1	CP046746.1	94.309	123	6	1	1048718	1048840	519721	519842	1.55e-44	187
CP043556.1	CP046746.1	94.309	123	5	2	1057730	1057851	519721	519842	1.55e-44	187
CP043556.1	CP046746.1	92.969	128	9	0	1017751	1017878	521252	521379	1.55e-44	187
CP043556.1	CP046746.1	92.424	132	8	2	1061806	1061936	521255	521385	1.55e-44	187
CP043556.1	CP046746.1	94.309	123	6	1	978004	978125	521378	521256	1.55e-44	187
CP043556.1	CP046746.1	94.309	123	6	1	1056790	1056912	521836	521957	1.55e-44	187
CP043556.1	CP046746.1	93.023	129	8	1	1014006	1014134	522405	522532	1.55e-44	187
CP043556.1	CP046746.1	93.651	126	7	1	1064254	1064379	522408	522532	1.55e-44	187
CP043556.1	CP046746.1	91.367	139	9	3	964295	964433	522545	522410	1.55e-44	187
CP043556.1	CP046746.1	93.651	126	7	1	958252	958377	522534	522410	1.55e-44	187
CP043556.1	CP046746.1	93.600	125	8	0	951466	951590	522410	522534	1.55e-44	187
CP043556.1	CP046746.1	93.600	125	8	0	1009399	1009523	522410	522534	1.55e-44	187
CP043556.1	CP046746.1	93.600	125	8	0	1044936	1045060	522410	522534	1.55e-44	187
CP043556.1	CP046746.1	94.309	123	5	2	991602	991723	522410	522531	1.55e-44	187
CP043556.1	CP046746.1	94.262	122	7	0	1004048	1004169	522410	522531	1.55e-44	187
CP043556.1	CP046746.1	93.600	125	8	0	984561	984685	522856	522980	1.55e-44	187
CP043556.1	CP046746.1	93.600	125	8	0	1045593	1045717	522856	522980	1.55e-44	187
CP043556.1	CP046746.1	93.651	126	7	1	1048253	1048378	522856	522980	1.55e-44	187
CP043556.1	CP046746.1	93.651	126	7	1	999552	999677	522857	522981	1.55e-44	187
CP043556.1	CP046746.1	91.912	136	8	3	1044923	1045057	524939	525072	1.55e-44	187
CP043556.1	CP046746.1	91.912	136	7	4	1035719	1035853	524940	525072	1.55e-44	187
CP043556.1	CP046746.1	93.651	126	7	1	1007138	1007263	524948	525072	1.55e-44	187
CP043556.1	CP046746.1	94.309	123	6	1	974010	974132	525072	524951	1.55e-44	187
CP043556.1	CP046746.1	92.366	131	10	0	1007135	1007265	526070	526200	1.55e-44	187
CP043556.1	CP046746.1	93.023	129	8	1	1063756	1063884	526073	526200	1.55e-44	187
CP043556.1	CP046746.1	92.969	128	9	0	988482	988609	526074	526201	1.55e-44	187
CP043556.1	CP046746.1	93.651	126	7	1	1005170	1005295	526076	526200	1.55e-44	187
CP043556.1	CP046746.1	91.852	135	10	1	1068336	1068470	526077	526210	1.55e-44	187
CP043556.1	CP046746.1	94.309	123	6	1	976714	976836	526198	526077	1.55e-44	187
CP043556.1	CP046746.1	94.309	123	6	1	951914	952036	526077	526198	1.55e-44	187
CP043556.1	CP046746.1	94.309	123	6	1	1016478	1016600	526077	526198	1.55e-44	187
CP043556.1	CP046746.1	94.262	122	7	0	1025533	1025654	526077	526198	1.55e-44	187
CP043556.1	CP046746.1	94.262	122	7	0	1032153	1032274	526077	526198	1.55e-44	187
CP043556.1	CP046746.1	94.262	122	7	0	1039763	1039884	526077	526198	1.55e-44	187
CP043556.1	CP046746.1	94.309	123	6	1	1070304	1070426	526077	526198	1.55e-44	187
CP043556.1	CP046746.1	91.304	138	10	2	1062308	1062445	526711	526846	1.55e-44	187
CP043556.1	CP046746.1	94.309	123	6	1	1031518	1031640	526718	526839	1.55e-44	187
CP043556.1	CP046746.1	93.077	130	6	3	982753	982881	526719	526846	1.55e-44	187
CP043556.1	CP046746.1	93.600	125	8	0	948245	948369	527506	527630	1.55e-44	187
CP043556.1	CP046746.1	93.651	126	6	2	995557	995681	527507	527631	1.55e-44	187
CP043556.1	CP046746.1	92.424	132	8	2	1027845	1027976	527508	527637	1.55e-44	187
CP043556.1	CP046746.1	93.023	129	7	2	1007141	1007268	527508	527635	1.55e-44	187
CP043556.1	CP046746.1	93.651	126	7	1	1025530	1025654	528221	528346	1.55e-44	187
CP043556.1	CP046746.1	94.309	123	6	1	991602	991723	528224	528346	1.55e-44	187
CP043556.1	CP046746.1	94.309	123	6	1	1033968	1034089	528224	528346	1.55e-44	187
CP043556.1	CP046746.1	94.309	123	6	1	1011280	1011401	528940	529062	1.55e-44	187
CP043556.1	CP046746.1	94.309	123	6	1	1033968	1034089	528940	529062	1.55e-44	187
CP043556.1	CP046746.1	93.600	125	8	0	965581	965705	529875	529751	1.55e-44	187
CP043556.1	CP046746.1	93.600	125	8	0	999553	999677	529751	529875	1.55e-44	187
CP043556.1	CP046746.1	94.309	123	6	1	1021935	1022056	529752	529874	1.55e-44	187
CP043556.1	CP046746.1	93.651	126	7	1	976714	976839	530446	530322	1.55e-44	187
CP043556.1	CP046746.1	93.600	125	8	0	953652	953776	530324	530448	1.55e-44	187
CP043556.1	CP046746.1	93.600	125	8	0	997762	997886	530324	530448	1.55e-44	187
CP043556.1	CP046746.1	93.600	125	8	0	1010067	1010191	530324	530448	1.55e-44	187
CP043556.1	CP046746.1	93.651	126	7	1	1042049	1042174	530324	530448	1.55e-44	187
CP043556.1	CP046746.1	93.600	125	8	0	1043188	1043312	530324	530448	1.55e-44	187
CP043556.1	CP046746.1	94.309	123	6	1	969045	969167	530446	530325	1.55e-44	187
CP043556.1	CP046746.1	94.262	122	7	0	1003030	1003151	530325	530446	1.55e-44	187
CP043556.1	CP046746.1	94.309	123	6	1	1015389	1015511	530325	530446	1.55e-44	187
CP043556.1	CP046746.1	94.309	123	6	1	1034725	1034847	530325	530446	1.55e-44	187
CP043556.1	CP046746.1	94.309	123	6	1	1046131	1046253	530325	530446	1.55e-44	187
CP043556.1	CP046746.1	94.309	123	6	1	1051170	1051292	530325	530446	1.55e-44	187
CP043556.1	CP046746.1	94.262	122	7	0	1053000	1053121	530325	530446	1.55e-44	187
CP043556.1	CP046746.1	91.367	139	9	3	951912	952050	531124	531259	1.55e-44	187
CP043556.1	CP046746.1	93.651	126	7	1	960065	960190	531248	531124	1.55e-44	187
CP043556.1	CP046746.1	93.651	126	6	2	990282	990406	531124	531248	1.55e-44	187
CP043556.1	CP046746.1	93.651	126	6	2	1032151	1032275	531124	531248	1.55e-44	187
CP043556.1	CP046746.1	93.651	126	6	2	1050634	1050758	531124	531248	1.55e-44	187
CP043556.1	CP046746.1	94.309	123	5	2	968370	968491	531247	531126	1.55e-44	187
CP043556.1	CP046746.1	94.309	123	6	1	958255	958377	531247	531126	1.55e-44	187
CP043556.1	CP046746.1	94.262	122	7	0	948248	948369	531126	531247	1.55e-44	187
CP043556.1	CP046746.1	94.309	123	6	1	1023646	1023768	531126	531247	1.55e-44	187
CP043556.1	CP046746.1	92.424	132	8	2	946425	946555	533571	533701	1.55e-44	187
CP043556.1	CP046746.1	93.023	129	8	1	1009398	1009525	533571	533699	1.55e-44	187
CP043556.1	CP046746.1	93.023	129	8	1	1044935	1045062	533571	533699	1.55e-44	187
CP043556.1	CP046746.1	93.600	125	8	0	951465	951589	533571	533695	1.55e-44	187
CP043556.1	CP046746.1	93.651	126	7	1	1018290	1018415	533571	533695	1.55e-44	187
CP043556.1	CP046746.1	93.023	129	7	2	972574	972701	533699	533572	1.55e-44	187
CP043556.1	CP046746.1	93.600	125	8	0	1024231	1024355	533572	533696	1.55e-44	187
CP043556.1	CP046746.1	94.262	122	7	0	971758	971879	533693	533572	1.55e-44	187
CP043556.1	CP046746.1	94.262	122	7	0	947714	947835	533572	533693	1.55e-44	187
CP043556.1	CP046746.1	94.262	122	7	0	990284	990405	533572	533693	1.55e-44	187
CP043556.1	CP046746.1	92.424	132	8	2	970797	970927	534545	534415	1.55e-44	187
CP043556.1	CP046746.1	92.424	132	8	2	1042044	1042175	534417	534546	1.55e-44	187
CP043556.1	CP046746.1	93.651	126	7	1	969045	969170	534543	534419	1.55e-44	187
CP043556.1	CP046746.1	92.969	128	9	0	1067553	1067680	534420	534547	1.55e-44	187
CP043556.1	CP046746.1	93.600	125	8	0	989527	989651	534421	534545	1.55e-44	187
CP043556.1	CP046746.1	93.600	125	8	0	1067863	1067987	534421	534545	1.55e-44	187
CP043556.1	CP046746.1	93.023	129	8	1	1067028	1067156	534422	534549	1.55e-44	187
CP043556.1	CP046746.1	93.651	126	7	1	1027846	1027971	534422	534546	1.55e-44	187
CP043556.1	CP046746.1	93.651	126	7	1	1063760	1063885	534422	534546	1.55e-44	187
CP043556.1	CP046746.1	94.309	123	6	1	987899	988021	534422	534543	1.55e-44	187
CP043556.1	CP046746.1	94.262	122	7	0	1011280	1011401	534422	534543	1.55e-44	187
CP043556.1	CP046746.1	94.262	122	7	0	1021935	1022056	534422	534543	1.55e-44	187
CP043556.1	CP046746.1	94.309	123	6	1	1037895	1038017	534422	534543	1.55e-44	187
CP043556.1	CP046746.1	92.424	132	9	1	1063751	1063882	535062	535192	1.55e-44	187
CP043556.1	CP046746.1	92.969	128	9	0	1040146	1040273	535065	535192	1.55e-44	187
CP043556.1	CP046746.1	93.023	129	8	1	1064250	1064378	535065	535192	1.55e-44	187
CP043556.1	CP046746.1	92.969	128	9	0	1067549	1067676	535065	535192	1.55e-44	187
CP043556.1	CP046746.1	93.600	125	8	0	1007139	1007263	535068	535192	1.55e-44	187
CP043556.1	CP046746.1	93.651	126	7	1	993563	993688	535069	535193	1.55e-44	187
CP043556.1	CP046746.1	93.600	125	8	0	1062950	1063074	535069	535193	1.55e-44	187
CP043556.1	CP046746.1	94.309	123	5	2	948248	948369	535071	535192	1.55e-44	187
CP043556.1	CP046746.1	94.309	123	6	1	992605	992727	535071	535192	1.55e-44	187
CP043556.1	CP046746.1	94.309	123	6	1	1030434	1030556	535071	535192	1.55e-44	187
CP043556.1	CP046746.1	94.309	123	6	1	1035731	1035853	535071	535192	1.55e-44	187
CP043556.1	CP046746.1	92.424	132	9	1	1057721	1057851	535968	536099	1.55e-44	187
CP043556.1	CP046746.1	90.345	145	11	3	1029861	1030004	535976	536118	1.55e-44	187
CP043556.1	CP046746.1	92.969	128	9	0	979427	979554	536103	535976	1.55e-44	187
CP043556.1	CP046746.1	93.600	125	8	0	952654	952778	535976	536100	1.55e-44	187
CP043556.1	CP046746.1	93.600	125	8	0	996347	996471	535977	536101	1.55e-44	187
CP043556.1	CP046746.1	94.309	123	6	1	1030906	1031027	535977	536099	1.55e-44	187
CP043556.1	CP046746.1	94.309	123	6	1	1043189	1043310	535977	536099	1.55e-44	187
CP043556.1	CP046746.1	93.651	126	7	1	990281	990405	536593	536718	1.55e-44	187
CP043556.1	CP046746.1	93.651	126	7	1	1062949	1063073	536593	536718	1.55e-44	187
CP043556.1	CP046746.1	93.651	126	7	1	1046761	1046885	536594	536719	1.55e-44	187
CP043556.1	CP046746.1	93.651	126	7	1	961886	962010	536720	536595	1.55e-44	187
CP043556.1	CP046746.1	91.971	137	6	5	1055588	1055722	536596	536729	1.55e-44	187
CP043556.1	CP046746.1	93.600	125	8	0	965580	965704	536720	536596	1.55e-44	187
CP043556.1	CP046746.1	93.600	125	8	0	1042050	1042174	536596	536720	1.55e-44	187
CP043556.1	CP046746.1	94.309	123	6	1	1002496	1002617	536596	536718	1.55e-44	187
CP043556.1	CP046746.1	91.241	137	12	0	1068325	1068461	537069	537205	1.55e-44	187
CP043556.1	CP046746.1	92.424	132	8	2	1055582	1055712	537075	537205	1.55e-44	187
CP043556.1	CP046746.1	92.969	128	9	0	966154	966281	537205	537078	1.55e-44	187
CP043556.1	CP046746.1	93.600	125	8	0	1049457	1049581	537079	537203	1.55e-44	187
CP043556.1	CP046746.1	93.651	126	7	1	1044936	1045060	537080	537205	1.55e-44	187
CP043556.1	CP046746.1	94.309	123	6	1	1003030	1003151	537080	537202	1.55e-44	187
CP043556.1	CP046746.1	92.969	128	9	0	1048253	1048380	538048	538175	1.55e-44	187
CP043556.1	CP046746.1	93.651	126	7	1	973009	973133	538173	538048	1.55e-44	187
CP043556.1	CP046746.1	93.651	126	7	1	1007139	1007263	538048	538173	1.55e-44	187
CP043556.1	CP046746.1	93.651	126	7	1	1008328	1008452	538048	538173	1.55e-44	187
CP043556.1	CP046746.1	93.651	126	7	1	1054446	1054570	538048	538173	1.55e-44	187
CP043556.1	CP046746.1	93.600	125	8	0	999552	999676	538049	538173	1.55e-44	187
CP043556.1	CP046746.1	92.969	128	9	0	996346	996473	538050	538177	1.55e-44	187
CP043556.1	CP046746.1	93.600	125	8	0	976713	976837	538174	538050	1.55e-44	187
CP043556.1	CP046746.1	94.309	123	6	1	948248	948369	538051	538173	1.55e-44	187
CP043556.1	CP046746.1	94.309	123	6	1	1001967	1002088	538051	538173	1.55e-44	187
CP043556.1	CP046746.1	94.309	123	6	1	1009399	1009520	538051	538173	1.55e-44	187
CP043556.1	CP046746.1	94.309	123	6	1	1013311	1013432	538051	538173	1.55e-44	187
CP043556.1	CP046746.1	94.309	123	6	1	1046763	1046884	538051	538173	1.55e-44	187
CP043556.1	CP046746.1	94.309	123	6	1	1053000	1053121	538051	538173	1.55e-44	187
CP043556.1	CP046746.1	94.309	123	6	1	1057730	1057851	538051	538173	1.55e-44	187
CP043556.1	CP046746.1	93.023	129	8	1	955336	955463	538606	538734	1.55e-44	187
CP043556.1	CP046746.1	93.023	129	8	1	1067022	1067150	538607	538734	1.55e-44	187
CP043556.1	CP046746.1	93.651	126	7	1	1039760	1039884	538609	538734	1.55e-44	187
CP043556.1	CP046746.1	93.023	129	7	2	976244	976371	538738	538611	1.55e-44	187
CP043556.1	CP046746.1	93.651	126	7	1	1051928	1052052	538611	538736	1.55e-44	187
CP043556.1	CP046746.1	94.309	123	6	1	1040152	1040273	538612	538734	1.55e-44	187
CP043556.1	CP046746.1	92.969	128	9	0	979430	979557	539272	539145	1.55e-44	187
CP043556.1	CP046746.1	93.023	129	7	2	978003	978130	539272	539145	1.55e-44	187
CP043556.1	CP046746.1	93.023	129	7	2	975612	975739	539272	539145	1.55e-44	187
CP043556.1	CP046746.1	93.651	126	7	1	991066	991190	539146	539271	1.55e-44	187
CP043556.1	CP046746.1	93.023	129	8	1	1067027	1067155	539148	539275	1.55e-44	187
CP043556.1	CP046746.1	93.651	126	7	1	1046762	1046886	539148	539273	1.55e-44	187
CP043556.1	CP046746.1	93.600	125	8	0	1005857	1005981	539149	539273	1.55e-44	187
CP043556.1	CP046746.1	93.651	126	7	1	1037046	1037170	539767	539892	1.55e-44	187
CP043556.1	CP046746.1	93.600	125	8	0	1049456	1049580	539767	539891	1.55e-44	187
CP043556.1	CP046746.1	93.651	126	6	2	1050049	1050173	539767	539891	1.55e-44	187
CP043556.1	CP046746.1	93.023	129	7	2	1062315	1062442	539768	539895	1.55e-44	187
CP043556.1	CP046746.1	93.600	125	8	0	1026675	1026799	539768	539892	1.55e-44	187
CP043556.1	CP046746.1	94.309	123	6	1	968370	968491	539891	539769	1.55e-44	187
CP043556.1	CP046746.1	94.309	123	6	1	948248	948369	539769	539891	1.55e-44	187
CP043556.1	CP046746.1	94.309	123	6	1	996979	997100	539769	539891	1.55e-44	187
CP043556.1	CP046746.1	94.309	123	6	1	1007142	1007263	539769	539891	1.55e-44	187
CP043556.1	CP046746.1	94.309	123	6	1	1057730	1057851	539769	539891	1.55e-44	187
CP043556.1	CP046746.1	93.077	130	6	3	951459	951587	540299	540426	1.55e-44	187
CP043556.1	CP046746.1	94.355	124	4	3	974010	974132	540426	540305	1.55e-44	187
CP043556.1	CP046746.1	94.355	124	4	3	996978	997100	540305	540426	1.55e-44	187
CP043556.1	CP046746.1	93.077	130	5	4	1008865	1008993	540306	540432	1.55e-44	187
CP043556.1	CP046746.1	94.355	124	4	3	956114	956236	540306	540427	1.55e-44	187
CP043556.1	CP046746.1	90.845	142	10	3	1026058	1026197	540951	541091	1.55e-44	187
CP043556.1	CP046746.1	93.023	129	8	1	961249	961377	541084	540957	1.55e-44	187
CP043556.1	CP046746.1	93.600	125	8	0	1048717	1048841	540959	541083	1.55e-44	187
CP043556.1	CP046746.1	92.424	132	8	2	1008331	1008460	540960	541091	1.55e-44	187
CP043556.1	CP046746.1	93.600	125	8	0	1050051	1050175	540960	541084	1.55e-44	187
CP043556.1	CP046746.1	92.969	128	9	0	972575	972702	542694	542567	1.55e-44	187
CP043556.1	CP046746.1	93.651	126	7	1	1062315	1062439	542567	542692	1.55e-44	187
CP043556.1	CP046746.1	93.600	125	8	0	1005856	1005980	542567	542691	1.55e-44	187
CP043556.1	CP046746.1	93.651	126	7	1	974007	974131	542693	542568	1.55e-44	187
CP043556.1	CP046746.1	94.309	123	6	1	991069	991190	542568	542690	1.55e-44	187
CP043556.1	CP046746.1	92.366	131	10	0	686492	686622	761451	761581	1.55e-44	187
CP043556.1	CP046746.1	92.969	128	9	0	578248	578375	848136	848263	1.55e-44	187
CP043556.1	CP046746.1	92.969	128	9	0	515297	515424	989007	988880	1.55e-44	187
CP043556.1	CP046746.1	93.023	129	7	2	397273	397400	989007	988880	1.55e-44	187
CP043556.1	CP046746.1	92.969	128	9	0	1091889	1092016	988880	989007	1.55e-44	187
CP043556.1	CP046746.1	76.567	367	69	17	825626	825981	215726	215366	5.57e-44	185
CP043556.1	CP046746.1	93.548	124	8	0	425832	425955	310652	310529	5.57e-44	185
CP043556.1	CP046746.1	91.241	137	11	1	273955	274091	327517	327382	5.57e-44	185
CP043556.1	CP046746.1	93.023	129	5	4	988937	989063	493109	493235	5.57e-44	185
CP043556.1	CP046746.1	93.600	125	6	2	989526	989649	493112	493235	5.57e-44	185
CP043556.1	CP046746.1	93.600	125	6	2	1036322	1036445	493112	493235	5.57e-44	185
CP043556.1	CP046746.1	93.600	125	6	2	1067862	1067985	493112	493235	5.57e-44	185
CP043556.1	CP046746.1	91.729	133	11	0	1056790	1056922	493616	493748	5.57e-44	185
CP043556.1	CP046746.1	93.548	124	8	0	1046131	1046254	493616	493739	5.57e-44	185
CP043556.1	CP046746.1	93.600	125	6	2	1051927	1052050	494152	494275	5.57e-44	185
CP043556.1	CP046746.1	92.969	128	7	2	974006	974132	494279	494153	5.57e-44	185
CP043556.1	CP046746.1	93.600	125	6	2	953653	953776	494154	494277	5.57e-44	185
CP043556.1	CP046746.1	93.600	125	6	2	1031519	1031642	494154	494277	5.57e-44	185
CP043556.1	CP046746.1	91.791	134	9	2	994234	994366	495634	495766	5.57e-44	185
CP043556.1	CP046746.1	93.600	125	7	1	953653	953776	495641	495765	5.57e-44	185
CP043556.1	CP046746.1	93.548	124	8	0	1005857	1005980	495641	495764	5.57e-44	185
CP043556.1	CP046746.1	93.600	125	7	1	1062951	1063074	497428	497552	5.57e-44	185
CP043556.1	CP046746.1	93.600	125	6	2	965582	965705	497551	497428	5.57e-44	185
CP043556.1	CP046746.1	93.548	124	8	0	1005856	1005979	497428	497551	5.57e-44	185
CP043556.1	CP046746.1	93.548	124	8	0	1064255	1064378	497428	497551	5.57e-44	185
CP043556.1	CP046746.1	92.308	130	10	0	963781	963910	499041	498912	5.57e-44	185
CP043556.1	CP046746.1	92.308	130	10	0	962718	962847	499041	498912	5.57e-44	185
CP043556.1	CP046746.1	92.308	130	10	0	1008857	1008986	498912	499041	5.57e-44	185
CP043556.1	CP046746.1	91.791	134	10	1	1048712	1048845	498914	499046	5.57e-44	185
CP043556.1	CP046746.1	92.969	128	8	1	1026671	1026798	498915	499041	5.57e-44	185
CP043556.1	CP046746.1	92.366	131	9	1	966151	966281	499047	498918	5.57e-44	185
CP043556.1	CP046746.1	93.600	125	7	1	966933	967057	499042	498919	5.57e-44	185
CP043556.1	CP046746.1	93.548	124	8	0	989527	989650	498919	499042	5.57e-44	185
CP043556.1	CP046746.1	93.548	124	8	0	1067863	1067986	498919	499042	5.57e-44	185
CP043556.1	CP046746.1	93.600	125	7	1	1035731	1035855	498920	499043	5.57e-44	185
CP043556.1	CP046746.1	91.791	134	10	1	1063753	1063886	499542	499674	5.57e-44	185
CP043556.1	CP046746.1	92.366	131	8	2	946918	947047	499544	499673	5.57e-44	185
CP043556.1	CP046746.1	92.366	131	8	2	1008330	1008459	499547	499676	5.57e-44	185
CP043556.1	CP046746.1	92.366	131	9	1	1068335	1068465	499547	499676	5.57e-44	185
CP043556.1	CP046746.1	92.913	127	9	0	972576	972702	499673	499547	5.57e-44	185
CP043556.1	CP046746.1	93.548	124	8	0	974975	975098	499670	499547	5.57e-44	185
CP043556.1	CP046746.1	93.548	124	8	0	950087	950210	499547	499670	5.57e-44	185
CP043556.1	CP046746.1	93.548	124	8	0	1016477	1016600	499547	499670	5.57e-44	185
CP043556.1	CP046746.1	92.969	128	8	1	1012805	1012931	499548	499675	5.57e-44	185
CP043556.1	CP046746.1	93.548	124	8	0	1035731	1035854	499548	499671	5.57e-44	185
CP043556.1	CP046746.1	92.969	128	7	2	1011276	1011401	500299	500426	5.57e-44	185
CP043556.1	CP046746.1	92.969	128	7	2	1021931	1022056	500299	500426	5.57e-44	185
CP043556.1	CP046746.1	93.548	124	8	0	996346	996469	500303	500426	5.57e-44	185
CP043556.1	CP046746.1	93.600	125	7	1	961886	962009	500428	500304	5.57e-44	185
CP043556.1	CP046746.1	93.600	125	6	2	982753	982875	500304	500428	5.57e-44	185
CP043556.1	CP046746.1	93.548	124	8	0	1032151	1032274	500942	501065	5.57e-44	185
CP043556.1	CP046746.1	93.651	126	5	3	982753	982876	500944	501068	5.57e-44	185
CP043556.1	CP046746.1	93.600	125	6	2	1057730	1057853	500944	501067	5.57e-44	185
CP043556.1	CP046746.1	93.600	125	7	1	1067028	1067152	500944	501067	5.57e-44	185
CP043556.1	CP046746.1	93.600	125	7	1	1058409	1058532	501670	501794	5.57e-44	185
CP043556.1	CP046746.1	93.548	124	8	0	1037895	1038018	501672	501795	5.57e-44	185
CP043556.1	CP046746.1	91.791	134	9	2	951455	951588	502294	502425	5.57e-44	185
CP043556.1	CP046746.1	92.969	128	7	2	1056785	1056912	502299	502424	5.57e-44	185
CP043556.1	CP046746.1	91.791	134	10	1	977221	977354	504048	503916	5.57e-44	185
CP043556.1	CP046746.1	92.913	127	9	0	997759	997885	503920	504046	5.57e-44	185
CP043556.1	CP046746.1	93.548	124	8	0	1010067	1010190	503923	504046	5.57e-44	185
CP043556.1	CP046746.1	93.600	125	7	1	1042049	1042173	503923	504046	5.57e-44	185
CP043556.1	CP046746.1	93.548	124	8	0	1062315	1062438	503923	504046	5.57e-44	185
CP043556.1	CP046746.1	93.548	124	8	0	995559	995682	503924	504047	5.57e-44	185
CP043556.1	CP046746.1	93.600	125	7	1	978003	978126	504633	504509	5.57e-44	185
CP043556.1	CP046746.1	93.651	126	5	3	1055587	1055710	504509	504633	5.57e-44	185
CP043556.1	CP046746.1	93.600	125	7	1	1046763	1046886	504510	504634	5.57e-44	185
CP043556.1	CP046746.1	93.548	124	8	0	1005171	1005294	504510	504633	5.57e-44	185
CP043556.1	CP046746.1	93.548	124	8	0	1023646	1023769	504510	504633	5.57e-44	185
CP043556.1	CP046746.1	93.600	125	7	1	966934	967058	505251	505128	5.57e-44	185
CP043556.1	CP046746.1	93.600	125	6	2	1036322	1036445	505128	505251	5.57e-44	185
CP043556.1	CP046746.1	93.600	125	7	1	1050049	1050173	505128	505251	5.57e-44	185
CP043556.1	CP046746.1	93.023	129	6	3	1062315	1062442	505129	505255	5.57e-44	185
CP043556.1	CP046746.1	92.969	128	8	1	975612	975739	505790	505664	5.57e-44	185
CP043556.1	CP046746.1	92.969	128	8	1	1063756	1063883	505664	505790	5.57e-44	185
CP043556.1	CP046746.1	93.600	125	7	1	1067027	1067151	505667	505790	5.57e-44	185
CP043556.1	CP046746.1	90.278	144	11	2	1054449	1054591	505668	505809	5.57e-44	185
CP043556.1	CP046746.1	89.262	149	14	2	963781	963929	506426	506280	5.57e-44	185
CP043556.1	CP046746.1	93.548	124	8	0	1037046	1037169	506303	506426	5.57e-44	185
CP043556.1	CP046746.1	93.548	124	8	0	977223	977346	506427	506304	5.57e-44	185
CP043556.1	CP046746.1	93.600	125	7	1	1063760	1063884	506305	506428	5.57e-44	185
CP043556.1	CP046746.1	93.600	125	7	1	1067028	1067152	506305	506428	5.57e-44	185
CP043556.1	CP046746.1	92.308	130	10	0	1008857	1008986	506871	507000	5.57e-44	185
CP043556.1	CP046746.1	93.023	129	6	3	1033963	1034089	506873	507000	5.57e-44	185
CP043556.1	CP046746.1	91.241	137	10	2	1005855	1005991	506877	507011	5.57e-44	185
CP043556.1	CP046746.1	93.548	124	8	0	1068817	1068940	506877	507000	5.57e-44	185
CP043556.1	CP046746.1	93.548	124	8	0	989527	989650	506878	507001	5.57e-44	185
CP043556.1	CP046746.1	89.404	151	11	4	1070288	1070438	507492	507637	5.57e-44	185
CP043556.1	CP046746.1	93.600	125	7	1	1061173	1061297	507504	507627	5.57e-44	185
CP043556.1	CP046746.1	91.729	133	11	0	1024230	1024362	507505	507637	5.57e-44	185
CP043556.1	CP046746.1	92.913	127	9	0	1043188	1043314	507505	507631	5.57e-44	185
CP043556.1	CP046746.1	93.548	124	8	0	961886	962009	507629	507506	5.57e-44	185
CP043556.1	CP046746.1	93.600	125	7	1	1030434	1030558	507506	507629	5.57e-44	185
CP043556.1	CP046746.1	93.600	125	7	1	1067028	1067152	507506	507629	5.57e-44	185
CP043556.1	CP046746.1	93.600	125	7	1	1070303	1070427	508144	508267	5.57e-44	185
CP043556.1	CP046746.1	91.791	134	9	2	1039752	1039884	508725	508857	5.57e-44	185
CP043556.1	CP046746.1	91.791	134	9	2	1062946	1063077	508729	508862	5.57e-44	185
CP043556.1	CP046746.1	92.969	128	8	1	1011279	1011405	508735	508862	5.57e-44	185
CP043556.1	CP046746.1	92.969	128	8	1	1063759	1063886	508735	508861	5.57e-44	185
CP043556.1	CP046746.1	93.600	125	7	1	1048717	1048841	508735	508858	5.57e-44	185
CP043556.1	CP046746.1	93.600	125	7	1	966932	967056	508859	508736	5.57e-44	185
CP043556.1	CP046746.1	93.548	124	8	0	1031519	1031642	508736	508859	5.57e-44	185
CP043556.1	CP046746.1	91.241	137	10	2	1048244	1048379	509861	509996	5.57e-44	185
CP043556.1	CP046746.1	92.366	131	8	2	965577	965707	509999	509871	5.57e-44	185
CP043556.1	CP046746.1	93.548	124	8	0	1067553	1067676	509872	509995	5.57e-44	185
CP043556.1	CP046746.1	92.308	130	10	0	1037047	1037176	509873	510002	5.57e-44	185
CP043556.1	CP046746.1	93.600	125	7	1	976713	976837	509996	509873	5.57e-44	185
CP043556.1	CP046746.1	92.969	128	8	1	964307	964434	510531	510405	5.57e-44	185
CP043556.1	CP046746.1	93.548	124	8	0	995558	995681	510405	510528	5.57e-44	185
CP043556.1	CP046746.1	92.969	128	8	1	1048256	1048383	510406	510532	5.57e-44	185
CP043556.1	CP046746.1	93.548	124	8	0	1031519	1031642	510406	510529	5.57e-44	185
CP043556.1	CP046746.1	93.600	125	7	1	1056118	1056242	510406	510529	5.57e-44	185
CP043556.1	CP046746.1	93.548	124	8	0	1067864	1067987	510406	510529	5.57e-44	185
CP043556.1	CP046746.1	92.913	127	9	0	984560	984686	511087	511213	5.57e-44	185
CP043556.1	CP046746.1	93.600	125	7	1	967641	967765	511212	511089	5.57e-44	185
CP043556.1	CP046746.1	93.600	125	7	1	988939	989063	511089	511212	5.57e-44	185
CP043556.1	CP046746.1	93.600	125	7	1	999552	999676	511089	511212	5.57e-44	185
CP043556.1	CP046746.1	93.600	125	7	1	996346	996470	511090	511213	5.57e-44	185
CP043556.1	CP046746.1	93.548	124	8	0	1037047	1037170	511090	511213	5.57e-44	185
CP043556.1	CP046746.1	93.600	125	7	1	1061174	1061298	511090	511213	5.57e-44	185
CP043556.1	CP046746.1	93.600	125	7	1	1066408	1066532	511090	511213	5.57e-44	185
CP043556.1	CP046746.1	92.969	128	8	1	964309	964436	511748	511622	5.57e-44	185
CP043556.1	CP046746.1	93.600	125	7	1	1048717	1048841	511624	511747	5.57e-44	185
CP043556.1	CP046746.1	93.548	124	8	0	1024231	1024354	511625	511748	5.57e-44	185
CP043556.1	CP046746.1	92.913	127	9	0	1045591	1045717	512235	512361	5.57e-44	185
CP043556.1	CP046746.1	93.600	125	7	1	972579	972703	512361	512238	5.57e-44	185
CP043556.1	CP046746.1	93.548	124	8	0	965115	965238	512361	512238	5.57e-44	185
CP043556.1	CP046746.1	93.548	124	8	0	956112	956235	512238	512361	5.57e-44	185
CP043556.1	CP046746.1	93.548	124	8	0	987363	987486	512238	512361	5.57e-44	185
CP043556.1	CP046746.1	93.548	124	8	0	1002494	1002617	512238	512361	5.57e-44	185
CP043556.1	CP046746.1	93.548	124	8	0	1008863	1008986	512238	512361	5.57e-44	185
CP043556.1	CP046746.1	93.600	125	7	1	1042048	1042172	512238	512361	5.57e-44	185
CP043556.1	CP046746.1	93.548	124	8	0	1062314	1062437	512238	512361	5.57e-44	185
CP043556.1	CP046746.1	92.308	130	10	0	1051170	1051299	513145	513274	5.57e-44	185
CP043556.1	CP046746.1	93.600	125	7	1	947714	947837	513145	513269	5.57e-44	185
CP043556.1	CP046746.1	93.548	124	8	0	974974	975097	513268	513145	5.57e-44	185
CP043556.1	CP046746.1	93.600	125	7	1	948246	948369	513818	513942	5.57e-44	185
CP043556.1	CP046746.1	93.548	124	8	0	1027845	1027968	513819	513942	5.57e-44	185
CP043556.1	CP046746.1	93.548	124	8	0	1030433	1030556	513819	513942	5.57e-44	185
CP043556.1	CP046746.1	93.548	124	8	0	1067027	1067150	513819	513942	5.57e-44	185
CP043556.1	CP046746.1	93.548	124	8	0	950088	950211	513820	513943	5.57e-44	185
CP043556.1	CP046746.1	93.548	124	8	0	951914	952037	513820	513943	5.57e-44	185
CP043556.1	CP046746.1	90.278	144	10	4	1057711	1057853	514699	514839	5.57e-44	185
CP043556.1	CP046746.1	93.548	124	8	0	948246	948369	514714	514837	5.57e-44	185
CP043556.1	CP046746.1	92.366	131	8	2	979424	979554	514843	514715	5.57e-44	185
CP043556.1	CP046746.1	93.023	129	6	3	1021934	1022060	514715	514842	5.57e-44	185
CP043556.1	CP046746.1	93.600	125	6	2	1031519	1031642	514716	514839	5.57e-44	185
CP043556.1	CP046746.1	91.304	138	8	4	948244	948378	515348	515484	5.57e-44	185
CP043556.1	CP046746.1	92.969	128	7	2	992601	992727	515348	515474	5.57e-44	185
CP043556.1	CP046746.1	93.651	126	4	4	1055586	1055709	515351	515474	5.57e-44	185
CP043556.1	CP046746.1	93.600	125	7	1	1056116	1056240	515351	515474	5.57e-44	185
CP043556.1	CP046746.1	93.600	125	7	1	1064254	1064378	515351	515474	5.57e-44	185
CP043556.1	CP046746.1	93.548	124	8	0	1021935	1022058	515353	515476	5.57e-44	185
CP043556.1	CP046746.1	92.366	131	8	2	984560	984688	516603	516733	5.57e-44	185
CP043556.1	CP046746.1	92.913	127	9	0	966155	966281	516731	516605	5.57e-44	185
CP043556.1	CP046746.1	93.600	125	7	1	961886	962009	516731	516607	5.57e-44	185
CP043556.1	CP046746.1	92.969	128	8	1	962718	962845	517400	517274	5.57e-44	185
CP043556.1	CP046746.1	92.969	128	8	1	965112	965238	517404	517277	5.57e-44	185
CP043556.1	CP046746.1	93.600	125	7	1	1010738	1010862	517277	517400	5.57e-44	185
CP043556.1	CP046746.1	93.600	125	7	1	946426	946550	517279	517402	5.57e-44	185
CP043556.1	CP046746.1	93.548	124	8	0	1040152	1040275	517279	517402	5.57e-44	185
CP043556.1	CP046746.1	92.366	131	9	1	977222	977351	518040	517910	5.57e-44	185
CP043556.1	CP046746.1	92.969	128	7	2	991598	991723	517911	518038	5.57e-44	185
CP043556.1	CP046746.1	92.969	128	7	2	976248	976373	518039	517912	5.57e-44	185
CP043556.1	CP046746.1	92.969	128	8	1	974009	974135	518039	517912	5.57e-44	185
CP043556.1	CP046746.1	92.969	128	8	1	1023643	1023769	517912	518039	5.57e-44	185
CP043556.1	CP046746.1	93.600	125	7	1	1068817	1068940	517914	518038	5.57e-44	185
CP043556.1	CP046746.1	93.548	124	8	0	1005171	1005294	517916	518039	5.57e-44	185
CP043556.1	CP046746.1	92.969	128	7	2	962715	962840	518641	518514	5.57e-44	185
CP043556.1	CP046746.1	92.913	127	9	0	1030903	1031029	519111	519237	5.57e-44	185
CP043556.1	CP046746.1	91.791	134	9	2	953642	953774	519710	519842	5.57e-44	185
CP043556.1	CP046746.1	92.969	128	7	2	967641	967767	519842	519716	5.57e-44	185
CP043556.1	CP046746.1	93.600	125	7	1	1049456	1049580	519719	519842	5.57e-44	185
CP043556.1	CP046746.1	93.600	125	7	1	1050049	1050173	519719	519842	5.57e-44	185
CP043556.1	CP046746.1	91.304	138	9	3	966144	966280	519855	519720	5.57e-44	185
CP043556.1	CP046746.1	92.969	128	8	1	1056117	1056244	519720	519846	5.57e-44	185
CP043556.1	CP046746.1	93.548	124	8	0	1050635	1050758	519720	519843	5.57e-44	185
CP043556.1	CP046746.1	94.309	123	4	3	982753	982873	519721	519842	5.57e-44	185
CP043556.1	CP046746.1	90.714	140	11	2	984548	984686	521241	521379	5.57e-44	185
CP043556.1	CP046746.1	92.969	128	8	1	1068331	1068458	521252	521378	5.57e-44	185
CP043556.1	CP046746.1	93.548	124	8	0	993565	993688	521256	521379	5.57e-44	185
CP043556.1	CP046746.1	93.548	124	8	0	1070304	1070427	521256	521379	5.57e-44	185
CP043556.1	CP046746.1	92.969	128	7	2	970797	970923	521959	521833	5.57e-44	185
CP043556.1	CP046746.1	93.548	124	8	0	1058411	1058534	521836	521959	5.57e-44	185
CP043556.1	CP046746.1	91.729	133	11	0	1032142	1032274	522399	522531	5.57e-44	185
CP043556.1	CP046746.1	92.308	130	10	0	1036317	1036446	522403	522532	5.57e-44	185
CP043556.1	CP046746.1	92.969	128	8	1	1018788	1018915	522405	522531	5.57e-44	185
CP043556.1	CP046746.1	92.969	128	8	1	1050634	1050760	522408	522535	5.57e-44	185
CP043556.1	CP046746.1	92.913	127	9	0	973006	973132	522534	522408	5.57e-44	185
CP043556.1	CP046746.1	92.913	127	9	0	1008329	1008455	522408	522534	5.57e-44	185
CP043556.1	CP046746.1	92.969	128	7	2	1043187	1043313	522408	522534	5.57e-44	185
CP043556.1	CP046746.1	93.548	124	8	0	987363	987486	522408	522531	5.57e-44	185
CP043556.1	CP046746.1	93.600	125	7	1	1056788	1056912	522408	522531	5.57e-44	185
CP043556.1	CP046746.1	93.600	125	6	2	988485	988608	522410	522533	5.57e-44	185
CP043556.1	CP046746.1	93.600	125	7	1	992605	992729	522410	522533	5.57e-44	185
CP043556.1	CP046746.1	90.714	140	11	2	1013298	1013436	522846	522984	5.57e-44	185
CP043556.1	CP046746.1	91.241	137	11	1	1026054	1026190	522846	522981	5.57e-44	185
CP043556.1	CP046746.1	91.791	134	10	1	1007132	1007264	522848	522981	5.57e-44	185
CP043556.1	CP046746.1	91.852	135	8	3	1055578	1055710	522848	522981	5.57e-44	185
CP043556.1	CP046746.1	91.791	134	10	1	953130	953263	522849	522981	5.57e-44	185
CP043556.1	CP046746.1	91.791	134	10	1	1018281	1018414	522849	522981	5.57e-44	185
CP043556.1	CP046746.1	92.366	131	9	1	1056111	1056241	522852	522981	5.57e-44	185
CP043556.1	CP046746.1	92.969	128	8	1	1068332	1068459	522855	522981	5.57e-44	185
CP043556.1	CP046746.1	93.548	124	8	0	1032151	1032274	522857	522980	5.57e-44	185
CP043556.1	CP046746.1	93.600	125	6	2	1062950	1063073	522857	522980	5.57e-44	185
CP043556.1	CP046746.1	93.600	125	7	1	1050050	1050174	522858	522981	5.57e-44	185
CP043556.1	CP046746.1	93.600	125	7	1	991066	991190	524949	525072	5.57e-44	185
CP043556.1	CP046746.1	93.023	129	6	3	951914	952042	524952	525077	5.57e-44	185
CP043556.1	CP046746.1	94.262	122	6	1	1002496	1002617	524952	525072	5.57e-44	185
CP043556.1	CP046746.1	92.366	131	9	1	961885	962015	526201	526072	5.57e-44	185
CP043556.1	CP046746.1	92.969	128	7	2	974975	975102	526198	526073	5.57e-44	185
CP043556.1	CP046746.1	92.969	128	8	1	964309	964436	526200	526074	5.57e-44	185
CP043556.1	CP046746.1	92.913	127	9	0	1040149	1040275	526074	526200	5.57e-44	185
CP043556.1	CP046746.1	93.548	124	8	0	1033966	1034089	526075	526198	5.57e-44	185
CP043556.1	CP046746.1	93.600	125	7	1	965580	965704	526200	526077	5.57e-44	185
CP043556.1	CP046746.1	93.548	124	8	0	1031519	1031642	526077	526200	5.57e-44	185
CP043556.1	CP046746.1	93.600	125	7	1	1042050	1042174	526077	526200	5.57e-44	185
CP043556.1	CP046746.1	93.600	125	7	1	1056118	1056242	526077	526200	5.57e-44	185
CP043556.1	CP046746.1	91.852	135	8	3	1030430	1030564	526715	526846	5.57e-44	185
CP043556.1	CP046746.1	93.548	124	8	0	983390	983513	526716	526839	5.57e-44	185
CP043556.1	CP046746.1	93.600	125	6	2	983924	984048	526717	526839	5.57e-44	185
CP043556.1	CP046746.1	93.600	125	6	2	1064254	1064378	526717	526839	5.57e-44	185
CP043556.1	CP046746.1	93.600	125	7	1	991602	991726	526719	526842	5.57e-44	185
CP043556.1	CP046746.1	94.262	122	6	1	951466	951587	526719	526839	5.57e-44	185
CP043556.1	CP046746.1	94.262	122	6	1	1009399	1009520	526719	526839	5.57e-44	185
CP043556.1	CP046746.1	94.262	122	6	1	1053000	1053121	526719	526839	5.57e-44	185
CP043556.1	CP046746.1	91.791	134	9	2	951462	951594	527505	527637	5.57e-44	185
CP043556.1	CP046746.1	92.969	128	7	2	955342	955468	527509	527635	5.57e-44	185
CP043556.1	CP046746.1	92.969	128	8	1	953648	953774	528219	528346	5.57e-44	185
CP043556.1	CP046746.1	93.600	125	6	2	946922	947045	528940	529063	5.57e-44	185
CP043556.1	CP046746.1	93.548	124	8	0	1050051	1050174	528940	529063	5.57e-44	185
CP043556.1	CP046746.1	93.548	124	8	0	1068336	1068459	528940	529063	5.57e-44	185
CP043556.1	CP046746.1	92.913	127	9	0	1014009	1014135	529750	529876	5.57e-44	185
CP043556.1	CP046746.1	93.600	125	7	1	978003	978126	529875	529751	5.57e-44	185
CP043556.1	CP046746.1	93.600	125	6	2	970798	970920	529875	529751	5.57e-44	185
CP043556.1	CP046746.1	93.600	125	7	1	997762	997885	529751	529875	5.57e-44	185
CP043556.1	CP046746.1	93.600	125	7	1	1043188	1043311	529751	529875	5.57e-44	185
CP043556.1	CP046746.1	93.600	125	7	1	1058410	1058533	529751	529875	5.57e-44	185
CP043556.1	CP046746.1	93.600	125	7	1	1067554	1067677	529751	529875	5.57e-44	185
CP043556.1	CP046746.1	93.600	125	7	1	995559	995682	529752	529876	5.57e-44	185
CP043556.1	CP046746.1	93.548	124	8	0	964310	964433	529875	529752	5.57e-44	185
CP043556.1	CP046746.1	93.548	124	8	0	1005171	1005294	529752	529875	5.57e-44	185
CP043556.1	CP046746.1	93.548	124	8	0	1018291	1018414	529752	529875	5.57e-44	185
CP043556.1	CP046746.1	93.548	124	8	0	1023646	1023769	529752	529875	5.57e-44	185
CP043556.1	CP046746.1	92.913	127	9	0	1047538	1047664	530322	530448	5.57e-44	185
CP043556.1	CP046746.1	93.600	125	7	1	983392	983515	530324	530448	5.57e-44	185
CP043556.1	CP046746.1	93.548	124	8	0	961886	962009	530448	530325	5.57e-44	185
CP043556.1	CP046746.1	93.600	125	7	1	946426	946550	530325	530448	5.57e-44	185
CP043556.1	CP046746.1	93.548	124	8	0	988485	988608	530325	530448	5.57e-44	185
CP043556.1	CP046746.1	93.600	125	7	1	1005171	1005295	530325	530448	5.57e-44	185
CP043556.1	CP046746.1	93.600	125	7	1	1023646	1023770	530325	530448	5.57e-44	185
CP043556.1	CP046746.1	93.600	125	7	1	1030434	1030558	530325	530448	5.57e-44	185
CP043556.1	CP046746.1	91.241	137	10	2	1030892	1031027	531112	531247	5.57e-44	185
CP043556.1	CP046746.1	93.600	125	7	1	965582	965706	531247	531124	5.57e-44	185
CP043556.1	CP046746.1	93.600	125	7	1	998914	999038	531124	531247	5.57e-44	185
CP043556.1	CP046746.1	93.600	125	7	1	999552	999676	531124	531247	5.57e-44	185
CP043556.1	CP046746.1	93.600	125	7	1	1064254	1064378	531124	531247	5.57e-44	185
CP043556.1	CP046746.1	93.600	125	7	1	1037895	1038019	531126	531249	5.57e-44	185
CP043556.1	CP046746.1	94.262	122	6	1	982753	982873	531126	531247	5.57e-44	185
CP043556.1	CP046746.1	93.548	124	8	0	1046762	1046885	533571	533694	5.57e-44	185
CP043556.1	CP046746.1	93.548	124	8	0	953653	953776	533572	533695	5.57e-44	185
CP043556.1	CP046746.1	93.600	125	7	1	998916	999040	533572	533695	5.57e-44	185
CP043556.1	CP046746.1	93.548	124	8	0	1067555	1067678	533572	533695	5.57e-44	185
CP043556.1	CP046746.1	91.791	134	9	2	958251	958383	534547	534415	5.57e-44	185
CP043556.1	CP046746.1	92.913	127	9	0	1025528	1025654	534417	534543	5.57e-44	185
CP043556.1	CP046746.1	92.913	127	9	0	978001	978127	534546	534420	5.57e-44	185
CP043556.1	CP046746.1	92.969	128	8	1	999552	999679	534420	534546	5.57e-44	185
CP043556.1	CP046746.1	92.913	127	9	0	1043187	1043313	534420	534546	5.57e-44	185
CP043556.1	CP046746.1	93.600	125	7	1	960066	960190	534543	534420	5.57e-44	185
CP043556.1	CP046746.1	93.548	124	8	0	1002494	1002617	534420	534543	5.57e-44	185
CP043556.1	CP046746.1	93.600	125	7	1	1018791	1018915	534420	534543	5.57e-44	185
CP043556.1	CP046746.1	92.969	128	8	1	944554	944681	534421	534547	5.57e-44	185
CP043556.1	CP046746.1	93.600	125	7	1	1030434	1030558	534422	534545	5.57e-44	185
CP043556.1	CP046746.1	92.969	128	8	1	1048252	1048379	535067	535193	5.57e-44	185
CP043556.1	CP046746.1	93.548	124	8	0	978004	978127	535192	535069	5.57e-44	185
CP043556.1	CP046746.1	93.600	125	7	1	988939	989063	535069	535192	5.57e-44	185
CP043556.1	CP046746.1	93.600	125	7	1	1061174	1061298	535070	535193	5.57e-44	185
CP043556.1	CP046746.1	93.600	125	7	1	1009397	1009520	535975	536099	5.57e-44	185
CP043556.1	CP046746.1	93.600	125	7	1	1011279	1011402	535976	536100	5.57e-44	185
CP043556.1	CP046746.1	93.600	125	7	1	1021934	1022057	535976	536100	5.57e-44	185
CP043556.1	CP046746.1	93.600	125	6	2	1005170	1005293	535976	536099	5.57e-44	185
CP043556.1	CP046746.1	93.548	124	8	0	1035730	1035853	535976	536099	5.57e-44	185
CP043556.1	CP046746.1	93.548	124	8	0	1010740	1010863	535977	536100	5.57e-44	185
CP043556.1	CP046746.1	92.969	128	8	1	978002	978128	536720	536593	5.57e-44	185
CP043556.1	CP046746.1	92.969	128	7	2	967640	967766	536719	536593	5.57e-44	185
CP043556.1	CP046746.1	93.548	124	8	0	1012804	1012927	536595	536718	5.57e-44	185
CP043556.1	CP046746.1	93.600	125	6	2	1017754	1017877	536595	536718	5.57e-44	185
CP043556.1	CP046746.1	93.600	125	7	1	1024231	1024354	536596	536720	5.57e-44	185
CP043556.1	CP046746.1	93.600	125	7	1	1067555	1067678	536596	536720	5.57e-44	185
CP043556.1	CP046746.1	91.791	134	10	1	1062941	1063073	537069	537202	5.57e-44	185
CP043556.1	CP046746.1	92.969	128	8	1	1010066	1010192	537078	537205	5.57e-44	185
CP043556.1	CP046746.1	92.913	127	9	0	1050050	1050176	537079	537205	5.57e-44	185
CP043556.1	CP046746.1	93.600	125	7	1	988485	988608	537080	537204	5.57e-44	185
CP043556.1	CP046746.1	90.278	144	11	3	978004	978146	538173	538032	5.57e-44	185
CP043556.1	CP046746.1	90.278	144	11	3	975613	975755	538173	538032	5.57e-44	185
CP043556.1	CP046746.1	90.278	144	10	4	983372	983513	538032	538173	5.57e-44	185
CP043556.1	CP046746.1	90.278	144	11	3	1030885	1031027	538032	538173	5.57e-44	185
CP043556.1	CP046746.1	91.791	134	9	2	1010057	1010189	538041	538173	5.57e-44	185
CP043556.1	CP046746.1	92.308	130	10	0	1030427	1030556	538044	538173	5.57e-44	185
CP043556.1	CP046746.1	92.969	128	8	1	1002492	1002618	538047	538174	5.57e-44	185
CP043556.1	CP046746.1	93.600	125	7	1	955340	955463	538049	538173	5.57e-44	185
CP043556.1	CP046746.1	93.600	125	7	1	1039761	1039884	538049	538173	5.57e-44	185
CP043556.1	CP046746.1	93.548	124	8	0	1014010	1014133	538050	538173	5.57e-44	185
CP043556.1	CP046746.1	93.548	124	8	0	1050050	1050173	538050	538173	5.57e-44	185
CP043556.1	CP046746.1	93.548	124	8	0	987899	988022	538051	538174	5.57e-44	185
CP043556.1	CP046746.1	93.548	124	8	0	1012805	1012928	538051	538174	5.57e-44	185
CP043556.1	CP046746.1	93.600	125	6	2	1017755	1017878	538051	538174	5.57e-44	185
CP043556.1	CP046746.1	91.241	137	10	2	993554	993688	538599	538735	5.57e-44	185
CP043556.1	CP046746.1	93.600	125	7	1	996977	997100	538610	538734	5.57e-44	185
CP043556.1	CP046746.1	92.969	128	8	1	1021934	1022060	538611	538738	5.57e-44	185
CP043556.1	CP046746.1	92.913	127	9	0	987898	988024	538611	538737	5.57e-44	185
CP043556.1	CP046746.1	92.969	128	7	2	975608	975734	538738	538612	5.57e-44	185
CP043556.1	CP046746.1	93.548	124	8	0	960065	960188	538735	538612	5.57e-44	185
CP043556.1	CP046746.1	93.548	124	8	0	950088	950211	538612	538735	5.57e-44	185
CP043556.1	CP046746.1	93.548	124	8	0	951914	952037	538612	538735	5.57e-44	185
CP043556.1	CP046746.1	92.969	128	8	1	974975	975102	539271	539145	5.57e-44	185
CP043556.1	CP046746.1	92.969	128	8	1	950083	950210	539145	539271	5.57e-44	185
CP043556.1	CP046746.1	93.548	124	8	0	1050051	1050174	539149	539272	5.57e-44	185
CP043556.1	CP046746.1	93.548	124	8	0	1056118	1056241	539149	539272	5.57e-44	185
CP043556.1	CP046746.1	92.969	128	7	2	1067550	1067676	539765	539891	5.57e-44	185
CP043556.1	CP046746.1	93.600	125	7	1	989526	989649	539767	539891	5.57e-44	185
CP043556.1	CP046746.1	92.913	127	9	0	1016477	1016603	539768	539894	5.57e-44	185
CP043556.1	CP046746.1	93.548	124	8	0	988940	989063	539768	539891	5.57e-44	185
CP043556.1	CP046746.1	93.548	124	8	0	999553	999676	539768	539891	5.57e-44	185
CP043556.1	CP046746.1	93.548	124	8	0	1056117	1056240	539768	539891	5.57e-44	185
CP043556.1	CP046746.1	93.600	125	6	2	969044	969168	540427	540305	5.57e-44	185
CP043556.1	CP046746.1	92.424	132	7	3	1026676	1026806	540306	540435	5.57e-44	185
CP043556.1	CP046746.1	94.309	123	4	3	1031519	1031640	540306	540426	5.57e-44	185
CP043556.1	CP046746.1	94.309	123	4	3	1036324	1036445	540306	540426	5.57e-44	185
CP043556.1	CP046746.1	94.309	123	4	3	1067555	1067676	540306	540426	5.57e-44	185
CP043556.1	CP046746.1	91.852	135	8	3	1009390	1009522	540951	541084	5.57e-44	185
CP043556.1	CP046746.1	92.969	128	8	1	1057727	1057853	540957	541084	5.57e-44	185
CP043556.1	CP046746.1	93.600	125	7	1	973007	973130	541084	540960	5.57e-44	185
CP043556.1	CP046746.1	93.600	125	7	1	955342	955465	540960	541084	5.57e-44	185
CP043556.1	CP046746.1	93.600	125	7	1	1054449	1054572	540960	541084	5.57e-44	185
CP043556.1	CP046746.1	92.913	127	9	0	1014008	1014134	542565	542691	5.57e-44	185
CP043556.1	CP046746.1	92.969	128	7	2	965579	965705	542693	542567	5.57e-44	185
CP043556.1	CP046746.1	92.913	127	9	0	999553	999679	542567	542693	5.57e-44	185
CP043556.1	CP046746.1	93.600	125	7	1	977223	977346	542691	542567	5.57e-44	185
CP043556.1	CP046746.1	93.600	125	7	1	1030905	1031028	542567	542691	5.57e-44	185
CP043556.1	CP046746.1	93.548	124	8	0	974975	975098	542690	542567	5.57e-44	185
CP043556.1	CP046746.1	93.548	124	8	0	1010739	1010862	542567	542690	5.57e-44	185
CP043556.1	CP046746.1	93.548	124	8	0	1018792	1018915	542567	542690	5.57e-44	185
CP043556.1	CP046746.1	92.969	128	7	2	1005171	1005297	542568	542694	5.57e-44	185
CP043556.1	CP046746.1	92.366	131	9	1	425831	425961	682047	682176	5.57e-44	185
CP043556.1	CP046746.1	92.308	130	9	1	690018	690146	408900	409029	2.00e-43	183
CP043556.1	CP046746.1	92.366	131	6	4	1067547	1067676	493108	493235	2.00e-43	183
CP043556.1	CP046746.1	93.548	124	6	2	977224	977346	493235	493113	2.00e-43	183
CP043556.1	CP046746.1	93.548	124	6	2	973009	973131	493235	493113	2.00e-43	183
CP043556.1	CP046746.1	93.548	124	6	2	997762	997884	493113	493235	2.00e-43	183
CP043556.1	CP046746.1	93.548	124	6	2	1008330	1008452	493113	493235	2.00e-43	183
CP043556.1	CP046746.1	93.548	124	6	2	1010067	1010189	493113	493235	2.00e-43	183
CP043556.1	CP046746.1	93.548	124	7	1	1026675	1026798	493113	493235	2.00e-43	183
CP043556.1	CP046746.1	93.548	124	6	2	1043188	1043310	493113	493235	2.00e-43	183
CP043556.1	CP046746.1	93.548	124	6	2	1054448	1054570	493113	493235	2.00e-43	183
CP043556.1	CP046746.1	92.308	130	8	1	961251	961378	493738	493609	2.00e-43	183
CP043556.1	CP046746.1	92.366	131	7	3	970791	970919	493745	493616	2.00e-43	183
CP043556.1	CP046746.1	92.913	127	8	1	1021935	1022060	493616	493742	2.00e-43	183
CP043556.1	CP046746.1	92.857	126	9	0	1016478	1016603	493616	493741	2.00e-43	183
CP043556.1	CP046746.1	92.913	127	7	2	950791	950915	494153	494279	2.00e-43	183
CP043556.1	CP046746.1	92.913	127	8	1	958252	958378	494278	494153	2.00e-43	183
CP043556.1	CP046746.1	92.308	130	9	1	1042050	1042179	494154	494282	2.00e-43	183
CP043556.1	CP046746.1	92.969	128	6	3	971754	971879	494280	494154	2.00e-43	183
CP043556.1	CP046746.1	92.913	127	8	1	1061806	1061931	495640	495766	2.00e-43	183
CP043556.1	CP046746.1	92.913	127	8	1	993565	993690	495641	495767	2.00e-43	183
CP043556.1	CP046746.1	93.496	123	8	0	1066409	1066531	495641	495763	2.00e-43	183
CP043556.1	CP046746.1	93.496	123	8	0	1070304	1070426	495641	495763	2.00e-43	183
CP043556.1	CP046746.1	93.496	123	8	0	978472	978594	496851	496729	2.00e-43	183
CP043556.1	CP046746.1	93.651	126	3	4	1055587	1055709	497428	497551	2.00e-43	183
CP043556.1	CP046746.1	92.308	130	8	2	1001967	1002095	497429	497557	2.00e-43	183
CP043556.1	CP046746.1	93.548	124	6	2	1005171	1005293	497429	497551	2.00e-43	183
CP043556.1	CP046746.1	93.548	124	6	2	1023646	1023768	497429	497551	2.00e-43	183
CP043556.1	CP046746.1	93.496	123	8	0	1026067	1026189	497429	497551	2.00e-43	183
CP043556.1	CP046746.1	93.496	123	8	0	1035731	1035853	497429	497551	2.00e-43	183
CP043556.1	CP046746.1	90.647	139	12	1	964305	964443	499047	498910	2.00e-43	183
CP043556.1	CP046746.1	92.857	126	9	0	1045592	1045717	498916	499041	2.00e-43	183
CP043556.1	CP046746.1	92.913	127	8	1	988939	989065	498918	499043	2.00e-43	183
CP043556.1	CP046746.1	93.496	123	8	0	1037047	1037169	498919	499041	2.00e-43	183
CP043556.1	CP046746.1	93.496	123	8	0	988485	988607	498920	499042	2.00e-43	183
CP043556.1	CP046746.1	93.548	124	7	1	992605	992728	498920	499042	2.00e-43	183
CP043556.1	CP046746.1	93.548	124	7	1	1030434	1030557	498920	499042	2.00e-43	183
CP043556.1	CP046746.1	93.548	124	7	1	1063760	1063883	498920	499042	2.00e-43	183
CP043556.1	CP046746.1	92.913	127	8	1	1067862	1067987	499546	499672	2.00e-43	183
CP043556.1	CP046746.1	92.913	127	8	1	955341	955466	499547	499673	2.00e-43	183
CP043556.1	CP046746.1	92.913	127	8	1	1054448	1054573	499547	499673	2.00e-43	183
CP043556.1	CP046746.1	93.548	124	7	1	1013311	1013433	499548	499671	2.00e-43	183
CP043556.1	CP046746.1	93.496	123	8	0	952655	952777	499548	499670	2.00e-43	183
CP043556.1	CP046746.1	93.496	123	8	0	1029862	1029984	499548	499670	2.00e-43	183
CP043556.1	CP046746.1	91.176	136	11	1	1024228	1024362	500301	500436	2.00e-43	183
CP043556.1	CP046746.1	92.308	130	8	2	946919	947047	500301	500429	2.00e-43	183
CP043556.1	CP046746.1	92.248	129	10	0	1005168	1005296	500301	500429	2.00e-43	183
CP043556.1	CP046746.1	92.857	126	9	0	964308	964433	500429	500304	2.00e-43	183
CP043556.1	CP046746.1	93.548	124	7	1	1046763	1046885	500304	500427	2.00e-43	183
CP043556.1	CP046746.1	92.913	127	8	1	1005854	1005980	500941	501066	2.00e-43	183
CP043556.1	CP046746.1	92.913	127	8	1	999552	999678	500942	501067	2.00e-43	183
CP043556.1	CP046746.1	93.496	123	8	0	1006581	1006703	500943	501065	2.00e-43	183
CP043556.1	CP046746.1	93.548	124	7	1	1061174	1061297	500943	501065	2.00e-43	183
CP043556.1	CP046746.1	89.796	147	10	5	1055582	1055725	501666	501810	2.00e-43	183
CP043556.1	CP046746.1	92.308	130	9	1	956108	956236	501666	501795	2.00e-43	183
CP043556.1	CP046746.1	92.857	126	9	0	999551	999676	501669	501794	2.00e-43	183
CP043556.1	CP046746.1	92.857	126	9	0	1067025	1067150	501669	501794	2.00e-43	183
CP043556.1	CP046746.1	92.308	130	9	1	958248	958377	501800	501672	2.00e-43	183
CP043556.1	CP046746.1	93.496	123	8	0	946426	946548	501672	501794	2.00e-43	183
CP043556.1	CP046746.1	93.496	123	8	0	1026067	1026189	501672	501794	2.00e-43	183
CP043556.1	CP046746.1	93.496	123	8	0	1048718	1048840	501672	501794	2.00e-43	183
CP043556.1	CP046746.1	90.714	140	10	3	1063759	1063897	502303	502440	2.00e-43	183
CP043556.1	CP046746.1	93.548	124	7	1	1009398	1009521	502303	502425	2.00e-43	183
CP043556.1	CP046746.1	93.548	124	7	1	1044935	1045058	502303	502425	2.00e-43	183
CP043556.1	CP046746.1	93.548	124	6	2	987898	988021	502303	502424	2.00e-43	183
CP043556.1	CP046746.1	93.548	124	6	2	1037894	1038017	502303	502424	2.00e-43	183
CP043556.1	CP046746.1	93.548	124	7	1	977222	977345	502426	502304	2.00e-43	183
CP043556.1	CP046746.1	93.548	124	6	2	972578	972701	502425	502304	2.00e-43	183
CP043556.1	CP046746.1	93.548	124	6	2	998916	999039	502304	502425	2.00e-43	183
CP043556.1	CP046746.1	90.714	140	10	3	1055587	1055725	503923	504060	2.00e-43	183
CP043556.1	CP046746.1	93.548	124	7	1	974975	975098	504045	503923	2.00e-43	183
CP043556.1	CP046746.1	93.548	124	7	1	960066	960189	504045	503923	2.00e-43	183
CP043556.1	CP046746.1	93.496	123	8	0	990283	990405	503923	504045	2.00e-43	183
CP043556.1	CP046746.1	93.548	124	7	1	1018792	1018915	503923	504045	2.00e-43	183
CP043556.1	CP046746.1	93.496	123	8	0	1062951	1063073	503923	504045	2.00e-43	183
CP043556.1	CP046746.1	93.496	123	8	0	1068818	1068940	503923	504045	2.00e-43	183
CP043556.1	CP046746.1	93.496	123	8	0	976248	976370	504046	503924	2.00e-43	183
CP043556.1	CP046746.1	93.496	123	8	0	968369	968491	504046	503924	2.00e-43	183
CP043556.1	CP046746.1	93.496	123	8	0	951466	951588	503924	504046	2.00e-43	183
CP043556.1	CP046746.1	93.496	123	8	0	1001967	1002089	503924	504046	2.00e-43	183
CP043556.1	CP046746.1	93.496	123	8	0	1007142	1007264	503924	504046	2.00e-43	183
CP043556.1	CP046746.1	93.496	123	8	0	1040152	1040274	503924	504046	2.00e-43	183
CP043556.1	CP046746.1	93.548	124	7	1	1063760	1063883	503924	504046	2.00e-43	183
CP043556.1	CP046746.1	92.913	127	8	1	1067861	1067986	504507	504633	2.00e-43	183
CP043556.1	CP046746.1	92.857	126	9	0	1005856	1005981	504509	504634	2.00e-43	183
CP043556.1	CP046746.1	93.548	124	7	1	965115	965237	504632	504509	2.00e-43	183
CP043556.1	CP046746.1	93.548	124	6	2	963247	963368	504633	504510	2.00e-43	183
CP043556.1	CP046746.1	93.548	124	7	1	961887	962009	504633	504510	2.00e-43	183
CP043556.1	CP046746.1	93.496	123	8	0	1012805	1012927	504510	504632	2.00e-43	183
CP043556.1	CP046746.1	93.548	124	6	2	1017755	1017877	504510	504632	2.00e-43	183
CP043556.1	CP046746.1	91.729	133	9	2	1058401	1058532	505120	505251	2.00e-43	183
CP043556.1	CP046746.1	92.913	127	7	2	965112	965237	505254	505129	2.00e-43	183
CP043556.1	CP046746.1	93.548	124	7	1	961251	961374	505251	505129	2.00e-43	183
CP043556.1	CP046746.1	93.548	124	6	2	997762	997884	505129	505251	2.00e-43	183
CP043556.1	CP046746.1	93.548	124	7	1	1005856	1005979	505129	505251	2.00e-43	183
CP043556.1	CP046746.1	93.548	124	6	2	1024230	1024352	505129	505251	2.00e-43	183
CP043556.1	CP046746.1	93.548	124	6	2	1030905	1031027	505129	505251	2.00e-43	183
CP043556.1	CP046746.1	93.548	124	6	2	1043188	1043310	505129	505251	2.00e-43	183
CP043556.1	CP046746.1	93.548	124	6	2	1069392	1069514	505129	505251	2.00e-43	183
CP043556.1	CP046746.1	92.969	128	6	3	976244	976370	505255	505130	2.00e-43	183
CP043556.1	CP046746.1	92.969	128	5	4	982753	982878	505130	505255	2.00e-43	183
CP043556.1	CP046746.1	93.548	124	6	2	1003030	1003152	505130	505252	2.00e-43	183
CP043556.1	CP046746.1	91.729	133	10	1	1052990	1053121	505657	505789	2.00e-43	183
CP043556.1	CP046746.1	91.791	134	8	3	1023637	1023769	505659	505790	2.00e-43	183
CP043556.1	CP046746.1	92.969	128	6	3	1062947	1063073	505664	505789	2.00e-43	183
CP043556.1	CP046746.1	92.857	126	9	0	988482	988607	505665	505790	2.00e-43	183
CP043556.1	CP046746.1	92.857	126	9	0	995557	995682	505666	505791	2.00e-43	183
CP043556.1	CP046746.1	93.548	124	7	1	969045	969168	505789	505667	2.00e-43	183
CP043556.1	CP046746.1	93.496	123	8	0	973008	973130	505790	505668	2.00e-43	183
CP043556.1	CP046746.1	93.496	123	8	0	1008331	1008453	505668	505790	2.00e-43	183
CP043556.1	CP046746.1	93.496	123	8	0	1024231	1024353	505668	505790	2.00e-43	183
CP043556.1	CP046746.1	93.548	124	7	1	1042050	1042173	505668	505790	2.00e-43	183
CP043556.1	CP046746.1	93.496	123	8	0	1067555	1067677	505668	505790	2.00e-43	183
CP043556.1	CP046746.1	91.176	136	11	1	965580	965715	506428	506294	2.00e-43	183
CP043556.1	CP046746.1	92.308	130	9	1	1050046	1050175	506300	506428	2.00e-43	183
CP043556.1	CP046746.1	93.496	123	8	0	965115	965237	506426	506304	2.00e-43	183
CP043556.1	CP046746.1	93.548	124	7	1	993564	993687	506304	506426	2.00e-43	183
CP043556.1	CP046746.1	93.496	123	8	0	1050635	1050757	506304	506426	2.00e-43	183
CP043556.1	CP046746.1	90.714	140	9	3	1007128	1007264	506863	507001	2.00e-43	183
CP043556.1	CP046746.1	92.857	126	9	0	978003	978128	507001	506876	2.00e-43	183
CP043556.1	CP046746.1	92.913	127	8	1	1067025	1067151	506876	507001	2.00e-43	183
CP043556.1	CP046746.1	93.548	124	7	1	1070303	1070426	506878	507000	2.00e-43	183
CP043556.1	CP046746.1	92.857	126	9	0	1046763	1046888	506879	507004	2.00e-43	183
CP043556.1	CP046746.1	93.496	123	8	0	976248	976370	507001	506879	2.00e-43	183
CP043556.1	CP046746.1	93.548	124	7	1	1023646	1023769	506879	507001	2.00e-43	183
CP043556.1	CP046746.1	91.667	132	11	0	1006572	1006703	507496	507627	2.00e-43	183
CP043556.1	CP046746.1	92.913	127	8	1	966932	967058	507629	507504	2.00e-43	183
CP043556.1	CP046746.1	92.857	126	9	0	997762	997887	507505	507630	2.00e-43	183
CP043556.1	CP046746.1	92.913	127	8	1	999553	999679	507505	507630	2.00e-43	183
CP043556.1	CP046746.1	92.857	126	9	0	1055587	1055712	507505	507630	2.00e-43	183
CP043556.1	CP046746.1	93.548	124	7	1	1010739	1010862	507505	507627	2.00e-43	183
CP043556.1	CP046746.1	93.496	123	8	0	1025532	1025654	507505	507627	2.00e-43	183
CP043556.1	CP046746.1	92.308	130	9	1	1029862	1029991	507506	507634	2.00e-43	183
CP043556.1	CP046746.1	93.600	125	5	3	982753	982875	507506	507629	2.00e-43	183
CP043556.1	CP046746.1	92.913	127	8	1	1005167	1005293	508141	508266	2.00e-43	183
CP043556.1	CP046746.1	93.548	124	7	1	983391	983513	508143	508266	2.00e-43	183
CP043556.1	CP046746.1	93.548	124	7	1	966934	967057	508266	508144	2.00e-43	183
CP043556.1	CP046746.1	93.548	124	7	1	1014010	1014133	508144	508266	2.00e-43	183
CP043556.1	CP046746.1	90.714	140	10	3	1067028	1067166	508145	508282	2.00e-43	183
CP043556.1	CP046746.1	93.548	124	6	2	991602	991724	508145	508267	2.00e-43	183
CP043556.1	CP046746.1	93.548	124	7	1	1017755	1017878	508145	508267	2.00e-43	183
CP043556.1	CP046746.1	93.548	124	7	1	1034725	1034848	508145	508267	2.00e-43	183
CP043556.1	CP046746.1	92.308	130	9	1	1030900	1031028	508729	508858	2.00e-43	183
CP043556.1	CP046746.1	92.308	130	8	2	950082	950210	508729	508857	2.00e-43	183
CP043556.1	CP046746.1	91.667	132	11	0	961879	962010	508866	508735	2.00e-43	183
CP043556.1	CP046746.1	92.857	126	9	0	951465	951590	508735	508860	2.00e-43	183
CP043556.1	CP046746.1	92.913	127	7	2	1057729	1057854	508735	508860	2.00e-43	183
CP043556.1	CP046746.1	93.496	123	8	0	991068	991190	508735	508857	2.00e-43	183
CP043556.1	CP046746.1	93.496	123	8	0	1021934	1022056	508735	508857	2.00e-43	183
CP043556.1	CP046746.1	93.496	123	8	0	1051928	1052050	508735	508857	2.00e-43	183
CP043556.1	CP046746.1	92.308	130	9	1	1070304	1070433	508736	508864	2.00e-43	183
CP043556.1	CP046746.1	92.913	127	8	1	971754	971879	508862	508736	2.00e-43	183
CP043556.1	CP046746.1	92.913	127	7	2	993565	993690	508736	508861	2.00e-43	183
CP043556.1	CP046746.1	92.913	127	8	1	1050051	1050177	508736	508861	2.00e-43	183
CP043556.1	CP046746.1	93.496	123	8	0	977223	977345	508858	508736	2.00e-43	183
CP043556.1	CP046746.1	92.857	126	9	0	962717	962842	509996	509871	2.00e-43	183
CP043556.1	CP046746.1	93.496	123	8	0	1031518	1031640	509873	509995	2.00e-43	183
CP043556.1	CP046746.1	93.548	124	7	1	987899	988022	509874	509996	2.00e-43	183
CP043556.1	CP046746.1	93.496	123	8	0	1051929	1052051	509874	509996	2.00e-43	183
CP043556.1	CP046746.1	91.729	133	10	1	1052990	1053121	510395	510527	2.00e-43	183
CP043556.1	CP046746.1	92.308	130	9	1	1043184	1043313	510402	510530	2.00e-43	183
CP043556.1	CP046746.1	92.913	127	8	1	965115	965241	510527	510402	2.00e-43	183
CP043556.1	CP046746.1	92.308	130	9	1	997759	997888	510403	510531	2.00e-43	183
CP043556.1	CP046746.1	93.548	124	7	1	969045	969168	510527	510405	2.00e-43	183
CP043556.1	CP046746.1	90.714	140	10	3	1050636	1050773	510406	510544	2.00e-43	183
CP043556.1	CP046746.1	92.913	127	8	1	983393	983518	510406	510532	2.00e-43	183
CP043556.1	CP046746.1	92.913	127	8	1	972575	972701	510531	510406	2.00e-43	183
CP043556.1	CP046746.1	92.913	127	7	2	1055588	1055713	510406	510531	2.00e-43	183
CP043556.1	CP046746.1	92.857	126	9	0	1067555	1067680	510406	510531	2.00e-43	183
CP043556.1	CP046746.1	93.548	124	7	1	988941	989064	510406	510528	2.00e-43	183
CP043556.1	CP046746.1	93.548	124	7	1	1005857	1005980	510406	510528	2.00e-43	183
CP043556.1	CP046746.1	93.548	124	7	1	1014011	1014134	510406	510528	2.00e-43	183
CP043556.1	CP046746.1	93.548	124	7	1	1049458	1049581	510406	510528	2.00e-43	183
CP043556.1	CP046746.1	92.913	127	8	1	965582	965708	511212	511087	2.00e-43	183
CP043556.1	CP046746.1	92.913	127	8	1	946918	947044	511087	511212	2.00e-43	183
CP043556.1	CP046746.1	92.857	126	9	0	1055584	1055709	511087	511212	2.00e-43	183
CP043556.1	CP046746.1	93.548	124	7	1	944554	944677	511090	511212	2.00e-43	183
CP043556.1	CP046746.1	93.548	124	7	1	1050050	1050173	511090	511212	2.00e-43	183
CP043556.1	CP046746.1	91.791	134	8	3	1056790	1056922	511625	511756	2.00e-43	183
CP043556.1	CP046746.1	93.548	124	7	1	988941	989064	511625	511747	2.00e-43	183
CP043556.1	CP046746.1	91.791	134	8	3	1037884	1038017	512231	512361	2.00e-43	183
CP043556.1	CP046746.1	92.913	127	8	1	988937	989063	512236	512361	2.00e-43	183
CP043556.1	CP046746.1	93.548	124	7	1	966934	967057	512361	512239	2.00e-43	183
CP043556.1	CP046746.1	93.496	123	8	0	1047540	1047662	512239	512361	2.00e-43	183
CP043556.1	CP046746.1	92.308	130	9	1	1027846	1027975	512240	512368	2.00e-43	183
CP043556.1	CP046746.1	92.248	129	10	0	1064250	1064378	513139	513267	2.00e-43	183
CP043556.1	CP046746.1	92.913	127	7	2	989528	989653	513145	513270	2.00e-43	183
CP043556.1	CP046746.1	93.548	124	7	1	971757	971879	513268	513145	2.00e-43	183
CP043556.1	CP046746.1	93.548	124	7	1	1068819	1068941	513145	513268	2.00e-43	183
CP043556.1	CP046746.1	93.496	123	8	0	961251	961373	513267	513145	2.00e-43	183
CP043556.1	CP046746.1	92.308	130	9	1	991064	991192	513815	513944	2.00e-43	183
CP043556.1	CP046746.1	92.857	126	9	0	952654	952779	513819	513944	2.00e-43	183
CP043556.1	CP046746.1	92.857	126	9	0	1034724	1034849	513819	513944	2.00e-43	183
CP043556.1	CP046746.1	93.548	124	7	1	1001966	1002088	513819	513942	2.00e-43	183
CP043556.1	CP046746.1	93.548	124	7	1	1007141	1007263	513819	513942	2.00e-43	183
CP043556.1	CP046746.1	93.496	123	8	0	972579	972701	513942	513820	2.00e-43	183
CP043556.1	CP046746.1	93.496	123	8	0	983926	984048	513820	513942	2.00e-43	183
CP043556.1	CP046746.1	93.548	124	6	2	988941	989063	513820	513942	2.00e-43	183
CP043556.1	CP046746.1	91.729	133	9	2	987897	988028	514714	514845	2.00e-43	183
CP043556.1	CP046746.1	91.729	133	9	2	1046130	1046262	514715	514845	2.00e-43	183
CP043556.1	CP046746.1	93.548	124	7	1	1051169	1051292	514715	514837	2.00e-43	183
CP043556.1	CP046746.1	93.548	124	7	1	983393	983515	514716	514839	2.00e-43	183
CP043556.1	CP046746.1	93.548	124	6	2	1030906	1031028	514716	514838	2.00e-43	183
CP043556.1	CP046746.1	92.857	126	9	0	963779	963904	515476	515351	2.00e-43	183
CP043556.1	CP046746.1	92.857	126	9	0	1008863	1008988	515351	515476	2.00e-43	183
CP043556.1	CP046746.1	92.913	127	8	1	1016476	1016602	515351	515476	2.00e-43	183
CP043556.1	CP046746.1	93.496	123	8	0	1031518	1031640	515352	515474	2.00e-43	183
CP043556.1	CP046746.1	93.548	124	7	1	1049457	1049580	515352	515474	2.00e-43	183
CP043556.1	CP046746.1	93.548	124	7	1	969044	969167	515475	515353	2.00e-43	183
CP043556.1	CP046746.1	90.210	143	10	4	1025514	1025654	516589	516729	2.00e-43	183
CP043556.1	CP046746.1	92.857	126	9	0	1050050	1050175	516606	516731	2.00e-43	183
CP043556.1	CP046746.1	93.496	123	8	0	1011815	1011937	516607	516729	2.00e-43	183
CP043556.1	CP046746.1	92.913	127	8	1	1068334	1068460	517277	517402	2.00e-43	183
CP043556.1	CP046746.1	92.913	127	8	1	966931	967057	517403	517278	2.00e-43	183
CP043556.1	CP046746.1	92.913	127	7	2	972578	972703	518039	517914	2.00e-43	183
CP043556.1	CP046746.1	92.857	126	9	0	1049457	1049582	517915	518040	2.00e-43	183
CP043556.1	CP046746.1	93.548	124	7	1	968369	968491	518039	517916	2.00e-43	183
CP043556.1	CP046746.1	93.548	124	7	1	951466	951588	517916	518039	2.00e-43	183
CP043556.1	CP046746.1	93.548	124	7	1	1001967	1002089	517916	518039	2.00e-43	183
CP043556.1	CP046746.1	93.548	124	7	1	1040152	1040274	517916	518039	2.00e-43	183
CP043556.1	CP046746.1	93.496	123	8	0	952655	952777	517916	518038	2.00e-43	183
CP043556.1	CP046746.1	93.496	123	8	0	1034725	1034847	517916	518038	2.00e-43	183
CP043556.1	CP046746.1	93.496	123	8	0	1046131	1046253	517916	518038	2.00e-43	183
CP043556.1	CP046746.1	93.496	123	8	0	1051170	1051292	517916	518038	2.00e-43	183
CP043556.1	CP046746.1	92.913	127	8	1	1025529	1025654	518511	518637	2.00e-43	183
CP043556.1	CP046746.1	92.913	127	8	1	1047539	1047664	518513	518639	2.00e-43	183
CP043556.1	CP046746.1	93.548	124	7	1	963781	963903	518637	518514	2.00e-43	183
CP043556.1	CP046746.1	93.548	124	7	1	984563	984685	518514	518637	2.00e-43	183
CP043556.1	CP046746.1	93.496	123	8	0	1011815	1011937	518515	518637	2.00e-43	183
CP043556.1	CP046746.1	93.496	123	8	0	1017755	1017877	518515	518637	2.00e-43	183
CP043556.1	CP046746.1	91.729	133	9	2	993556	993687	519104	519235	2.00e-43	183
CP043556.1	CP046746.1	92.857	126	9	0	977222	977347	519237	519112	2.00e-43	183
CP043556.1	CP046746.1	93.496	123	8	0	1001967	1002089	519114	519236	2.00e-43	183
CP043556.1	CP046746.1	92.308	130	8	2	1067547	1067676	519715	519842	2.00e-43	183
CP043556.1	CP046746.1	93.496	123	8	0	1024230	1024352	519720	519842	2.00e-43	183
CP043556.1	CP046746.1	93.548	124	7	1	1012805	1012928	519721	519843	2.00e-43	183
CP043556.1	CP046746.1	92.913	127	8	1	1013307	1013432	521252	521378	2.00e-43	183
CP043556.1	CP046746.1	93.548	124	7	1	1006582	1006704	521256	521379	2.00e-43	183
CP043556.1	CP046746.1	93.548	124	7	1	1032153	1032275	521256	521379	2.00e-43	183
CP043556.1	CP046746.1	93.496	123	8	0	1003029	1003151	521835	521957	2.00e-43	183
CP043556.1	CP046746.1	93.548	124	7	1	1015388	1015511	521835	521957	2.00e-43	183
CP043556.1	CP046746.1	93.548	124	7	1	1034724	1034847	521835	521957	2.00e-43	183
CP043556.1	CP046746.1	93.548	124	7	1	1051169	1051292	521835	521957	2.00e-43	183
CP043556.1	CP046746.1	92.913	127	8	1	961247	961373	521961	521836	2.00e-43	183
CP043556.1	CP046746.1	93.548	124	7	1	1014011	1014134	521836	521958	2.00e-43	183
CP043556.1	CP046746.1	93.496	123	8	0	1030906	1031028	521836	521958	2.00e-43	183
CP043556.1	CP046746.1	93.496	123	8	0	1036324	1036446	521836	521958	2.00e-43	183
CP043556.1	CP046746.1	93.496	123	8	0	1069393	1069515	521836	521958	2.00e-43	183
CP043556.1	CP046746.1	90.647	139	12	1	1030904	1031042	522408	522545	2.00e-43	183
CP043556.1	CP046746.1	90.714	140	10	3	1068817	1068955	522408	522545	2.00e-43	183
CP043556.1	CP046746.1	91.729	133	10	1	1010738	1010870	522408	522539	2.00e-43	183
CP043556.1	CP046746.1	92.913	127	8	1	983391	983516	522408	522534	2.00e-43	183
CP043556.1	CP046746.1	93.548	124	7	1	1070303	1070426	522409	522531	2.00e-43	183
CP043556.1	CP046746.1	92.913	127	7	2	969042	969167	522535	522410	2.00e-43	183
CP043556.1	CP046746.1	92.913	127	7	2	1012805	1012930	522410	522535	2.00e-43	183
CP043556.1	CP046746.1	92.913	127	8	1	1027846	1027972	522410	522535	2.00e-43	183
CP043556.1	CP046746.1	93.496	123	8	0	995559	995681	522410	522532	2.00e-43	183
CP043556.1	CP046746.1	93.548	124	7	1	1035731	1035854	522410	522532	2.00e-43	183
CP043556.1	CP046746.1	91.176	136	11	1	1017742	1017877	522846	522980	2.00e-43	183
CP043556.1	CP046746.1	91.176	136	11	1	1029849	1029984	522846	522980	2.00e-43	183
CP043556.1	CP046746.1	91.729	133	9	2	991592	991723	522849	522980	2.00e-43	183
CP043556.1	CP046746.1	91.729	133	10	1	1015379	1015511	522849	522980	2.00e-43	183
CP043556.1	CP046746.1	91.729	133	10	1	1046121	1046253	522849	522980	2.00e-43	183
CP043556.1	CP046746.1	92.248	129	10	0	963781	963909	522980	522852	2.00e-43	183
CP043556.1	CP046746.1	92.248	129	10	0	962718	962846	522980	522852	2.00e-43	183
CP043556.1	CP046746.1	92.913	127	8	1	958254	958380	522981	522856	2.00e-43	183
CP043556.1	CP046746.1	92.857	126	9	0	1024228	1024353	522856	522981	2.00e-43	183
CP043556.1	CP046746.1	93.496	123	8	0	1006581	1006703	522858	522980	2.00e-43	183
CP043556.1	CP046746.1	93.548	124	7	1	1061174	1061297	522858	522980	2.00e-43	183
CP043556.1	CP046746.1	93.548	124	7	1	1070303	1070426	522858	522980	2.00e-43	183
CP043556.1	CP046746.1	93.496	123	8	0	961887	962009	522981	522859	2.00e-43	183
CP043556.1	CP046746.1	91.791	134	8	3	1011269	1011401	524941	525072	2.00e-43	183
CP043556.1	CP046746.1	91.791	134	8	3	1021924	1022056	524941	525072	2.00e-43	183
CP043556.1	CP046746.1	92.308	130	8	2	968370	968498	525072	524944	2.00e-43	183
CP043556.1	CP046746.1	92.308	130	8	2	951459	951587	524944	525072	2.00e-43	183
CP043556.1	CP046746.1	92.913	127	7	2	975613	975739	525072	524948	2.00e-43	183
CP043556.1	CP046746.1	92.969	128	6	3	950083	950210	524948	525072	2.00e-43	183
CP043556.1	CP046746.1	92.913	127	7	2	1030901	1031027	524948	525072	2.00e-43	183
CP043556.1	CP046746.1	93.548	124	7	1	1051927	1052050	524950	525072	2.00e-43	183
CP043556.1	CP046746.1	93.548	124	6	2	1048717	1048840	524951	525072	2.00e-43	183
CP043556.1	CP046746.1	91.667	132	11	0	1000966	1001097	525545	525676	2.00e-43	183
CP043556.1	CP046746.1	92.308	130	8	2	1004042	1004169	526069	526198	2.00e-43	183
CP043556.1	CP046746.1	92.913	127	8	1	1062947	1063073	526073	526198	2.00e-43	183
CP043556.1	CP046746.1	92.913	127	8	1	1030433	1030559	526076	526201	2.00e-43	183
CP043556.1	CP046746.1	91.241	137	9	3	1018793	1018927	526077	526212	2.00e-43	183
CP043556.1	CP046746.1	93.548	124	7	1	988941	989064	526077	526199	2.00e-43	183
CP043556.1	CP046746.1	93.548	124	7	1	1064256	1064379	526077	526199	2.00e-43	183
CP043556.1	CP046746.1	92.308	130	9	1	1008323	1008452	526711	526839	2.00e-43	183
CP043556.1	CP046746.1	92.308	130	9	1	1054441	1054570	526711	526839	2.00e-43	183
CP043556.1	CP046746.1	93.548	124	7	1	973009	973132	526839	526717	2.00e-43	183
CP043556.1	CP046746.1	92.308	130	8	2	950081	950210	527503	527630	2.00e-43	183
CP043556.1	CP046746.1	92.308	130	9	1	1018288	1018417	527506	527634	2.00e-43	183
CP043556.1	CP046746.1	93.548	124	7	1	1046130	1046253	527508	527630	2.00e-43	183
CP043556.1	CP046746.1	93.548	124	7	1	1005857	1005980	527509	527631	2.00e-43	183
CP043556.1	CP046746.1	93.548	124	7	1	1014011	1014134	527509	527631	2.00e-43	183
CP043556.1	CP046746.1	91.241	137	8	2	993554	993687	528927	529062	2.00e-43	183
CP043556.1	CP046746.1	92.857	126	9	0	1061172	1061297	528937	529062	2.00e-43	183
CP043556.1	CP046746.1	92.913	127	7	2	967638	967763	529065	528940	2.00e-43	183
CP043556.1	CP046746.1	92.857	126	9	0	1005857	1005982	528940	529065	2.00e-43	183
CP043556.1	CP046746.1	93.548	124	7	1	961887	962009	529063	528940	2.00e-43	183
CP043556.1	CP046746.1	93.548	124	6	2	983393	983514	528940	529063	2.00e-43	183
CP043556.1	CP046746.1	93.548	124	7	1	1061807	1061929	528940	529063	2.00e-43	183
CP043556.1	CP046746.1	93.496	123	8	0	1011815	1011937	528940	529062	2.00e-43	183
CP043556.1	CP046746.1	93.548	124	7	1	956113	956235	529751	529874	2.00e-43	183
CP043556.1	CP046746.1	93.548	124	7	1	984563	984685	529751	529874	2.00e-43	183
CP043556.1	CP046746.1	93.548	124	7	1	987364	987486	529751	529874	2.00e-43	183
CP043556.1	CP046746.1	93.548	124	7	1	1045595	1045717	529751	529874	2.00e-43	183
CP043556.1	CP046746.1	93.548	124	7	1	951466	951588	529752	529875	2.00e-43	183
CP043556.1	CP046746.1	93.548	124	7	1	1044936	1045058	529752	529875	2.00e-43	183
CP043556.1	CP046746.1	93.496	123	8	0	987899	988021	529752	529874	2.00e-43	183
CP043556.1	CP046746.1	93.496	123	8	0	1012805	1012927	529752	529874	2.00e-43	183
CP043556.1	CP046746.1	93.496	123	8	0	1015389	1015511	529752	529874	2.00e-43	183
CP043556.1	CP046746.1	93.496	123	8	0	1034725	1034847	529752	529874	2.00e-43	183
CP043556.1	CP046746.1	93.496	123	8	0	1046131	1046253	529752	529874	2.00e-43	183
CP043556.1	CP046746.1	93.496	123	8	0	1051170	1051292	529752	529874	2.00e-43	183
CP043556.1	CP046746.1	92.308	130	9	1	1050046	1050175	530320	530448	2.00e-43	183
CP043556.1	CP046746.1	92.913	127	8	1	966932	967058	530448	530323	2.00e-43	183
CP043556.1	CP046746.1	92.913	127	8	1	944553	944679	530323	530448	2.00e-43	183
CP043556.1	CP046746.1	93.496	123	8	0	965115	965237	530446	530324	2.00e-43	183
CP043556.1	CP046746.1	93.496	123	8	0	963781	963903	530446	530324	2.00e-43	183
CP043556.1	CP046746.1	93.496	123	8	0	962718	962840	530446	530324	2.00e-43	183
CP043556.1	CP046746.1	93.548	124	7	1	1010739	1010862	530324	530446	2.00e-43	183
CP043556.1	CP046746.1	93.600	125	5	3	982753	982875	530325	530448	2.00e-43	183
CP043556.1	CP046746.1	91.176	136	11	1	983379	983513	531112	531247	2.00e-43	183
CP043556.1	CP046746.1	91.729	133	9	2	1036314	1036445	531116	531247	2.00e-43	183
CP043556.1	CP046746.1	93.548	124	7	1	1029862	1029985	531126	531248	2.00e-43	183
CP043556.1	CP046746.1	91.729	133	9	2	1027845	1027977	533571	533701	2.00e-43	183
CP043556.1	CP046746.1	92.308	130	8	2	994240	994368	533571	533699	2.00e-43	183
CP043556.1	CP046746.1	92.913	127	8	1	1067027	1067153	533571	533696	2.00e-43	183
CP043556.1	CP046746.1	93.548	124	7	1	987898	988021	533571	533693	2.00e-43	183
CP043556.1	CP046746.1	93.496	123	8	0	1003029	1003151	533571	533693	2.00e-43	183
CP043556.1	CP046746.1	93.548	124	7	1	1015388	1015511	533571	533693	2.00e-43	183
CP043556.1	CP046746.1	93.548	124	7	1	1034724	1034847	533571	533693	2.00e-43	183
CP043556.1	CP046746.1	93.548	124	7	1	1037894	1038017	533571	533693	2.00e-43	183
CP043556.1	CP046746.1	93.548	124	7	1	1046130	1046253	533571	533693	2.00e-43	183
CP043556.1	CP046746.1	93.548	124	7	1	1051169	1051292	533571	533693	2.00e-43	183
CP043556.1	CP046746.1	91.729	133	9	2	1008331	1008461	533572	533704	2.00e-43	183
CP043556.1	CP046746.1	91.791	134	8	3	946922	947054	533572	533703	2.00e-43	183
CP043556.1	CP046746.1	93.496	123	8	0	977223	977345	533694	533572	2.00e-43	183
CP043556.1	CP046746.1	93.548	124	7	1	1064256	1064379	533572	533694	2.00e-43	183
CP043556.1	CP046746.1	91.791	134	8	3	1054967	1055098	534410	534542	2.00e-43	183
CP043556.1	CP046746.1	92.857	126	9	0	1024229	1024354	534420	534545	2.00e-43	183
CP043556.1	CP046746.1	92.913	127	8	1	1026067	1026193	534422	534547	2.00e-43	183
CP043556.1	CP046746.1	93.548	124	7	1	1035731	1035854	534422	534544	2.00e-43	183
CP043556.1	CP046746.1	91.176	136	10	2	994229	994363	535058	535192	2.00e-43	183
CP043556.1	CP046746.1	92.913	127	8	1	983922	984048	535067	535192	2.00e-43	183
CP043556.1	CP046746.1	93.548	124	7	1	970799	970921	535192	535069	2.00e-43	183
CP043556.1	CP046746.1	93.548	124	7	1	1050050	1050173	535070	535192	2.00e-43	183
CP043556.1	CP046746.1	93.496	123	8	0	1067863	1067985	535070	535192	2.00e-43	183
CP043556.1	CP046746.1	92.913	127	8	1	1051170	1051296	535071	535196	2.00e-43	183
CP043556.1	CP046746.1	93.548	124	7	1	969044	969167	535193	535071	2.00e-43	183
CP043556.1	CP046746.1	93.496	123	8	0	1033968	1034090	535071	535193	2.00e-43	183
CP043556.1	CP046746.1	91.111	135	12	0	993554	993688	535966	536100	2.00e-43	183
CP043556.1	CP046746.1	93.548	124	7	1	974010	974132	536099	535976	2.00e-43	183
CP043556.1	CP046746.1	93.548	124	7	1	996978	997100	535976	536099	2.00e-43	183
CP043556.1	CP046746.1	93.548	124	7	1	1046762	1046884	535976	536099	2.00e-43	183
CP043556.1	CP046746.1	92.913	127	7	2	1031519	1031644	535977	536102	2.00e-43	183
CP043556.1	CP046746.1	93.548	124	7	1	965114	965236	536100	535977	2.00e-43	183
CP043556.1	CP046746.1	93.548	124	7	1	963780	963902	536100	535977	2.00e-43	183
CP043556.1	CP046746.1	93.548	124	7	1	962717	962839	536100	535977	2.00e-43	183
CP043556.1	CP046746.1	93.548	124	7	1	956114	956236	535977	536100	2.00e-43	183
CP043556.1	CP046746.1	93.548	124	7	1	1025533	1025655	535977	536100	2.00e-43	183
CP043556.1	CP046746.1	93.548	124	6	2	965582	965704	536099	535977	2.00e-43	183
CP043556.1	CP046746.1	93.496	123	8	0	944555	944677	535977	536099	2.00e-43	183
CP043556.1	CP046746.1	93.496	123	8	0	1064256	1064378	535977	536099	2.00e-43	183
CP043556.1	CP046746.1	92.857	126	9	0	992604	992729	536595	536720	2.00e-43	183
CP043556.1	CP046746.1	93.548	124	7	1	977223	977345	536719	536596	2.00e-43	183
CP043556.1	CP046746.1	93.548	124	7	1	1037047	1037169	537079	537202	2.00e-43	183
CP043556.1	CP046746.1	93.496	123	8	0	987899	988021	537080	537202	2.00e-43	183
CP043556.1	CP046746.1	93.496	123	8	0	1012805	1012927	537080	537202	2.00e-43	183
CP043556.1	CP046746.1	90.714	140	10	3	946906	947044	538036	538173	2.00e-43	183
CP043556.1	CP046746.1	92.913	127	8	1	963780	963905	538174	538048	2.00e-43	183
CP043556.1	CP046746.1	92.913	127	8	1	962717	962842	538174	538048	2.00e-43	183
CP043556.1	CP046746.1	92.857	126	9	0	1005854	1005979	538048	538173	2.00e-43	183
CP043556.1	CP046746.1	92.857	126	9	0	1066408	1066533	538050	538175	2.00e-43	183
CP043556.1	CP046746.1	93.548	124	7	1	991069	991191	538051	538174	2.00e-43	183
CP043556.1	CP046746.1	93.548	124	7	1	1011280	1011402	538051	538174	2.00e-43	183
CP043556.1	CP046746.1	93.496	123	8	0	1063760	1063882	538051	538173	2.00e-43	183
CP043556.1	CP046746.1	93.548	124	7	1	968370	968492	538734	538611	2.00e-43	183
CP043556.1	CP046746.1	93.548	124	7	1	948247	948369	538611	538734	2.00e-43	183
CP043556.1	CP046746.1	93.548	124	7	1	1001966	1002088	538611	538734	2.00e-43	183
CP043556.1	CP046746.1	93.548	124	7	1	956114	956236	538612	538735	2.00e-43	183
CP043556.1	CP046746.1	90.780	141	8	5	1055574	1055710	539133	539272	2.00e-43	183
CP043556.1	CP046746.1	92.913	127	8	1	976248	976373	539272	539146	2.00e-43	183
CP043556.1	CP046746.1	93.548	124	7	1	973008	973130	539272	539149	2.00e-43	183
CP043556.1	CP046746.1	93.548	124	7	1	955342	955464	539149	539272	2.00e-43	183
CP043556.1	CP046746.1	93.548	124	7	1	1008331	1008453	539149	539272	2.00e-43	183
CP043556.1	CP046746.1	93.548	124	7	1	1043189	1043311	539149	539272	2.00e-43	183
CP043556.1	CP046746.1	93.548	124	7	1	1054449	1054571	539149	539272	2.00e-43	183
CP043556.1	CP046746.1	93.496	123	8	0	951914	952036	539149	539271	2.00e-43	183
CP043556.1	CP046746.1	93.496	123	8	0	1061175	1061297	539149	539271	2.00e-43	183
CP043556.1	CP046746.1	92.913	127	8	1	965112	965237	539894	539768	2.00e-43	183
CP043556.1	CP046746.1	93.548	124	7	1	953652	953774	539768	539891	2.00e-43	183
CP043556.1	CP046746.1	93.496	123	8	0	964311	964433	539891	539769	2.00e-43	183
CP043556.1	CP046746.1	93.496	123	8	0	1063760	1063882	539769	539891	2.00e-43	183
CP043556.1	CP046746.1	91.791	134	7	4	1052990	1053121	540295	540426	2.00e-43	183
CP043556.1	CP046746.1	93.548	124	6	2	946425	946548	540305	540426	2.00e-43	183
CP043556.1	CP046746.1	93.548	124	7	1	1003029	1003151	540959	541082	2.00e-43	183
CP043556.1	CP046746.1	93.548	124	7	1	1036324	1036446	540960	541083	2.00e-43	183
CP043556.1	CP046746.1	93.496	123	8	0	993565	993687	540960	541082	2.00e-43	183
CP043556.1	CP046746.1	93.496	123	8	0	1061175	1061297	540960	541082	2.00e-43	183
CP043556.1	CP046746.1	91.729	133	10	1	1067856	1067987	542560	542692	2.00e-43	183
CP043556.1	CP046746.1	92.857	126	9	0	1049456	1049581	542566	542691	2.00e-43	183
CP043556.1	CP046746.1	92.913	127	8	1	973006	973131	542693	542567	2.00e-43	183
CP043556.1	CP046746.1	92.857	126	9	0	1056117	1056242	542567	542692	2.00e-43	183
CP043556.1	CP046746.1	93.548	124	7	1	971758	971880	542690	542567	2.00e-43	183
CP043556.1	CP046746.1	93.548	124	7	1	947713	947835	542567	542690	2.00e-43	183
CP043556.1	CP046746.1	93.548	124	7	1	984563	984685	542567	542690	2.00e-43	183
CP043556.1	CP046746.1	93.548	124	7	1	1039762	1039884	542567	542690	2.00e-43	183
CP043556.1	CP046746.1	92.248	129	10	0	964305	964433	542696	542568	2.00e-43	183
CP043556.1	CP046746.1	92.913	127	8	1	1044936	1045061	542568	542694	2.00e-43	183
CP043556.1	CP046746.1	92.913	127	7	2	1023646	1023771	542568	542693	2.00e-43	183
CP043556.1	CP046746.1	92.308	130	9	1	690015	690144	682178	682050	2.00e-43	183
CP043556.1	CP046746.1	92.248	129	10	0	578247	578375	696992	696864	2.00e-43	183
CP043556.1	CP046746.1	91.729	133	10	1	273954	274086	848135	848266	2.00e-43	183
CP043556.1	CP046746.1	77.035	344	64	15	440161	440499	856761	856428	2.00e-43	183
CP043556.1	CP046746.1	97.196	107	3	0	397290	397396	140448	140342	7.20e-43	182
CP043556.1	CP046746.1	92.248	129	8	2	836540	836666	409029	408901	7.20e-43	182
CP043556.1	CP046746.1	92.248	129	9	1	686495	686622	409029	408901	7.20e-43	182
CP043556.1	CP046746.1	93.496	123	7	1	983392	983513	493113	493235	7.20e-43	182
CP043556.1	CP046746.1	93.496	123	7	1	969045	969167	493235	493114	7.20e-43	182
CP043556.1	CP046746.1	93.496	123	7	1	946426	946548	493114	493235	7.20e-43	182
CP043556.1	CP046746.1	93.496	123	6	2	951466	951587	493114	493235	7.20e-43	182
CP043556.1	CP046746.1	93.496	123	7	1	987899	988021	493114	493235	7.20e-43	182
CP043556.1	CP046746.1	93.496	123	6	2	1004048	1004169	493114	493235	7.20e-43	182
CP043556.1	CP046746.1	93.496	123	6	2	1007142	1007263	493114	493235	7.20e-43	182
CP043556.1	CP046746.1	93.496	123	6	2	1011280	1011401	493114	493235	7.20e-43	182
CP043556.1	CP046746.1	93.443	122	8	0	1013311	1013432	493114	493235	7.20e-43	182
CP043556.1	CP046746.1	93.496	123	7	1	1026067	1026189	493114	493235	7.20e-43	182
CP043556.1	CP046746.1	93.496	123	7	1	1029862	1029984	493114	493235	7.20e-43	182
CP043556.1	CP046746.1	92.188	128	10	0	1049453	1049580	493611	493738	7.20e-43	182
CP043556.1	CP046746.1	93.496	123	7	1	996979	997100	493616	493738	7.20e-43	182
CP043556.1	CP046746.1	93.496	123	7	1	1046763	1046884	493616	493738	7.20e-43	182
CP043556.1	CP046746.1	92.857	126	8	1	983926	984051	494154	494278	7.20e-43	182
CP043556.1	CP046746.1	93.496	123	6	2	947714	947835	494154	494275	7.20e-43	182
CP043556.1	CP046746.1	93.496	123	6	2	1025533	1025654	494154	494275	7.20e-43	182
CP043556.1	CP046746.1	92.248	129	9	1	1006582	1006709	495641	495769	7.20e-43	182
CP043556.1	CP046746.1	92.857	126	8	1	1047541	1047665	495641	495766	7.20e-43	182
CP043556.1	CP046746.1	93.496	123	7	1	1008865	1008986	495641	495763	7.20e-43	182
CP043556.1	CP046746.1	93.496	123	7	1	1025533	1025654	495641	495763	7.20e-43	182
CP043556.1	CP046746.1	92.857	126	8	1	1031516	1031640	497426	497551	7.20e-43	182
CP043556.1	CP046746.1	92.800	125	9	0	1010739	1010863	497428	497552	7.20e-43	182
CP043556.1	CP046746.1	93.496	123	7	1	976249	976370	497551	497429	7.20e-43	182
CP043556.1	CP046746.1	93.496	123	7	1	974010	974131	497551	497429	7.20e-43	182
CP043556.1	CP046746.1	93.496	123	7	1	948248	948369	497429	497551	7.20e-43	182
CP043556.1	CP046746.1	93.496	123	7	1	995559	995680	497429	497551	7.20e-43	182
CP043556.1	CP046746.1	93.496	123	7	1	1009399	1009520	497429	497551	7.20e-43	182
CP043556.1	CP046746.1	93.496	123	7	1	1013311	1013432	497429	497551	7.20e-43	182
CP043556.1	CP046746.1	92.800	125	9	0	965115	965239	499041	498917	7.20e-43	182
CP043556.1	CP046746.1	92.857	126	8	1	1010737	1010862	498917	499041	7.20e-43	182
CP043556.1	CP046746.1	92.188	128	10	0	1047540	1047667	498919	499046	7.20e-43	182
CP043556.1	CP046746.1	93.496	123	6	2	948248	948369	498920	499041	7.20e-43	182
CP043556.1	CP046746.1	93.496	123	7	1	952655	952777	498920	499041	7.20e-43	182
CP043556.1	CP046746.1	93.496	123	7	1	987899	988021	498920	499041	7.20e-43	182
CP043556.1	CP046746.1	93.443	122	8	0	1003030	1003151	498920	499041	7.20e-43	182
CP043556.1	CP046746.1	93.496	123	7	1	1029862	1029984	498920	499041	7.20e-43	182
CP043556.1	CP046746.1	93.496	123	7	1	1034725	1034847	498920	499041	7.20e-43	182
CP043556.1	CP046746.1	93.496	123	7	1	1051170	1051292	498920	499041	7.20e-43	182
CP043556.1	CP046746.1	92.188	128	10	0	1048251	1048378	499543	499670	7.20e-43	182
CP043556.1	CP046746.1	92.188	128	10	0	1005853	1005980	499544	499671	7.20e-43	182
CP043556.1	CP046746.1	92.188	128	10	0	944553	944680	499546	499673	7.20e-43	182
CP043556.1	CP046746.1	92.857	126	8	1	975611	975735	499672	499547	7.20e-43	182
CP043556.1	CP046746.1	92.800	125	9	0	988940	989064	499547	499671	7.20e-43	182
CP043556.1	CP046746.1	92.857	126	7	2	963245	963368	499673	499548	7.20e-43	182
CP043556.1	CP046746.1	92.800	125	9	0	992605	992729	499548	499672	7.20e-43	182
CP043556.1	CP046746.1	92.800	125	9	0	1030434	1030558	499548	499672	7.20e-43	182
CP043556.1	CP046746.1	93.496	123	7	1	948248	948369	499548	499670	7.20e-43	182
CP043556.1	CP046746.1	93.496	123	7	1	1053000	1053121	499548	499670	7.20e-43	182
CP043556.1	CP046746.1	92.857	126	8	1	1002493	1002617	500301	500426	7.20e-43	182
CP043556.1	CP046746.1	92.857	126	8	1	1008862	1008986	500301	500426	7.20e-43	182
CP043556.1	CP046746.1	92.857	126	8	1	1067863	1067987	500303	500428	7.20e-43	182
CP043556.1	CP046746.1	92.857	126	8	1	967640	967765	501066	500942	7.20e-43	182
CP043556.1	CP046746.1	92.188	128	10	0	988485	988612	500944	501071	7.20e-43	182
CP043556.1	CP046746.1	93.443	122	8	0	1004048	1004169	500944	501065	7.20e-43	182
CP043556.1	CP046746.1	93.443	122	8	0	1021935	1022056	500944	501065	7.20e-43	182
CP043556.1	CP046746.1	93.496	123	7	1	1034725	1034847	500944	501065	7.20e-43	182
CP043556.1	CP046746.1	93.496	123	7	1	1046131	1046253	500944	501065	7.20e-43	182
CP043556.1	CP046746.1	93.496	123	7	1	1051170	1051292	500944	501065	7.20e-43	182
CP043556.1	CP046746.1	92.188	128	10	0	974973	975100	501796	501669	7.20e-43	182
CP043556.1	CP046746.1	92.800	125	9	0	1005855	1005979	501670	501794	7.20e-43	182
CP043556.1	CP046746.1	90.647	139	10	3	965577	965715	502429	502294	7.20e-43	182
CP043556.1	CP046746.1	92.248	129	8	2	987358	987486	502298	502424	7.20e-43	182
CP043556.1	CP046746.1	92.857	126	7	2	1005169	1005294	502302	502425	7.20e-43	182
CP043556.1	CP046746.1	92.857	126	7	2	1030432	1030557	502302	502425	7.20e-43	182
CP043556.1	CP046746.1	92.857	126	7	2	1067026	1067151	502302	502425	7.20e-43	182
CP043556.1	CP046746.1	92.857	126	7	2	1035730	1035855	502303	502426	7.20e-43	182
CP043556.1	CP046746.1	93.496	123	7	1	1003029	1003151	502303	502424	7.20e-43	182
CP043556.1	CP046746.1	93.496	123	7	1	1011279	1011401	502303	502424	7.20e-43	182
CP043556.1	CP046746.1	92.248	129	8	2	1064256	1064384	502304	502430	7.20e-43	182
CP043556.1	CP046746.1	93.496	123	7	1	1024231	1024353	502304	502425	7.20e-43	182
CP043556.1	CP046746.1	93.496	123	7	1	1058411	1058533	502304	502425	7.20e-43	182
CP043556.1	CP046746.1	93.496	123	6	2	974975	975097	502424	502304	7.20e-43	182
CP043556.1	CP046746.1	93.496	123	6	2	950088	950210	502304	502424	7.20e-43	182
CP043556.1	CP046746.1	93.496	123	6	2	951914	952036	502304	502424	7.20e-43	182
CP043556.1	CP046746.1	90.071	141	13	1	1068319	1068459	503907	504046	7.20e-43	182
CP043556.1	CP046746.1	93.496	123	6	2	948248	948369	503924	504045	7.20e-43	182
CP043556.1	CP046746.1	93.496	123	6	2	991602	991723	503924	504045	7.20e-43	182
CP043556.1	CP046746.1	93.443	122	8	0	1021935	1022056	503924	504045	7.20e-43	182
CP043556.1	CP046746.1	93.443	122	8	0	1033968	1034089	503924	504045	7.20e-43	182
CP043556.1	CP046746.1	92.800	125	9	0	1066407	1066531	504508	504632	7.20e-43	182
CP043556.1	CP046746.1	93.496	123	7	1	991602	991723	504510	504632	7.20e-43	182
CP043556.1	CP046746.1	93.496	123	7	1	1011280	1011401	504510	504632	7.20e-43	182
CP043556.1	CP046746.1	93.496	123	7	1	1051929	1052050	504510	504632	7.20e-43	182
CP043556.1	CP046746.1	89.655	145	11	4	977983	978126	505270	505129	7.20e-43	182
CP043556.1	CP046746.1	92.857	126	8	1	987899	988024	505130	505254	7.20e-43	182
CP043556.1	CP046746.1	93.496	123	6	2	968370	968491	505251	505130	7.20e-43	182
CP043556.1	CP046746.1	93.496	123	7	1	964311	964433	505251	505130	7.20e-43	182
CP043556.1	CP046746.1	93.496	123	6	2	951466	951587	505130	505251	7.20e-43	182
CP043556.1	CP046746.1	93.496	123	6	2	995559	995680	505130	505251	7.20e-43	182
CP043556.1	CP046746.1	93.496	123	7	1	1048718	1048840	505130	505251	7.20e-43	182
CP043556.1	CP046746.1	93.496	123	7	1	1067028	1067150	505130	505251	7.20e-43	182
CP043556.1	CP046746.1	93.496	123	7	1	1010740	1010862	505668	505789	7.20e-43	182
CP043556.1	CP046746.1	93.496	123	7	1	1018793	1018915	505668	505789	7.20e-43	182
CP043556.1	CP046746.1	93.443	122	8	0	1025533	1025654	505668	505789	7.20e-43	182
CP043556.1	CP046746.1	93.443	122	8	0	1050636	1050757	505668	505789	7.20e-43	182
CP043556.1	CP046746.1	92.857	126	8	1	1070301	1070426	506302	506426	7.20e-43	182
CP043556.1	CP046746.1	90.071	141	12	2	1061173	1061313	506303	506441	7.20e-43	182
CP043556.1	CP046746.1	93.443	122	8	0	1003030	1003151	506305	506426	7.20e-43	182
CP043556.1	CP046746.1	90.141	142	11	2	946904	947045	506863	507001	7.20e-43	182
CP043556.1	CP046746.1	92.857	126	8	1	974975	975100	507000	506876	7.20e-43	182
CP043556.1	CP046746.1	92.857	126	8	1	950085	950210	506876	507000	7.20e-43	182
CP043556.1	CP046746.1	92.857	126	8	1	993562	993687	506876	507000	7.20e-43	182
CP043556.1	CP046746.1	92.857	126	8	1	972578	972703	507001	506877	7.20e-43	182
CP043556.1	CP046746.1	92.800	125	9	0	1024229	1024353	506877	507001	7.20e-43	182
CP043556.1	CP046746.1	92.800	125	9	0	1062314	1062438	506877	507001	7.20e-43	182
CP043556.1	CP046746.1	92.800	125	9	0	1067553	1067677	506877	507001	7.20e-43	182
CP043556.1	CP046746.1	93.496	123	7	1	969045	969167	507000	506879	7.20e-43	182
CP043556.1	CP046746.1	93.496	123	7	1	952655	952777	506879	507000	7.20e-43	182
CP043556.1	CP046746.1	93.496	123	6	2	991602	991723	506879	507000	7.20e-43	182
CP043556.1	CP046746.1	93.496	123	7	1	1012805	1012927	506879	507000	7.20e-43	182
CP043556.1	CP046746.1	93.496	123	7	1	1034725	1034847	506879	507000	7.20e-43	182
CP043556.1	CP046746.1	93.496	123	7	1	1037895	1038017	506879	507000	7.20e-43	182
CP043556.1	CP046746.1	93.496	123	7	1	1051170	1051292	506879	507000	7.20e-43	182
CP043556.1	CP046746.1	91.111	135	10	2	970797	970930	507629	507496	7.20e-43	182
CP043556.1	CP046746.1	92.800	125	9	0	1062315	1062439	507505	507629	7.20e-43	182
CP043556.1	CP046746.1	92.857	126	8	1	964308	964433	507630	507506	7.20e-43	182
CP043556.1	CP046746.1	92.857	126	8	1	958252	958377	507630	507506	7.20e-43	182
CP043556.1	CP046746.1	92.857	126	8	1	1018291	1018416	507506	507630	7.20e-43	182
CP043556.1	CP046746.1	93.443	122	8	0	1004048	1004169	507506	507627	7.20e-43	182
CP043556.1	CP046746.1	93.443	122	8	0	1021935	1022056	507506	507627	7.20e-43	182
CP043556.1	CP046746.1	93.443	122	8	0	1051929	1052050	507506	507627	7.20e-43	182
CP043556.1	CP046746.1	92.857	126	8	1	1005854	1005979	508142	508266	7.20e-43	182
CP043556.1	CP046746.1	92.857	126	8	1	1048715	1048840	508142	508266	7.20e-43	182
CP043556.1	CP046746.1	93.443	122	8	0	988485	988606	508145	508266	7.20e-43	182
CP043556.1	CP046746.1	93.496	123	7	1	1023646	1023768	508145	508266	7.20e-43	182
CP043556.1	CP046746.1	93.496	123	6	2	1057730	1057851	508145	508266	7.20e-43	182
CP043556.1	CP046746.1	90.714	140	8	4	1048242	1048378	508720	508857	7.20e-43	182
CP043556.1	CP046746.1	91.045	134	12	0	1046752	1046885	508725	508858	7.20e-43	182
CP043556.1	CP046746.1	91.111	135	11	1	968368	968502	508859	508726	7.20e-43	182
CP043556.1	CP046746.1	91.111	135	11	1	977998	978131	508863	508729	7.20e-43	182
CP043556.1	CP046746.1	91.111	135	10	2	999548	999681	508729	508862	7.20e-43	182
CP043556.1	CP046746.1	92.857	126	8	1	979429	979554	508859	508735	7.20e-43	182
CP043556.1	CP046746.1	92.857	126	8	1	966154	966279	508860	508736	7.20e-43	182
CP043556.1	CP046746.1	92.857	126	8	1	944555	944680	508736	508860	7.20e-43	182
CP043556.1	CP046746.1	93.443	122	8	0	947714	947835	508736	508857	7.20e-43	182
CP043556.1	CP046746.1	93.496	123	7	1	951914	952036	508736	508857	7.20e-43	182
CP043556.1	CP046746.1	93.443	122	8	0	984564	984685	508736	508857	7.20e-43	182
CP043556.1	CP046746.1	93.443	122	8	0	1068819	1068940	508736	508857	7.20e-43	182
CP043556.1	CP046746.1	91.111	135	10	2	999547	999681	509867	509999	7.20e-43	182
CP043556.1	CP046746.1	92.248	129	8	2	1029858	1029985	509869	509996	7.20e-43	182
CP043556.1	CP046746.1	92.800	125	9	0	1062313	1062437	509871	509995	7.20e-43	182
CP043556.1	CP046746.1	90.071	141	12	2	963230	963368	510014	509874	7.20e-43	182
CP043556.1	CP046746.1	93.443	122	8	0	961888	962009	509995	509874	7.20e-43	182
CP043556.1	CP046746.1	93.496	123	7	1	1026067	1026189	509874	509995	7.20e-43	182
CP043556.1	CP046746.1	93.496	123	7	1	1030434	1030556	509874	509995	7.20e-43	182
CP043556.1	CP046746.1	93.443	122	8	0	1046763	1046884	509874	509995	7.20e-43	182
CP043556.1	CP046746.1	92.800	125	9	0	961886	962010	510529	510405	7.20e-43	182
CP043556.1	CP046746.1	92.857	126	8	1	1030433	1030558	510405	510529	7.20e-43	182
CP043556.1	CP046746.1	92.857	126	8	1	1067027	1067152	510405	510529	7.20e-43	182
CP043556.1	CP046746.1	93.496	123	7	1	950791	950912	510405	510527	7.20e-43	182
CP043556.1	CP046746.1	92.800	125	9	0	978001	978125	510530	510406	7.20e-43	182
CP043556.1	CP046746.1	93.496	123	7	1	974975	975097	510527	510406	7.20e-43	182
CP043556.1	CP046746.1	93.496	123	7	1	960066	960188	510527	510406	7.20e-43	182
CP043556.1	CP046746.1	93.443	122	8	0	990284	990405	510406	510527	7.20e-43	182
CP043556.1	CP046746.1	93.496	123	7	1	1018793	1018915	510406	510527	7.20e-43	182
CP043556.1	CP046746.1	93.443	122	8	0	1062952	1063073	510406	510527	7.20e-43	182
CP043556.1	CP046746.1	92.857	126	8	1	993563	993688	511089	511213	7.20e-43	182
CP043556.1	CP046746.1	93.496	123	7	1	953140	953262	511091	511212	7.20e-43	182
CP043556.1	CP046746.1	93.496	123	7	1	992605	992727	511091	511212	7.20e-43	182
CP043556.1	CP046746.1	93.443	122	8	0	1046763	1046884	511091	511212	7.20e-43	182
CP043556.1	CP046746.1	92.800	125	9	0	953653	953777	511625	511749	7.20e-43	182
CP043556.1	CP046746.1	93.443	122	8	0	965115	965236	511746	511625	7.20e-43	182
CP043556.1	CP046746.1	93.443	122	8	0	987365	987486	511625	511746	7.20e-43	182
CP043556.1	CP046746.1	93.496	123	7	1	1018793	1018915	511625	511746	7.20e-43	182
CP043556.1	CP046746.1	93.496	123	7	1	1026676	1026798	511625	511746	7.20e-43	182
CP043556.1	CP046746.1	93.443	122	8	0	1032153	1032274	511625	511746	7.20e-43	182
CP043556.1	CP046746.1	93.443	122	8	0	1045596	1045717	511625	511746	7.20e-43	182
CP043556.1	CP046746.1	93.443	122	8	0	1050636	1050757	511625	511746	7.20e-43	182
CP043556.1	CP046746.1	92.800	125	9	0	975613	975737	512361	512237	7.20e-43	182
CP043556.1	CP046746.1	92.800	125	9	0	974010	974134	512361	512237	7.20e-43	182
CP043556.1	CP046746.1	92.857	126	8	1	961251	961376	512361	512237	7.20e-43	182
CP043556.1	CP046746.1	92.857	126	8	1	999551	999676	512237	512361	7.20e-43	182
CP043556.1	CP046746.1	93.496	123	7	1	964311	964433	512361	512240	7.20e-43	182
CP043556.1	CP046746.1	93.496	123	7	1	958255	958377	512361	512240	7.20e-43	182
CP043556.1	CP046746.1	93.496	123	7	1	987899	988021	512240	512361	7.20e-43	182
CP043556.1	CP046746.1	93.496	123	7	1	992605	992727	512240	512361	7.20e-43	182
CP043556.1	CP046746.1	93.443	122	8	0	995559	995680	512240	512361	7.20e-43	182
CP043556.1	CP046746.1	93.443	122	8	0	1009399	1009520	512240	512361	7.20e-43	182
CP043556.1	CP046746.1	93.496	123	7	1	1012805	1012927	512240	512361	7.20e-43	182
CP043556.1	CP046746.1	93.443	122	8	0	1044936	1045057	512240	512361	7.20e-43	182
CP043556.1	CP046746.1	92.248	129	9	1	1001961	1002088	513139	513267	7.20e-43	182
CP043556.1	CP046746.1	92.857	126	8	1	962715	962839	513270	513145	7.20e-43	182
CP043556.1	CP046746.1	92.800	125	9	0	976712	976836	513269	513145	7.20e-43	182
CP043556.1	CP046746.1	92.800	125	9	0	1016478	1016602	513145	513269	7.20e-43	182
CP043556.1	CP046746.1	93.496	123	7	1	976249	976370	513267	513145	7.20e-43	182
CP043556.1	CP046746.1	93.496	123	7	1	975613	975734	513267	513145	7.20e-43	182
CP043556.1	CP046746.1	93.496	123	7	1	973009	973130	513267	513145	7.20e-43	182
CP043556.1	CP046746.1	93.496	123	7	1	1007142	1007263	513145	513267	7.20e-43	182
CP043556.1	CP046746.1	93.496	123	7	1	1008331	1008452	513145	513267	7.20e-43	182
CP043556.1	CP046746.1	93.496	123	7	1	1030906	1031027	513145	513267	7.20e-43	182
CP043556.1	CP046746.1	93.496	123	7	1	1053000	1053121	513145	513267	7.20e-43	182
CP043556.1	CP046746.1	93.496	123	7	1	1054449	1054570	513145	513267	7.20e-43	182
CP043556.1	CP046746.1	93.496	123	7	1	1058411	1058532	513145	513267	7.20e-43	182
CP043556.1	CP046746.1	92.800	125	9	0	1046130	1046254	513819	513943	7.20e-43	182
CP043556.1	CP046746.1	90.580	138	12	1	1068819	1068955	513820	513957	7.20e-43	182
CP043556.1	CP046746.1	92.800	125	9	0	1018793	1018917	513820	513944	7.20e-43	182
CP043556.1	CP046746.1	93.496	123	7	1	975613	975734	513942	513820	7.20e-43	182
CP043556.1	CP046746.1	93.496	123	7	1	973009	973130	513942	513820	7.20e-43	182
CP043556.1	CP046746.1	93.496	123	7	1	1031519	1031640	513820	513942	7.20e-43	182
CP043556.1	CP046746.1	92.248	129	8	2	952654	952781	514715	514842	7.20e-43	182
CP043556.1	CP046746.1	92.857	126	7	2	951465	951589	514715	514839	7.20e-43	182
CP043556.1	CP046746.1	93.496	123	6	2	1002496	1002617	514716	514837	7.20e-43	182
CP043556.1	CP046746.1	92.857	126	8	1	1052997	1053121	515349	515474	7.20e-43	182
CP043556.1	CP046746.1	92.857	126	8	1	1048254	1048379	515351	515475	7.20e-43	182
CP043556.1	CP046746.1	92.800	125	9	0	1050634	1050758	515351	515475	7.20e-43	182
CP043556.1	CP046746.1	92.857	126	8	1	1070303	1070428	515352	515476	7.20e-43	182
CP043556.1	CP046746.1	93.496	123	7	1	979431	979553	515474	515353	7.20e-43	182
CP043556.1	CP046746.1	93.443	122	8	0	995559	995680	515353	515474	7.20e-43	182
CP043556.1	CP046746.1	93.443	122	8	0	1007142	1007263	515353	515474	7.20e-43	182
CP043556.1	CP046746.1	93.496	123	7	1	1063760	1063882	515353	515474	7.20e-43	182
CP043556.1	CP046746.1	91.111	135	10	2	1046753	1046885	516596	516730	7.20e-43	182
CP043556.1	CP046746.1	92.188	128	10	0	1061174	1061301	516606	516733	7.20e-43	182
CP043556.1	CP046746.1	92.857	126	8	1	1047540	1047664	516606	516731	7.20e-43	182
CP043556.1	CP046746.1	92.800	125	9	0	1060223	1060347	516606	516730	7.20e-43	182
CP043556.1	CP046746.1	93.496	123	7	1	1004048	1004169	516607	516729	7.20e-43	182
CP043556.1	CP046746.1	90.580	138	11	2	1070294	1070430	517269	517405	7.20e-43	182
CP043556.1	CP046746.1	92.248	129	9	1	992601	992728	517911	518039	7.20e-43	182
CP043556.1	CP046746.1	91.667	132	10	1	951912	952043	517914	518044	7.20e-43	182
CP043556.1	CP046746.1	91.667	132	9	1	979422	979553	518045	517916	7.20e-43	182
CP043556.1	CP046746.1	90.000	140	14	0	1060216	1060355	518507	518646	7.20e-43	182
CP043556.1	CP046746.1	93.496	123	6	2	1054978	1055098	518514	518636	7.20e-43	182
CP043556.1	CP046746.1	92.857	126	7	2	994241	994365	518515	518639	7.20e-43	182
CP043556.1	CP046746.1	93.496	123	7	1	1004048	1004169	518515	518637	7.20e-43	182
CP043556.1	CP046746.1	91.045	134	12	0	1058400	1058533	519103	519236	7.20e-43	182
CP043556.1	CP046746.1	90.580	138	11	2	1030426	1030562	519106	519242	7.20e-43	182
CP043556.1	CP046746.1	92.248	129	9	1	966156	966284	519236	519109	7.20e-43	182
CP043556.1	CP046746.1	92.857	126	8	1	972578	972703	519236	519112	7.20e-43	182
CP043556.1	CP046746.1	92.857	126	8	1	946920	947045	519112	519236	7.20e-43	182
CP043556.1	CP046746.1	92.800	125	9	0	1036323	1036447	519113	519237	7.20e-43	182
CP043556.1	CP046746.1	93.443	122	8	0	991069	991190	519114	519235	7.20e-43	182
CP043556.1	CP046746.1	92.248	129	9	1	1070299	1070427	519716	519843	7.20e-43	182
CP043556.1	CP046746.1	93.496	123	7	1	992605	992727	519721	519842	7.20e-43	182
CP043556.1	CP046746.1	93.443	122	8	0	1040152	1040273	519721	519842	7.20e-43	182
CP043556.1	CP046746.1	93.443	122	8	0	1046763	1046884	519721	519842	7.20e-43	182
CP043556.1	CP046746.1	93.496	123	6	2	1061807	1061928	519721	519842	7.20e-43	182
CP043556.1	CP046746.1	93.496	123	6	2	970799	970919	521378	521256	7.20e-43	182
CP043556.1	CP046746.1	93.496	123	7	1	1055588	1055709	521256	521378	7.20e-43	182
CP043556.1	CP046746.1	92.248	129	9	1	974008	974135	521959	521831	7.20e-43	182
CP043556.1	CP046746.1	92.248	129	8	2	1037894	1038021	521835	521962	7.20e-43	182
CP043556.1	CP046746.1	92.800	125	9	0	976247	976371	521959	521835	7.20e-43	182
CP043556.1	CP046746.1	92.857	126	8	1	946425	946550	521835	521959	7.20e-43	182
CP043556.1	CP046746.1	92.800	125	9	0	1001966	1002090	521835	521959	7.20e-43	182
CP043556.1	CP046746.1	92.857	126	8	1	1027845	1027970	521835	521959	7.20e-43	182
CP043556.1	CP046746.1	93.443	122	8	0	956114	956235	521836	521957	7.20e-43	182
CP043556.1	CP046746.1	93.443	122	8	0	984564	984685	521836	521957	7.20e-43	182
CP043556.1	CP046746.1	93.496	123	7	1	1026676	1026798	521836	521957	7.20e-43	182
CP043556.1	CP046746.1	93.443	122	8	0	1032153	1032274	521836	521957	7.20e-43	182
CP043556.1	CP046746.1	93.443	122	8	0	1045596	1045717	521836	521957	7.20e-43	182
CP043556.1	CP046746.1	92.248	129	9	1	999552	999680	522408	522535	7.20e-43	182
CP043556.1	CP046746.1	92.913	127	6	3	988939	989064	522408	522532	7.20e-43	182
CP043556.1	CP046746.1	92.857	126	8	1	946426	946551	522410	522534	7.20e-43	182
CP043556.1	CP046746.1	92.857	126	7	2	1057730	1057854	522410	522534	7.20e-43	182
CP043556.1	CP046746.1	93.443	122	8	0	991069	991190	522410	522531	7.20e-43	182
CP043556.1	CP046746.1	93.496	123	7	1	1034725	1034847	522410	522531	7.20e-43	182
CP043556.1	CP046746.1	93.496	123	7	1	1037895	1038017	522410	522531	7.20e-43	182
CP043556.1	CP046746.1	93.496	123	7	1	1051170	1051292	522410	522531	7.20e-43	182
CP043556.1	CP046746.1	93.443	122	8	0	1053000	1053121	522410	522531	7.20e-43	182
CP043556.1	CP046746.1	92.800	125	9	0	1050633	1050757	522856	522980	7.20e-43	182
CP043556.1	CP046746.1	92.800	125	9	0	1067553	1067677	522857	522981	7.20e-43	182
CP043556.1	CP046746.1	93.496	123	7	1	987899	988021	522859	522980	7.20e-43	182
CP043556.1	CP046746.1	92.248	129	8	2	979431	979559	525072	524946	7.20e-43	182
CP043556.1	CP046746.1	92.248	129	8	2	1063754	1063882	524946	525072	7.20e-43	182
CP043556.1	CP046746.1	93.496	123	7	1	1039763	1039885	524952	525073	7.20e-43	182
CP043556.1	CP046746.1	93.496	123	6	2	966934	967056	525072	524952	7.20e-43	182
CP043556.1	CP046746.1	93.496	123	6	2	993565	993687	524952	525072	7.20e-43	182
CP043556.1	CP046746.1	93.496	123	6	2	998916	999038	524952	525072	7.20e-43	182
CP043556.1	CP046746.1	93.496	123	6	2	1070304	1070426	524952	525072	7.20e-43	182
CP043556.1	CP046746.1	92.248	129	8	2	983388	983515	526073	526200	7.20e-43	182
CP043556.1	CP046746.1	92.857	126	8	1	1067027	1067152	526076	526200	7.20e-43	182
CP043556.1	CP046746.1	93.443	122	8	0	965115	965236	526198	526077	7.20e-43	182
CP043556.1	CP046746.1	93.496	123	7	1	960066	960188	526198	526077	7.20e-43	182
CP043556.1	CP046746.1	93.443	122	8	0	990284	990405	526077	526198	7.20e-43	182
CP043556.1	CP046746.1	93.496	123	7	1	1048256	1048378	526077	526198	7.20e-43	182
CP043556.1	CP046746.1	92.857	126	7	2	966157	966282	526839	526716	7.20e-43	182
CP043556.1	CP046746.1	92.857	126	7	2	961251	961376	526839	526716	7.20e-43	182
CP043556.1	CP046746.1	91.667	132	9	2	987899	988030	526719	526848	7.20e-43	182
CP043556.1	CP046746.1	92.857	126	7	2	1017755	1017880	526719	526842	7.20e-43	182
CP043556.1	CP046746.1	93.548	124	5	3	1033968	1034090	526719	526840	7.20e-43	182
CP043556.1	CP046746.1	93.496	123	6	2	946426	946548	526719	526839	7.20e-43	182
CP043556.1	CP046746.1	93.496	123	6	2	1035731	1035853	526719	526839	7.20e-43	182
CP043556.1	CP046746.1	91.111	135	11	1	1015386	1015520	527506	527639	7.20e-43	182
CP043556.1	CP046746.1	92.800	125	9	0	991599	991723	527506	527630	7.20e-43	182
CP043556.1	CP046746.1	91.111	135	10	2	944555	944689	527509	527641	7.20e-43	182
CP043556.1	CP046746.1	93.496	123	7	1	1013311	1013432	528224	528346	7.20e-43	182
CP043556.1	CP046746.1	93.496	123	7	1	1040152	1040273	528224	528346	7.20e-43	182
CP043556.1	CP046746.1	93.496	123	7	1	1061807	1061928	528224	528346	7.20e-43	182
CP043556.1	CP046746.1	92.248	129	8	2	1040148	1040274	528935	529063	7.20e-43	182
CP043556.1	CP046746.1	93.496	123	7	1	965115	965236	529062	528940	7.20e-43	182
CP043556.1	CP046746.1	93.496	123	7	1	963781	963902	529062	528940	7.20e-43	182
CP043556.1	CP046746.1	93.496	123	7	1	962718	962839	529062	528940	7.20e-43	182
CP043556.1	CP046746.1	93.496	123	7	1	984564	984685	528940	529062	7.20e-43	182
CP043556.1	CP046746.1	93.496	123	7	1	1008865	1008986	528940	529062	7.20e-43	182
CP043556.1	CP046746.1	93.496	123	7	1	1025533	1025654	528940	529062	7.20e-43	182
CP043556.1	CP046746.1	93.496	123	7	1	1032153	1032274	528940	529062	7.20e-43	182
CP043556.1	CP046746.1	93.496	123	7	1	1062952	1063073	528940	529062	7.20e-43	182
CP043556.1	CP046746.1	92.248	129	9	1	953648	953775	529747	529875	7.20e-43	182
CP043556.1	CP046746.1	92.857	126	8	1	1067862	1067986	529750	529875	7.20e-43	182
CP043556.1	CP046746.1	92.857	126	7	2	946921	947045	529751	529875	7.20e-43	182
CP043556.1	CP046746.1	92.800	125	9	0	1056117	1056241	529751	529875	7.20e-43	182
CP043556.1	CP046746.1	93.496	123	7	1	1003030	1003151	529752	529874	7.20e-43	182
CP043556.1	CP046746.1	93.496	123	7	1	1011280	1011401	529752	529874	7.20e-43	182
CP043556.1	CP046746.1	93.496	123	7	1	1053000	1053121	529752	529874	7.20e-43	182
CP043556.1	CP046746.1	92.857	126	8	1	1070301	1070426	530322	530446	7.20e-43	182
CP043556.1	CP046746.1	92.800	125	9	0	1055587	1055711	530324	530448	7.20e-43	182
CP043556.1	CP046746.1	92.857	126	8	1	1056117	1056242	530324	530448	7.20e-43	182
CP043556.1	CP046746.1	92.248	129	8	2	971216	971343	530452	530325	7.20e-43	182
CP043556.1	CP046746.1	93.496	123	6	2	991602	991723	530325	530446	7.20e-43	182
CP043556.1	CP046746.1	93.443	122	8	0	1004048	1004169	530325	530446	7.20e-43	182
CP043556.1	CP046746.1	90.647	139	10	3	974974	975111	531248	531112	7.20e-43	182
CP043556.1	CP046746.1	90.580	138	12	1	950074	950211	531112	531248	7.20e-43	182
CP043556.1	CP046746.1	92.308	130	7	3	1005166	1005293	531119	531247	7.20e-43	182
CP043556.1	CP046746.1	92.857	126	7	2	956112	956236	531124	531248	7.20e-43	182
CP043556.1	CP046746.1	92.857	126	7	2	987363	987487	531124	531248	7.20e-43	182
CP043556.1	CP046746.1	92.857	126	7	2	1002494	1002618	531124	531248	7.20e-43	182
CP043556.1	CP046746.1	93.496	123	6	2	976249	976370	531247	531126	7.20e-43	182
CP043556.1	CP046746.1	93.496	123	6	2	951466	951587	531126	531247	7.20e-43	182
CP043556.1	CP046746.1	93.496	123	6	2	1007142	1007263	531126	531247	7.20e-43	182
CP043556.1	CP046746.1	93.496	123	7	1	1026067	1026189	531126	531247	7.20e-43	182
CP043556.1	CP046746.1	92.248	129	9	1	952649	952777	533566	533693	7.20e-43	182
CP043556.1	CP046746.1	92.857	126	8	1	1005170	1005295	533571	533695	7.20e-43	182
CP043556.1	CP046746.1	92.857	126	8	1	1023645	1023770	533571	533695	7.20e-43	182
CP043556.1	CP046746.1	92.857	126	8	1	1030433	1030558	533571	533695	7.20e-43	182
CP043556.1	CP046746.1	92.857	126	7	2	1057729	1057853	533571	533695	7.20e-43	182
CP043556.1	CP046746.1	92.857	126	8	1	1063759	1063884	533571	533695	7.20e-43	182
CP043556.1	CP046746.1	91.667	132	9	2	966149	966279	533702	533572	7.20e-43	182
CP043556.1	CP046746.1	92.857	126	8	1	961248	961373	533696	533572	7.20e-43	182
CP043556.1	CP046746.1	93.496	123	7	1	974975	975097	533693	533572	7.20e-43	182
CP043556.1	CP046746.1	93.496	123	7	1	950088	950210	533572	533693	7.20e-43	182
CP043556.1	CP046746.1	93.496	123	7	1	951914	952036	533572	533693	7.20e-43	182
CP043556.1	CP046746.1	93.496	123	7	1	993565	993687	533572	533693	7.20e-43	182
CP043556.1	CP046746.1	93.443	122	8	0	1002496	1002617	533572	533693	7.20e-43	182
CP043556.1	CP046746.1	93.496	123	7	1	1026676	1026798	533572	533693	7.20e-43	182
CP043556.1	CP046746.1	93.443	122	8	0	1045596	1045717	533572	533693	7.20e-43	182
CP043556.1	CP046746.1	93.443	122	8	0	1050636	1050757	533572	533693	7.20e-43	182
CP043556.1	CP046746.1	93.443	122	8	0	1068819	1068940	533572	533693	7.20e-43	182
CP043556.1	CP046746.1	91.176	136	9	3	946419	946552	534413	534547	7.20e-43	182
CP043556.1	CP046746.1	92.248	129	9	1	1064251	1064379	534417	534544	7.20e-43	182
CP043556.1	CP046746.1	92.857	126	8	1	1016475	1016600	534419	534543	7.20e-43	182
CP043556.1	CP046746.1	92.800	125	9	0	1032150	1032274	534419	534543	7.20e-43	182
CP043556.1	CP046746.1	92.857	126	8	1	1056787	1056912	534419	534543	7.20e-43	182
CP043556.1	CP046746.1	92.248	129	9	1	966153	966281	534547	534420	7.20e-43	182
CP043556.1	CP046746.1	92.248	129	9	1	983924	984052	534420	534547	7.20e-43	182
CP043556.1	CP046746.1	92.248	129	8	2	1055586	1055713	534420	534547	7.20e-43	182
CP043556.1	CP046746.1	93.496	123	7	1	952655	952777	534422	534543	7.20e-43	182
CP043556.1	CP046746.1	93.443	122	8	0	1051929	1052050	534422	534543	7.20e-43	182
CP043556.1	CP046746.1	91.667	132	10	1	979431	979562	535192	535062	7.20e-43	182
CP043556.1	CP046746.1	92.857	126	8	1	958255	958380	535192	535068	7.20e-43	182
CP043556.1	CP046746.1	93.443	122	8	0	1046763	1046884	535071	535192	7.20e-43	182
CP043556.1	CP046746.1	93.443	122	8	0	1053000	1053121	535071	535192	7.20e-43	182
CP043556.1	CP046746.1	93.496	123	6	2	1057730	1057851	535071	535192	7.20e-43	182
CP043556.1	CP046746.1	92.800	125	9	0	964311	964435	536099	535975	7.20e-43	182
CP043556.1	CP046746.1	92.857	126	7	2	992603	992727	535975	536099	7.20e-43	182
CP043556.1	CP046746.1	92.800	125	9	0	1026065	1026189	535975	536099	7.20e-43	182
CP043556.1	CP046746.1	92.800	125	9	0	969044	969168	536100	535976	7.20e-43	182
CP043556.1	CP046746.1	92.800	125	9	0	1012804	1012928	535976	536100	7.20e-43	182
CP043556.1	CP046746.1	92.800	125	9	0	1034724	1034848	535976	536100	7.20e-43	182
CP043556.1	CP046746.1	92.800	125	9	0	1051169	1051293	535976	536100	7.20e-43	182
CP043556.1	CP046746.1	92.800	125	9	0	1048256	1048380	535977	536101	7.20e-43	182
CP043556.1	CP046746.1	93.496	123	7	1	1036324	1036445	535977	536099	7.20e-43	182
CP043556.1	CP046746.1	93.496	123	7	1	1047541	1047662	535977	536099	7.20e-43	182
CP043556.1	CP046746.1	93.496	123	7	1	1067555	1067676	535977	536099	7.20e-43	182
CP043556.1	CP046746.1	92.857	126	8	1	971220	971344	536720	536595	7.20e-43	182
CP043556.1	CP046746.1	92.857	126	8	1	988484	988608	536595	536720	7.20e-43	182
CP043556.1	CP046746.1	91.176	136	9	3	962706	962839	536730	536596	7.20e-43	182
CP043556.1	CP046746.1	91.667	132	10	1	1010068	1010198	536596	536727	7.20e-43	182
CP043556.1	CP046746.1	91.667	132	10	1	1066409	1066539	536596	536727	7.20e-43	182
CP043556.1	CP046746.1	93.496	123	7	1	965115	965236	536718	536596	7.20e-43	182
CP043556.1	CP046746.1	93.496	123	7	1	1050636	1050757	536596	536718	7.20e-43	182
CP043556.1	CP046746.1	92.248	129	8	2	963781	963908	537202	537075	7.20e-43	182
CP043556.1	CP046746.1	92.248	129	8	2	962718	962845	537202	537075	7.20e-43	182
CP043556.1	CP046746.1	92.857	126	8	1	1067863	1067987	537079	537204	7.20e-43	182
CP043556.1	CP046746.1	92.800	125	9	0	992605	992729	537080	537204	7.20e-43	182
CP043556.1	CP046746.1	93.496	123	7	1	1033968	1034089	537080	537202	7.20e-43	182
CP043556.1	CP046746.1	89.655	145	12	3	1062931	1063074	538032	538174	7.20e-43	182
CP043556.1	CP046746.1	92.857	126	8	1	990282	990406	538049	538174	7.20e-43	182
CP043556.1	CP046746.1	92.800	125	9	0	988939	989063	538049	538173	7.20e-43	182
CP043556.1	CP046746.1	91.111	135	10	2	1067028	1067162	538051	538183	7.20e-43	182
CP043556.1	CP046746.1	93.496	123	6	2	963248	963368	538173	538051	7.20e-43	182
CP043556.1	CP046746.1	93.496	123	7	1	1044936	1045057	538051	538173	7.20e-43	182
CP043556.1	CP046746.1	92.800	125	9	0	946424	946548	538610	538734	7.20e-43	182
CP043556.1	CP046746.1	92.857	126	7	2	1048716	1048840	538610	538734	7.20e-43	182
CP043556.1	CP046746.1	92.188	128	10	0	1034724	1034851	538611	538738	7.20e-43	182
CP043556.1	CP046746.1	91.667	132	10	1	1018793	1018924	538612	538742	7.20e-43	182
CP043556.1	CP046746.1	93.496	123	7	1	973009	973130	538734	538612	7.20e-43	182
CP043556.1	CP046746.1	93.496	123	7	1	997763	997884	538612	538734	7.20e-43	182
CP043556.1	CP046746.1	93.496	123	7	1	1008331	1008452	538612	538734	7.20e-43	182
CP043556.1	CP046746.1	93.496	123	7	1	1030906	1031027	538612	538734	7.20e-43	182
CP043556.1	CP046746.1	93.496	123	7	1	1036324	1036445	538612	538734	7.20e-43	182
CP043556.1	CP046746.1	93.496	123	7	1	1054449	1054570	538612	538734	7.20e-43	182
CP043556.1	CP046746.1	93.496	123	7	1	1058411	1058532	538612	538734	7.20e-43	182
CP043556.1	CP046746.1	92.248	129	9	1	999549	999677	539145	539272	7.20e-43	182
CP043556.1	CP046746.1	92.188	128	10	0	1063756	1063883	539145	539272	7.20e-43	182
CP043556.1	CP046746.1	92.800	125	9	0	1030433	1030557	539148	539272	7.20e-43	182
CP043556.1	CP046746.1	93.496	123	7	1	1039763	1039884	539149	539271	7.20e-43	182
CP043556.1	CP046746.1	93.496	123	7	1	1068819	1068940	539149	539271	7.20e-43	182
CP043556.1	CP046746.1	92.800	125	9	0	966934	967058	539891	539767	7.20e-43	182
CP043556.1	CP046746.1	93.496	123	7	1	995559	995680	539769	539891	7.20e-43	182
CP043556.1	CP046746.1	93.496	123	7	1	1044936	1045057	539769	539891	7.20e-43	182
CP043556.1	CP046746.1	92.308	130	7	3	1007135	1007263	540299	540426	7.20e-43	182
CP043556.1	CP046746.1	91.729	133	7	4	1010068	1010198	540306	540436	7.20e-43	182
CP043556.1	CP046746.1	92.308	130	6	4	987365	987493	540306	540432	7.20e-43	182
CP043556.1	CP046746.1	92.913	127	5	4	1056790	1056915	540306	540429	7.20e-43	182
CP043556.1	CP046746.1	92.913	127	5	4	1067864	1067989	540306	540429	7.20e-43	182
CP043556.1	CP046746.1	93.496	123	6	2	983926	984048	540306	540426	7.20e-43	182
CP043556.1	CP046746.1	93.548	124	4	4	988941	989063	540306	540426	7.20e-43	182
CP043556.1	CP046746.1	91.729	133	8	3	948239	948369	540951	541082	7.20e-43	182
CP043556.1	CP046746.1	92.857	126	8	1	1052997	1053121	540957	541082	7.20e-43	182
CP043556.1	CP046746.1	92.857	126	8	1	974008	974132	541084	540959	7.20e-43	182
CP043556.1	CP046746.1	92.857	126	8	1	1001966	1002090	540959	541084	7.20e-43	182
CP043556.1	CP046746.1	92.857	126	8	1	1007141	1007265	540959	541084	7.20e-43	182
CP043556.1	CP046746.1	92.800	125	9	0	944555	944679	540960	541084	7.20e-43	182
CP043556.1	CP046746.1	93.496	123	7	1	1032153	1032274	540960	541082	7.20e-43	182
CP043556.1	CP046746.1	93.496	123	7	1	1045596	1045717	540960	541082	7.20e-43	182
CP043556.1	CP046746.1	92.248	129	9	1	1067554	1067681	542567	542695	7.20e-43	182
CP043556.1	CP046746.1	92.188	128	10	0	1048255	1048382	542567	542694	7.20e-43	182
CP043556.1	CP046746.1	92.857	126	8	1	975611	975735	542692	542567	7.20e-43	182
CP043556.1	CP046746.1	92.800	125	9	0	988940	989064	542567	542691	7.20e-43	182
CP043556.1	CP046746.1	92.857	126	8	1	1040152	1040276	542568	542693	7.20e-43	182
CP043556.1	CP046746.1	92.800	125	9	0	979429	979553	542692	542568	7.20e-43	182
CP043556.1	CP046746.1	92.800	125	9	0	1030434	1030558	542568	542692	7.20e-43	182
CP043556.1	CP046746.1	92.800	125	9	0	1067028	1067152	542568	542692	7.20e-43	182
CP043556.1	CP046746.1	93.496	123	7	1	1011280	1011401	542568	542690	7.20e-43	182
CP043556.1	CP046746.1	93.496	123	7	1	1021935	1022056	542568	542690	7.20e-43	182
CP043556.1	CP046746.1	93.496	123	7	1	1051929	1052050	542568	542690	7.20e-43	182
CP043556.1	CP046746.1	91.667	132	10	1	578245	578376	682045	682175	7.20e-43	182
CP043556.1	CP046746.1	92.800	125	9	0	515297	515421	728095	728219	7.20e-43	182
CP043556.1	CP046746.1	92.188	128	10	0	397274	397401	761455	761582	7.20e-43	182
CP043556.1	CP046746.1	91.667	132	10	1	686492	686622	848132	848263	7.20e-43	182
CP043556.1	CP046746.1	92.188	128	10	0	742121	742248	848263	848136	7.20e-43	182
CP043556.1	CP046746.1	91.538	130	11	0	397273	397402	156218	156089	2.59e-42	180
CP043556.1	CP046746.1	92.800	125	8	1	148246	148369	310648	310524	2.59e-42	180
CP043556.1	CP046746.1	91.111	135	8	4	1069382	1069514	493103	493235	2.59e-42	180
CP043556.1	CP046746.1	92.800	125	8	1	966934	967058	493235	493112	2.59e-42	180
CP043556.1	CP046746.1	92.800	125	8	1	944553	944677	493112	493235	2.59e-42	180
CP043556.1	CP046746.1	92.800	125	8	1	996345	996469	493112	493235	2.59e-42	180
CP043556.1	CP046746.1	92.248	129	7	3	1053000	1053127	493114	493240	2.59e-42	180
CP043556.1	CP046746.1	91.603	131	9	1	950083	950211	493609	493739	2.59e-42	180
CP043556.1	CP046746.1	92.742	124	9	0	1026676	1026799	493616	493739	2.59e-42	180
CP043556.1	CP046746.1	92.742	124	9	0	1029862	1029985	493616	493739	2.59e-42	180
CP043556.1	CP046746.1	92.742	124	9	0	1037895	1038018	493616	493739	2.59e-42	180
CP043556.1	CP046746.1	91.603	131	10	1	1063756	1063886	494150	494279	2.59e-42	180
CP043556.1	CP046746.1	92.188	128	8	2	988482	988608	494151	494277	2.59e-42	180
CP043556.1	CP046746.1	92.188	128	8	2	1010068	1010194	494154	494280	2.59e-42	180
CP043556.1	CP046746.1	92.188	128	8	2	1010740	1010866	494154	494280	2.59e-42	180
CP043556.1	CP046746.1	93.443	122	6	2	1054979	1055098	495641	495762	2.59e-42	180
CP043556.1	CP046746.1	90.000	140	12	2	996345	996483	497427	497565	2.59e-42	180
CP043556.1	CP046746.1	92.742	124	9	0	1042049	1042172	497428	497551	2.59e-42	180
CP043556.1	CP046746.1	92.800	125	8	1	1021935	1022058	497429	497553	2.59e-42	180
CP043556.1	CP046746.1	92.742	124	9	0	969044	969167	497552	497429	2.59e-42	180
CP043556.1	CP046746.1	92.742	124	9	0	1012805	1012928	497429	497552	2.59e-42	180
CP043556.1	CP046746.1	92.742	124	9	0	1029862	1029985	497429	497552	2.59e-42	180
CP043556.1	CP046746.1	92.800	125	8	1	983391	983514	498918	499042	2.59e-42	180
CP043556.1	CP046746.1	92.800	125	8	1	1016476	1016600	498918	499041	2.59e-42	180
CP043556.1	CP046746.1	92.800	125	8	1	1050050	1050174	498919	499042	2.59e-42	180
CP043556.1	CP046746.1	92.742	124	9	0	1046763	1046886	498920	499043	2.59e-42	180
CP043556.1	CP046746.1	92.126	127	10	0	1018789	1018915	499544	499670	2.59e-42	180
CP043556.1	CP046746.1	92.800	125	8	1	1030905	1031028	499547	499671	2.59e-42	180
CP043556.1	CP046746.1	88.667	150	13	4	1040152	1040299	499548	499695	2.59e-42	180
CP043556.1	CP046746.1	92.188	128	8	2	1011280	1011405	499548	499675	2.59e-42	180
CP043556.1	CP046746.1	92.126	127	10	0	1023646	1023772	499548	499674	2.59e-42	180
CP043556.1	CP046746.1	92.800	125	8	1	976247	976370	499672	499548	2.59e-42	180
CP043556.1	CP046746.1	92.800	125	8	1	961886	962009	499672	499548	2.59e-42	180
CP043556.1	CP046746.1	92.188	128	9	1	1067553	1067679	500302	500429	2.59e-42	180
CP043556.1	CP046746.1	92.188	128	9	1	946919	947046	500941	501067	2.59e-42	180
CP043556.1	CP046746.1	92.188	128	9	1	1068333	1068460	500941	501067	2.59e-42	180
CP043556.1	CP046746.1	92.800	125	8	1	1049457	1049581	500943	501066	2.59e-42	180
CP043556.1	CP046746.1	92.800	125	8	1	964309	964433	501067	500944	2.59e-42	180
CP043556.1	CP046746.1	92.742	124	9	0	1040152	1040275	500944	501067	2.59e-42	180
CP043556.1	CP046746.1	90.977	133	12	0	1056112	1056244	501666	501798	2.59e-42	180
CP043556.1	CP046746.1	92.800	125	7	2	970799	970921	501794	501670	2.59e-42	180
CP043556.1	CP046746.1	92.742	124	9	0	987899	988022	501672	501795	2.59e-42	180
CP043556.1	CP046746.1	91.045	134	10	2	953642	953775	502294	502425	2.59e-42	180
CP043556.1	CP046746.1	92.188	128	8	2	1048716	1048843	502302	502427	2.59e-42	180
CP043556.1	CP046746.1	92.800	125	8	1	1007140	1007264	502302	502425	2.59e-42	180
CP043556.1	CP046746.1	92.800	125	8	1	1013310	1013434	502303	502426	2.59e-42	180
CP043556.1	CP046746.1	92.800	125	7	2	1023645	1023769	502303	502425	2.59e-42	180
CP043556.1	CP046746.1	92.800	125	7	2	1027845	1027969	502303	502425	2.59e-42	180
CP043556.1	CP046746.1	93.443	122	7	1	984564	984685	502304	502424	2.59e-42	180
CP043556.1	CP046746.1	93.443	122	7	1	1050636	1050757	502304	502424	2.59e-42	180
CP043556.1	CP046746.1	93.443	122	7	1	1062952	1063073	502304	502424	2.59e-42	180
CP043556.1	CP046746.1	93.443	122	7	1	1068819	1068940	502304	502424	2.59e-42	180
CP043556.1	CP046746.1	91.045	134	11	1	1066398	1066531	503913	504045	2.59e-42	180
CP043556.1	CP046746.1	91.603	131	10	1	965115	965245	504045	503916	2.59e-42	180
CP043556.1	CP046746.1	92.800	125	8	1	976714	976838	504045	503922	2.59e-42	180
CP043556.1	CP046746.1	92.800	125	8	1	972578	972702	504046	503923	2.59e-42	180
CP043556.1	CP046746.1	92.800	125	8	1	965581	965705	504046	503923	2.59e-42	180
CP043556.1	CP046746.1	92.800	125	8	1	1037046	1037169	504508	504632	2.59e-42	180
CP043556.1	CP046746.1	92.800	125	8	1	1010067	1010190	504509	504633	2.59e-42	180
CP043556.1	CP046746.1	92.800	125	8	1	1062315	1062438	504509	504633	2.59e-42	180
CP043556.1	CP046746.1	92.742	124	9	0	964310	964433	504633	504510	2.59e-42	180
CP043556.1	CP046746.1	92.742	124	9	0	992605	992728	504510	504633	2.59e-42	180
CP043556.1	CP046746.1	87.654	162	11	8	1055574	1055730	505652	505809	2.59e-42	180
CP043556.1	CP046746.1	92.800	125	8	1	1005170	1005294	505667	505790	2.59e-42	180
CP043556.1	CP046746.1	89.041	146	15	1	1055580	1055725	506297	506441	2.59e-42	180
CP043556.1	CP046746.1	92.126	127	10	0	1047538	1047664	506302	506428	2.59e-42	180
CP043556.1	CP046746.1	92.800	125	8	1	967640	967764	506427	506304	2.59e-42	180
CP043556.1	CP046746.1	92.857	126	6	3	982753	982876	506305	506429	2.59e-42	180
CP043556.1	CP046746.1	92.800	125	8	1	1005171	1005295	506305	506428	2.59e-42	180
CP043556.1	CP046746.1	92.800	125	8	1	1023646	1023770	506305	506428	2.59e-42	180
CP043556.1	CP046746.1	92.742	124	9	0	1044936	1045059	506305	506428	2.59e-42	180
CP043556.1	CP046746.1	92.126	127	10	0	1037043	1037169	506874	507000	2.59e-42	180
CP043556.1	CP046746.1	92.800	125	8	1	951912	952036	506877	507000	2.59e-42	180
CP043556.1	CP046746.1	92.742	124	9	0	956112	956235	506877	507000	2.59e-42	180
CP043556.1	CP046746.1	92.742	124	9	0	1002494	1002617	506877	507000	2.59e-42	180
CP043556.1	CP046746.1	92.800	125	8	1	1010738	1010862	506877	507000	2.59e-42	180
CP043556.1	CP046746.1	92.800	125	8	1	1026674	1026798	506877	507000	2.59e-42	180
CP043556.1	CP046746.1	92.742	124	9	0	1045594	1045717	506877	507000	2.59e-42	180
CP043556.1	CP046746.1	92.742	124	9	0	1050634	1050757	506877	507000	2.59e-42	180
CP043556.1	CP046746.1	92.800	125	8	1	1056788	1056912	506877	507000	2.59e-42	180
CP043556.1	CP046746.1	92.188	128	9	1	995559	995685	506879	507006	2.59e-42	180
CP043556.1	CP046746.1	92.800	125	8	1	988940	989064	507505	507628	2.59e-42	180
CP043556.1	CP046746.1	92.800	125	8	1	992605	992729	507506	507629	2.59e-42	180
CP043556.1	CP046746.1	92.800	125	8	1	967641	967765	508266	508143	2.59e-42	180
CP043556.1	CP046746.1	92.742	124	9	0	953651	953774	508143	508266	2.59e-42	180
CP043556.1	CP046746.1	92.800	125	8	1	999552	999676	508143	508266	2.59e-42	180
CP043556.1	CP046746.1	92.742	124	9	0	1067553	1067676	508143	508266	2.59e-42	180
CP043556.1	CP046746.1	92.742	124	9	0	1006581	1006704	508144	508267	2.59e-42	180
CP043556.1	CP046746.1	91.603	131	9	2	969042	969171	508861	508732	2.59e-42	180
CP043556.1	CP046746.1	92.742	124	9	0	995558	995681	508735	508858	2.59e-42	180
CP043556.1	CP046746.1	92.742	124	9	0	1024231	1024354	508736	508859	2.59e-42	180
CP043556.1	CP046746.1	92.800	125	8	1	988939	989063	509872	509995	2.59e-42	180
CP043556.1	CP046746.1	92.800	125	8	1	996346	996470	509873	509996	2.59e-42	180
CP043556.1	CP046746.1	89.510	143	13	2	950792	950932	509874	510016	2.59e-42	180
CP043556.1	CP046746.1	91.045	134	11	1	994234	994367	510399	510531	2.59e-42	180
CP043556.1	CP046746.1	92.742	124	9	0	1046762	1046885	510405	510528	2.59e-42	180
CP043556.1	CP046746.1	92.742	124	9	0	1024231	1024354	510406	510529	2.59e-42	180
CP043556.1	CP046746.1	92.188	128	9	1	1048252	1048379	511087	511213	2.59e-42	180
CP043556.1	CP046746.1	92.800	125	8	1	1054975	1055098	511087	511211	2.59e-42	180
CP043556.1	CP046746.1	92.742	124	9	0	953651	953774	511089	511212	2.59e-42	180
CP043556.1	CP046746.1	92.126	127	10	0	1040149	1040275	511622	511748	2.59e-42	180
CP043556.1	CP046746.1	92.188	128	8	2	1057727	1057853	511622	511748	2.59e-42	180
CP043556.1	CP046746.1	92.742	124	9	0	1047541	1047664	511625	511748	2.59e-42	180
CP043556.1	CP046746.1	92.800	125	8	1	1050051	1050175	511625	511748	2.59e-42	180
CP043556.1	CP046746.1	92.800	125	7	2	1055588	1055711	511625	511748	2.59e-42	180
CP043556.1	CP046746.1	92.800	125	8	1	1056118	1056242	511625	511748	2.59e-42	180
CP043556.1	CP046746.1	90.580	138	10	3	1048241	1048378	512227	512361	2.59e-42	180
CP043556.1	CP046746.1	91.603	131	10	1	973009	973139	512361	512232	2.59e-42	180
CP043556.1	CP046746.1	92.126	127	10	0	1010063	1010189	512235	512361	2.59e-42	180
CP043556.1	CP046746.1	92.800	125	8	1	983924	984048	512238	512361	2.59e-42	180
CP043556.1	CP046746.1	92.742	124	9	0	1008329	1008452	512238	512361	2.59e-42	180
CP043556.1	CP046746.1	92.800	125	8	1	1010738	1010862	512238	512361	2.59e-42	180
CP043556.1	CP046746.1	92.742	124	9	0	1043187	1043310	512238	512361	2.59e-42	180
CP043556.1	CP046746.1	92.742	124	9	0	1054447	1054570	512238	512361	2.59e-42	180
CP043556.1	CP046746.1	92.800	125	7	2	1055586	1055709	512238	512361	2.59e-42	180
CP043556.1	CP046746.1	90.511	137	11	2	1032153	1032287	513145	513281	2.59e-42	180
CP043556.1	CP046746.1	92.800	125	8	1	963779	963902	513269	513145	2.59e-42	180
CP043556.1	CP046746.1	92.800	125	8	1	987365	987488	513145	513269	2.59e-42	180
CP043556.1	CP046746.1	92.800	125	8	1	1021935	1022058	513145	513269	2.59e-42	180
CP043556.1	CP046746.1	92.742	124	9	0	969044	969167	513268	513145	2.59e-42	180
CP043556.1	CP046746.1	92.742	124	9	0	1010740	1010863	513145	513268	2.59e-42	180
CP043556.1	CP046746.1	92.742	124	9	0	1012805	1012928	513145	513268	2.59e-42	180
CP043556.1	CP046746.1	92.742	124	9	0	1026676	1026799	513145	513268	2.59e-42	180
CP043556.1	CP046746.1	92.800	125	8	1	1009397	1009520	513818	513942	2.59e-42	180
CP043556.1	CP046746.1	92.800	125	8	1	1052998	1053121	513818	513942	2.59e-42	180
CP043556.1	CP046746.1	92.800	125	8	1	1003029	1003152	513819	513943	2.59e-42	180
CP043556.1	CP046746.1	92.742	124	9	0	979431	979554	513942	513819	2.59e-42	180
CP043556.1	CP046746.1	92.742	124	9	0	1005170	1005293	513819	513942	2.59e-42	180
CP043556.1	CP046746.1	92.742	124	9	0	1048717	1048840	513819	513942	2.59e-42	180
CP043556.1	CP046746.1	92.742	124	9	0	1063759	1063882	513819	513942	2.59e-42	180
CP043556.1	CP046746.1	91.538	130	11	0	1056790	1056919	513820	513949	2.59e-42	180
CP043556.1	CP046746.1	92.800	125	8	1	987365	987488	513820	513944	2.59e-42	180
CP043556.1	CP046746.1	92.742	124	9	0	974974	975097	513943	513820	2.59e-42	180
CP043556.1	CP046746.1	92.742	124	9	0	996347	996470	513820	513943	2.59e-42	180
CP043556.1	CP046746.1	92.248	129	7	3	955338	955465	514713	514839	2.59e-42	180
CP043556.1	CP046746.1	92.800	125	8	1	1035730	1035854	514715	514838	2.59e-42	180
CP043556.1	CP046746.1	92.800	125	8	1	972577	972701	514839	514716	2.59e-42	180
CP043556.1	CP046746.1	92.800	125	8	1	983926	984050	514716	514839	2.59e-42	180
CP043556.1	CP046746.1	92.188	128	8	2	1026063	1026189	515348	515474	2.59e-42	180
CP043556.1	CP046746.1	92.800	125	8	1	946920	947044	515351	515474	2.59e-42	180
CP043556.1	CP046746.1	92.800	125	8	1	1005855	1005979	515351	515474	2.59e-42	180
CP043556.1	CP046746.1	92.742	124	9	0	1010066	1010189	515351	515474	2.59e-42	180
CP043556.1	CP046746.1	92.742	124	9	0	1024229	1024352	515351	515474	2.59e-42	180
CP043556.1	CP046746.1	92.742	124	9	0	1067553	1067676	515351	515474	2.59e-42	180
CP043556.1	CP046746.1	92.742	124	9	0	1006581	1006704	515352	515475	2.59e-42	180
CP043556.1	CP046746.1	92.742	124	9	0	1004048	1004171	515353	515476	2.59e-42	180
CP043556.1	CP046746.1	92.800	125	8	1	1062950	1063073	516605	516729	2.59e-42	180
CP043556.1	CP046746.1	92.800	125	8	1	971220	971343	516731	516607	2.59e-42	180
CP043556.1	CP046746.1	92.742	124	9	0	1062950	1063073	517277	517400	2.59e-42	180
CP043556.1	CP046746.1	92.800	125	8	1	964309	964433	517402	517279	2.59e-42	180
CP043556.1	CP046746.1	91.603	131	10	1	1043182	1043311	517909	518039	2.59e-42	180
CP043556.1	CP046746.1	92.248	129	7	3	963247	963372	518039	517911	2.59e-42	180
CP043556.1	CP046746.1	92.800	125	7	2	976714	976837	518038	517915	2.59e-42	180
CP043556.1	CP046746.1	92.800	125	8	1	1046763	1046886	517916	518040	2.59e-42	180
CP043556.1	CP046746.1	92.800	125	8	1	971220	971343	518639	518515	2.59e-42	180
CP043556.1	CP046746.1	92.800	125	8	1	1040152	1040275	518515	518639	2.59e-42	180
CP043556.1	CP046746.1	91.045	134	10	2	965574	965706	519244	519112	2.59e-42	180
CP043556.1	CP046746.1	92.800	125	8	1	970798	970921	519236	519112	2.59e-42	180
CP043556.1	CP046746.1	92.742	124	9	0	956112	956235	519112	519235	2.59e-42	180
CP043556.1	CP046746.1	92.742	124	9	0	987363	987486	519112	519235	2.59e-42	180
CP043556.1	CP046746.1	92.742	124	9	0	1039761	1039884	519112	519235	2.59e-42	180
CP043556.1	CP046746.1	92.742	124	9	0	1068817	1068940	519112	519235	2.59e-42	180
CP043556.1	CP046746.1	92.742	124	9	0	1008864	1008987	519720	519843	2.59e-42	180
CP043556.1	CP046746.1	91.111	135	9	3	1008854	1008987	521247	521379	2.59e-42	180
CP043556.1	CP046746.1	92.188	128	9	1	991598	991724	521252	521379	2.59e-42	180
CP043556.1	CP046746.1	91.111	135	9	3	1031519	1031652	521836	521968	2.59e-42	180
CP043556.1	CP046746.1	92.188	128	9	1	1062950	1063076	522408	522535	2.59e-42	180
CP043556.1	CP046746.1	92.188	128	9	1	972576	972703	522534	522408	2.59e-42	180
CP043556.1	CP046746.1	92.248	129	7	3	946920	947047	522408	522534	2.59e-42	180
CP043556.1	CP046746.1	92.742	124	9	0	963781	963904	522531	522408	2.59e-42	180
CP043556.1	CP046746.1	92.742	124	9	0	962718	962841	522531	522408	2.59e-42	180
CP043556.1	CP046746.1	92.742	124	9	0	990282	990405	522408	522531	2.59e-42	180
CP043556.1	CP046746.1	92.742	124	9	0	976247	976370	522533	522410	2.59e-42	180
CP043556.1	CP046746.1	90.977	133	12	0	1044926	1045058	522849	522981	2.59e-42	180
CP043556.1	CP046746.1	92.800	125	8	1	983391	983514	522857	522981	2.59e-42	180
CP043556.1	CP046746.1	92.800	125	8	1	993563	993687	522857	522980	2.59e-42	180
CP043556.1	CP046746.1	87.898	157	13	6	982742	982895	524941	525094	2.59e-42	180
CP043556.1	CP046746.1	91.111	135	8	4	1029851	1029984	524941	525072	2.59e-42	180
CP043556.1	CP046746.1	92.800	125	8	1	976249	976373	525072	524949	2.59e-42	180
CP043556.1	CP046746.1	92.857	126	6	3	1057727	1057851	524949	525072	2.59e-42	180
CP043556.1	CP046746.1	93.443	122	7	1	973009	973130	525072	524952	2.59e-42	180
CP043556.1	CP046746.1	93.443	122	7	1	971758	971879	525072	524952	2.59e-42	180
CP043556.1	CP046746.1	93.443	122	7	1	947714	947835	524952	525072	2.59e-42	180
CP043556.1	CP046746.1	93.443	122	7	1	955342	955463	524952	525072	2.59e-42	180
CP043556.1	CP046746.1	93.443	122	7	1	984564	984685	524952	525072	2.59e-42	180
CP043556.1	CP046746.1	93.443	122	7	1	1031519	1031640	524952	525072	2.59e-42	180
CP043556.1	CP046746.1	93.443	122	7	1	1068819	1068940	524952	525072	2.59e-42	180
CP043556.1	CP046746.1	92.800	125	8	1	972577	972701	526200	526077	2.59e-42	180
CP043556.1	CP046746.1	92.800	125	7	2	1055588	1055711	526077	526200	2.59e-42	180
CP043556.1	CP046746.1	92.800	125	8	1	978004	978128	526839	526716	2.59e-42	180
CP043556.1	CP046746.1	92.800	125	7	2	1051170	1051294	526719	526841	2.59e-42	180
CP043556.1	CP046746.1	93.443	122	7	1	988485	988606	526719	526839	2.59e-42	180
CP043556.1	CP046746.1	93.443	122	7	1	1013311	1013432	526719	526839	2.59e-42	180
CP043556.1	CP046746.1	92.800	125	8	1	1035730	1035854	527508	527631	2.59e-42	180
CP043556.1	CP046746.1	91.111	135	9	3	1068819	1068952	527509	527641	2.59e-42	180
CP043556.1	CP046746.1	92.800	125	8	1	966932	967056	527632	527509	2.59e-42	180
CP043556.1	CP046746.1	92.800	125	8	1	998916	999040	527509	527632	2.59e-42	180
CP043556.1	CP046746.1	92.188	128	9	1	988485	988611	528940	529067	2.59e-42	180
CP043556.1	CP046746.1	92.800	125	8	1	1010067	1010190	529751	529875	2.59e-42	180
CP043556.1	CP046746.1	92.742	124	9	0	1056789	1056912	529751	529874	2.59e-42	180
CP043556.1	CP046746.1	92.742	124	9	0	958254	958377	529875	529752	2.59e-42	180
CP043556.1	CP046746.1	92.742	124	9	0	992605	992728	529752	529875	2.59e-42	180
CP043556.1	CP046746.1	92.800	125	8	1	996345	996469	530323	530446	2.59e-42	180
CP043556.1	CP046746.1	92.742	124	9	0	1037046	1037169	530323	530446	2.59e-42	180
CP043556.1	CP046746.1	92.800	125	8	1	988940	989064	530324	530447	2.59e-42	180
CP043556.1	CP046746.1	92.800	125	8	1	1005856	1005980	530324	530447	2.59e-42	180
CP043556.1	CP046746.1	93.443	122	7	1	1054978	1055098	530324	530445	2.59e-42	180
CP043556.1	CP046746.1	92.800	125	8	1	964309	964433	530448	530325	2.59e-42	180
CP043556.1	CP046746.1	92.800	125	8	1	992605	992729	530325	530448	2.59e-42	180
CP043556.1	CP046746.1	92.800	125	8	1	994241	994365	530325	530448	2.59e-42	180
CP043556.1	CP046746.1	92.800	125	7	2	977224	977347	531247	531124	2.59e-42	180
CP043556.1	CP046746.1	92.857	126	6	3	972579	972703	531247	531124	2.59e-42	180
CP043556.1	CP046746.1	92.800	125	7	2	1055586	1055709	531124	531247	2.59e-42	180
CP043556.1	CP046746.1	91.045	134	11	1	966932	967065	533695	533563	2.59e-42	180
CP043556.1	CP046746.1	92.188	128	9	1	1050048	1050175	533569	533695	2.59e-42	180
CP043556.1	CP046746.1	91.045	134	10	2	992604	992736	533571	533703	2.59e-42	180
CP043556.1	CP046746.1	91.045	134	10	2	979421	979554	533702	533571	2.59e-42	180
CP043556.1	CP046746.1	92.742	124	9	0	995558	995681	533571	533694	2.59e-42	180
CP043556.1	CP046746.1	92.800	125	8	1	1035730	1035854	533571	533694	2.59e-42	180
CP043556.1	CP046746.1	92.742	124	9	0	978002	978125	533695	533572	2.59e-42	180
CP043556.1	CP046746.1	92.742	124	9	0	975611	975734	533695	533572	2.59e-42	180
CP043556.1	CP046746.1	92.742	124	9	0	973007	973130	533695	533572	2.59e-42	180
CP043556.1	CP046746.1	92.800	125	8	1	965580	965704	533695	533572	2.59e-42	180
CP043556.1	CP046746.1	92.742	124	9	0	1040152	1040275	533572	533695	2.59e-42	180
CP043556.1	CP046746.1	92.742	124	9	0	1054449	1054572	533572	533695	2.59e-42	180
CP043556.1	CP046746.1	91.045	134	10	2	987354	987486	534411	534543	2.59e-42	180
CP043556.1	CP046746.1	92.188	128	9	1	1045591	1045717	534416	534543	2.59e-42	180
CP043556.1	CP046746.1	92.800	125	8	1	1026674	1026798	534420	534543	2.59e-42	180
CP043556.1	CP046746.1	92.742	124	9	0	1050634	1050757	534420	534543	2.59e-42	180
CP043556.1	CP046746.1	91.603	131	10	1	1050050	1050180	534421	534550	2.59e-42	180
CP043556.1	CP046746.1	92.800	125	8	1	1014010	1014134	534421	534544	2.59e-42	180
CP043556.1	CP046746.1	92.800	125	8	1	979429	979553	534545	534422	2.59e-42	180
CP043556.1	CP046746.1	92.800	125	8	1	992605	992729	534422	534545	2.59e-42	180
CP043556.1	CP046746.1	92.800	125	8	1	1054975	1055098	535067	535191	2.59e-42	180
CP043556.1	CP046746.1	92.188	128	9	1	953651	953778	535069	535195	2.59e-42	180
CP043556.1	CP046746.1	92.800	125	8	1	999552	999676	535069	535192	2.59e-42	180
CP043556.1	CP046746.1	89.116	147	13	3	1016457	1016601	535955	536100	2.59e-42	180
CP043556.1	CP046746.1	92.126	127	10	0	1015387	1015513	535975	536101	2.59e-42	180
CP043556.1	CP046746.1	92.800	125	8	1	1003029	1003152	535976	536100	2.59e-42	180
CP043556.1	CP046746.1	92.742	124	9	0	946425	946548	535976	536099	2.59e-42	180
CP043556.1	CP046746.1	92.742	124	9	0	1048717	1048840	535976	536099	2.59e-42	180
CP043556.1	CP046746.1	92.188	128	9	1	984564	984690	535977	536104	2.59e-42	180
CP043556.1	CP046746.1	92.742	124	9	0	1026676	1026799	535977	536100	2.59e-42	180
CP043556.1	CP046746.1	92.800	125	7	2	1056790	1056913	535977	536100	2.59e-42	180
CP043556.1	CP046746.1	92.188	128	9	1	953650	953776	536593	536720	2.59e-42	180
CP043556.1	CP046746.1	92.188	128	8	2	983390	983515	536593	536720	2.59e-42	180
CP043556.1	CP046746.1	91.667	132	8	3	950790	950919	536594	536724	2.59e-42	180
CP043556.1	CP046746.1	92.742	124	9	0	1011814	1011937	536595	536718	2.59e-42	180
CP043556.1	CP046746.1	92.800	125	8	1	1067864	1067987	536596	536720	2.59e-42	180
CP043556.1	CP046746.1	92.800	125	8	1	984562	984685	537078	537202	2.59e-42	180
CP043556.1	CP046746.1	92.800	125	8	1	1025531	1025654	537078	537202	2.59e-42	180
CP043556.1	CP046746.1	92.742	124	9	0	1061174	1061297	537079	537202	2.59e-42	180
CP043556.1	CP046746.1	92.742	124	9	0	944554	944677	538050	538173	2.59e-42	180
CP043556.1	CP046746.1	90.071	141	10	4	984548	984686	538597	538735	2.59e-42	180
CP043556.1	CP046746.1	91.111	135	9	3	958255	958387	538734	538601	2.59e-42	180
CP043556.1	CP046746.1	89.583	144	11	4	1056780	1056922	538604	538744	2.59e-42	180
CP043556.1	CP046746.1	92.188	128	9	1	995554	995680	538607	538734	2.59e-42	180
CP043556.1	CP046746.1	92.248	129	7	3	982752	982878	538611	538738	2.59e-42	180
CP043556.1	CP046746.1	92.188	128	9	1	1004047	1004173	538611	538738	2.59e-42	180
CP043556.1	CP046746.1	92.742	124	9	0	1026066	1026189	538611	538734	2.59e-42	180
CP043556.1	CP046746.1	92.742	124	9	0	1063759	1063882	538611	538734	2.59e-42	180
CP043556.1	CP046746.1	92.742	124	9	0	996347	996470	538612	538735	2.59e-42	180
CP043556.1	CP046746.1	92.742	124	9	0	1026676	1026799	538612	538735	2.59e-42	180
CP043556.1	CP046746.1	92.742	124	9	0	1066409	1066532	538612	538735	2.59e-42	180
CP043556.1	CP046746.1	92.248	129	7	3	983388	983514	539145	539272	2.59e-42	180
CP043556.1	CP046746.1	92.742	124	9	0	972578	972701	539272	539149	2.59e-42	180
CP043556.1	CP046746.1	92.800	125	8	1	984563	984686	539768	539892	2.59e-42	180
CP043556.1	CP046746.1	92.800	125	7	2	965582	965705	539891	539768	2.59e-42	180
CP043556.1	CP046746.1	92.742	124	9	0	961251	961374	539891	539768	2.59e-42	180
CP043556.1	CP046746.1	92.742	124	9	0	1042049	1042172	539768	539891	2.59e-42	180
CP043556.1	CP046746.1	92.742	124	9	0	1068335	1068458	539768	539891	2.59e-42	180
CP043556.1	CP046746.1	92.188	128	8	2	961883	962009	539895	539769	2.59e-42	180
CP043556.1	CP046746.1	91.176	136	7	5	1002496	1002630	540306	540437	2.59e-42	180
CP043556.1	CP046746.1	93.496	123	5	3	973009	973130	540426	540306	2.59e-42	180
CP043556.1	CP046746.1	93.496	123	5	3	989528	989649	540306	540426	2.59e-42	180
CP043556.1	CP046746.1	93.496	123	5	3	997763	997884	540306	540426	2.59e-42	180
CP043556.1	CP046746.1	93.496	123	5	3	1008331	1008452	540306	540426	2.59e-42	180
CP043556.1	CP046746.1	93.496	123	5	3	1043189	1043310	540306	540426	2.59e-42	180
CP043556.1	CP046746.1	93.496	123	5	3	1054449	1054570	540306	540426	2.59e-42	180
CP043556.1	CP046746.1	89.510	143	13	2	992596	992737	540951	541092	2.59e-42	180
CP043556.1	CP046746.1	92.800	125	8	1	1013310	1013433	540959	541083	2.59e-42	180
CP043556.1	CP046746.1	92.800	125	8	1	1046762	1046885	540959	541083	2.59e-42	180
CP043556.1	CP046746.1	92.742	124	9	0	952654	952777	540959	541082	2.59e-42	180
CP043556.1	CP046746.1	92.800	125	8	1	1031519	1031642	540960	541084	2.59e-42	180
CP043556.1	CP046746.1	92.742	124	9	0	1049458	1049581	540960	541083	2.59e-42	180
CP043556.1	CP046746.1	91.538	130	11	0	944553	944682	542566	542695	2.59e-42	180
CP043556.1	CP046746.1	90.071	141	11	3	983392	983530	542567	542706	2.59e-42	180
CP043556.1	CP046746.1	92.742	124	9	0	960066	960189	542690	542567	2.59e-42	180
CP043556.1	CP046746.1	92.742	124	9	0	690023	690146	728218	728095	2.59e-42	180
CP043556.1	CP046746.1	92.126	127	10	0	515298	515424	761455	761581	2.59e-42	180
CP043556.1	CP046746.1	92.188	128	9	1	836540	836666	848136	848263	2.59e-42	180
CP043556.1	CP046746.1	91.538	130	11	0	397271	397400	1011009	1011138	2.59e-42	180
CP043556.1	CP046746.1	91.538	130	11	0	515296	515425	1011010	1011139	2.59e-42	180
CP043556.1	CP046746.1	92.126	127	10	0	924419	924545	1011138	1011012	2.59e-42	180
CP043556.1	CP046746.1	92.742	124	7	2	978004	978126	493235	493113	9.31e-42	178
CP043556.1	CP046746.1	92.742	124	8	1	961251	961374	493235	493113	9.31e-42	178
CP043556.1	CP046746.1	92.800	125	6	3	946921	947044	493113	493235	9.31e-42	178
CP043556.1	CP046746.1	92.742	124	7	2	987364	987486	493113	493235	9.31e-42	178
CP043556.1	CP046746.1	92.742	124	8	1	999553	999676	493113	493235	9.31e-42	178
CP043556.1	CP046746.1	92.742	124	7	2	1008864	1008986	493113	493235	9.31e-42	178
CP043556.1	CP046746.1	92.742	124	7	2	1045595	1045717	493113	493235	9.31e-42	178
CP043556.1	CP046746.1	92.742	124	8	1	1048255	1048378	493113	493235	9.31e-42	178
CP043556.1	CP046746.1	92.742	124	7	2	1058410	1058532	493113	493235	9.31e-42	178
CP043556.1	CP046746.1	92.126	127	9	1	991602	991727	493616	493742	9.31e-42	178
CP043556.1	CP046746.1	92.683	123	9	0	979431	979553	493738	493616	9.31e-42	178
CP043556.1	CP046746.1	92.683	123	9	0	958255	958377	493738	493616	9.31e-42	178
CP043556.1	CP046746.1	92.683	123	9	0	1027846	1027968	493616	493738	9.31e-42	178
CP043556.1	CP046746.1	92.683	123	9	0	1064256	1064378	493616	493738	9.31e-42	178
CP043556.1	CP046746.1	90.977	133	10	2	1007135	1007266	494147	494278	9.31e-42	178
CP043556.1	CP046746.1	90.977	133	10	2	999549	999681	494150	494280	9.31e-42	178
CP043556.1	CP046746.1	92.126	127	8	2	1061806	1061931	494153	494278	9.31e-42	178
CP043556.1	CP046746.1	91.538	130	9	2	1067864	1067992	494154	494282	9.31e-42	178
CP043556.1	CP046746.1	92.800	125	6	3	970797	970919	494277	494154	9.31e-42	178
CP043556.1	CP046746.1	92.800	125	6	3	967640	967763	494276	494154	9.31e-42	178
CP043556.1	CP046746.1	90.511	137	10	3	962707	962840	497564	497428	9.31e-42	178
CP043556.1	CP046746.1	92.063	126	10	0	1016477	1016602	497428	497553	9.31e-42	178
CP043556.1	CP046746.1	92.742	124	8	1	977224	977346	497551	497428	9.31e-42	178
CP043556.1	CP046746.1	92.742	124	8	1	975613	975735	497551	497428	9.31e-42	178
CP043556.1	CP046746.1	92.742	124	8	1	973009	973131	497551	497428	9.31e-42	178
CP043556.1	CP046746.1	92.742	124	8	1	1008330	1008452	497428	497551	9.31e-42	178
CP043556.1	CP046746.1	92.742	124	8	1	1043188	1043310	497428	497551	9.31e-42	178
CP043556.1	CP046746.1	92.742	124	8	1	1054448	1054570	497428	497551	9.31e-42	178
CP043556.1	CP046746.1	92.742	124	8	1	1011280	1011402	497429	497552	9.31e-42	178
CP043556.1	CP046746.1	92.742	124	7	2	994241	994363	497429	497551	9.31e-42	178
CP043556.1	CP046746.1	92.683	123	9	0	1063760	1063882	497429	497551	9.31e-42	178
CP043556.1	CP046746.1	91.538	130	10	1	946420	946549	498914	499042	9.31e-42	178
CP043556.1	CP046746.1	92.126	127	9	1	1048252	1048378	498916	499041	9.31e-42	178
CP043556.1	CP046746.1	92.742	124	8	1	1061174	1061297	498919	499041	9.31e-42	178
CP043556.1	CP046746.1	91.538	130	10	1	969038	969167	499048	498920	9.31e-42	178
CP043556.1	CP046746.1	92.742	124	8	1	979430	979553	499042	498920	9.31e-42	178
CP043556.1	CP046746.1	92.742	124	8	1	1018291	1018414	498920	499042	9.31e-42	178
CP043556.1	CP046746.1	92.683	123	9	0	1044936	1045058	498920	499042	9.31e-42	178
CP043556.1	CP046746.1	92.126	127	9	1	984560	984685	499544	499670	9.31e-42	178
CP043556.1	CP046746.1	92.063	126	10	0	1066406	1066531	499545	499670	9.31e-42	178
CP043556.1	CP046746.1	89.437	142	13	1	996345	996486	499546	499685	9.31e-42	178
CP043556.1	CP046746.1	92.742	124	8	1	965115	965237	499670	499547	9.31e-42	178
CP043556.1	CP046746.1	92.742	124	8	1	1025532	1025654	499547	499670	9.31e-42	178
CP043556.1	CP046746.1	92.742	124	8	1	1039762	1039884	499547	499670	9.31e-42	178
CP043556.1	CP046746.1	92.063	126	10	0	1005171	1005296	499548	499673	9.31e-42	178
CP043556.1	CP046746.1	92.742	124	8	1	1046763	1046885	499548	499671	9.31e-42	178
CP043556.1	CP046746.1	92.683	123	9	0	987899	988021	499548	499670	9.31e-42	178
CP043556.1	CP046746.1	92.742	124	7	2	1017755	1017877	499548	499670	9.31e-42	178
CP043556.1	CP046746.1	91.603	131	8	3	994238	994366	500300	500429	9.31e-42	178
CP043556.1	CP046746.1	92.126	127	9	1	1025529	1025654	500300	500426	9.31e-42	178
CP043556.1	CP046746.1	92.126	127	8	2	967640	967765	500427	500302	9.31e-42	178
CP043556.1	CP046746.1	92.742	124	8	1	1006581	1006703	500303	500426	9.31e-42	178
CP043556.1	CP046746.1	92.742	124	7	2	1017755	1017877	500304	500426	9.31e-42	178
CP043556.1	CP046746.1	92.683	123	9	0	1046763	1046885	500944	501066	9.31e-42	178
CP043556.1	CP046746.1	91.538	130	10	1	963780	963908	501795	501666	9.31e-42	178
CP043556.1	CP046746.1	91.538	130	10	1	962717	962845	501795	501666	9.31e-42	178
CP043556.1	CP046746.1	91.473	129	11	0	951909	952037	501667	501795	9.31e-42	178
CP043556.1	CP046746.1	92.126	127	9	1	1062949	1063074	501669	501795	9.31e-42	178
CP043556.1	CP046746.1	92.126	127	9	1	984562	984687	501670	501796	9.31e-42	178
CP043556.1	CP046746.1	92.742	124	8	1	991069	991191	501672	501795	9.31e-42	178
CP043556.1	CP046746.1	92.683	123	9	0	1023646	1023768	501672	501794	9.31e-42	178
CP043556.1	CP046746.1	92.742	124	7	2	952654	952777	502303	502424	9.31e-42	178
CP043556.1	CP046746.1	92.742	124	7	2	1050051	1050174	502304	502425	9.31e-42	178
CP043556.1	CP046746.1	91.045	134	9	2	1005161	1005294	503916	504046	9.31e-42	178
CP043556.1	CP046746.1	92.063	126	10	0	1025529	1025654	503920	504045	9.31e-42	178
CP043556.1	CP046746.1	92.742	124	8	1	993564	993687	503923	504045	9.31e-42	178
CP043556.1	CP046746.1	89.928	139	12	2	964295	964433	504060	503924	9.31e-42	178
CP043556.1	CP046746.1	92.683	123	9	0	961887	962009	504046	503924	9.31e-42	178
CP043556.1	CP046746.1	92.742	124	8	1	992605	992728	503924	504046	9.31e-42	178
CP043556.1	CP046746.1	92.742	124	8	1	1026067	1026190	503924	504046	9.31e-42	178
CP043556.1	CP046746.1	92.742	124	8	1	1030434	1030557	503924	504046	9.31e-42	178
CP043556.1	CP046746.1	92.742	124	7	2	1061807	1061929	503924	504046	9.31e-42	178
CP043556.1	CP046746.1	92.126	127	8	2	967639	967764	504634	504509	9.31e-42	178
CP043556.1	CP046746.1	92.742	124	8	1	963781	963903	504632	504509	9.31e-42	178
CP043556.1	CP046746.1	92.742	124	8	1	962718	962840	504632	504509	9.31e-42	178
CP043556.1	CP046746.1	92.742	124	8	1	1002495	1002617	504509	504632	9.31e-42	178
CP043556.1	CP046746.1	92.742	124	8	1	988485	988607	504510	504633	9.31e-42	178
CP043556.1	CP046746.1	92.683	123	9	0	1011815	1011937	504510	504632	9.31e-42	178
CP043556.1	CP046746.1	92.188	128	7	3	1067550	1067676	505126	505251	9.31e-42	178
CP043556.1	CP046746.1	92.800	125	6	3	967641	967764	505251	505129	9.31e-42	178
CP043556.1	CP046746.1	92.742	124	8	1	965582	965705	505251	505129	9.31e-42	178
CP043556.1	CP046746.1	92.742	124	7	2	953652	953774	505129	505251	9.31e-42	178
CP043556.1	CP046746.1	92.742	124	8	1	1042049	1042172	505129	505251	9.31e-42	178
CP043556.1	CP046746.1	92.188	128	7	3	961883	962009	505255	505130	9.31e-42	178
CP043556.1	CP046746.1	92.126	127	8	2	1004048	1004173	505130	505255	9.31e-42	178
CP043556.1	CP046746.1	92.742	124	8	1	965581	965704	505790	505668	9.31e-42	178
CP043556.1	CP046746.1	92.683	123	9	0	953653	953775	505668	505790	9.31e-42	178
CP043556.1	CP046746.1	92.683	123	9	0	1010068	1010190	505668	505790	9.31e-42	178
CP043556.1	CP046746.1	92.683	123	9	0	1062316	1062438	505668	505790	9.31e-42	178
CP043556.1	CP046746.1	92.683	123	9	0	1067864	1067986	505668	505790	9.31e-42	178
CP043556.1	CP046746.1	92.683	123	9	0	984563	984685	506304	506426	9.31e-42	178
CP043556.1	CP046746.1	92.683	123	9	0	1062951	1063073	506304	506426	9.31e-42	178
CP043556.1	CP046746.1	92.742	124	8	1	1048718	1048841	506305	506427	9.31e-42	178
CP043556.1	CP046746.1	92.063	126	10	0	975612	975737	507001	506876	9.31e-42	178
CP043556.1	CP046746.1	92.063	126	10	0	953650	953775	506876	507001	9.31e-42	178
CP043556.1	CP046746.1	92.126	127	9	1	999551	999677	506876	507001	9.31e-42	178
CP043556.1	CP046746.1	92.742	124	8	1	964310	964433	507001	506879	9.31e-42	178
CP043556.1	CP046746.1	92.742	124	8	1	958254	958377	507001	506879	9.31e-42	178
CP043556.1	CP046746.1	92.742	124	8	1	946426	946549	506879	507001	9.31e-42	178
CP043556.1	CP046746.1	92.742	124	8	1	992605	992728	506879	507001	9.31e-42	178
CP043556.1	CP046746.1	92.742	124	8	1	994241	994364	506879	507001	9.31e-42	178
CP043556.1	CP046746.1	92.683	123	9	0	996979	997101	506879	507001	9.31e-42	178
CP043556.1	CP046746.1	92.683	123	9	0	1009399	1009521	506879	507001	9.31e-42	178
CP043556.1	CP046746.1	92.742	124	8	1	1027846	1027969	506879	507001	9.31e-42	178
CP043556.1	CP046746.1	92.683	123	9	0	1044936	1045058	506879	507001	9.31e-42	178
CP043556.1	CP046746.1	92.742	124	7	2	1057730	1057852	506879	507001	9.31e-42	178
CP043556.1	CP046746.1	92.126	127	9	1	1014008	1014134	507503	507628	9.31e-42	178
CP043556.1	CP046746.1	92.126	127	9	1	966154	966280	507630	507505	9.31e-42	178
CP043556.1	CP046746.1	92.126	127	9	1	946921	947047	507505	507630	9.31e-42	178
CP043556.1	CP046746.1	92.683	123	9	0	984563	984685	507505	507627	9.31e-42	178
CP043556.1	CP046746.1	92.683	123	9	0	1002495	1002617	507505	507627	9.31e-42	178
CP043556.1	CP046746.1	92.742	124	8	1	1048255	1048378	507505	507627	9.31e-42	178
CP043556.1	CP046746.1	92.683	123	9	0	1050635	1050757	507505	507627	9.31e-42	178
CP043556.1	CP046746.1	92.742	124	8	1	1056789	1056912	507505	507627	9.31e-42	178
CP043556.1	CP046746.1	92.683	123	9	0	1062951	1063073	507505	507627	9.31e-42	178
CP043556.1	CP046746.1	92.683	123	9	0	1046763	1046885	507506	507628	9.31e-42	178
CP043556.1	CP046746.1	92.742	124	8	1	1048718	1048841	507506	507628	9.31e-42	178
CP043556.1	CP046746.1	92.742	124	8	1	1050050	1050173	508144	508266	9.31e-42	178
CP043556.1	CP046746.1	90.000	140	11	3	953140	953278	508145	508282	9.31e-42	178
CP043556.1	CP046746.1	92.742	124	8	1	987899	988022	508145	508267	9.31e-42	178
CP043556.1	CP046746.1	89.928	139	13	1	1043176	1043313	508722	508860	9.31e-42	178
CP043556.1	CP046746.1	91.538	130	9	2	974975	975103	508857	508729	9.31e-42	178
CP043556.1	CP046746.1	92.742	124	7	2	948247	948369	508735	508857	9.31e-42	178
CP043556.1	CP046746.1	90.441	136	12	1	1067864	1067999	508736	508870	9.31e-42	178
CP043556.1	CP046746.1	92.126	127	9	1	1002496	1002621	508736	508862	9.31e-42	178
CP043556.1	CP046746.1	92.126	127	9	1	1050636	1050761	508736	508862	9.31e-42	178
CP043556.1	CP046746.1	92.742	124	8	1	1049458	1049581	508736	508858	9.31e-42	178
CP043556.1	CP046746.1	90.977	133	11	1	1004039	1004170	509864	509996	9.31e-42	178
CP043556.1	CP046746.1	90.977	133	10	2	1005161	1005293	509865	509995	9.31e-42	178
CP043556.1	CP046746.1	92.742	124	8	1	944554	944677	509873	509995	9.31e-42	178
CP043556.1	CP046746.1	92.683	123	9	0	1067863	1067985	509873	509995	9.31e-42	178
CP043556.1	CP046746.1	92.126	127	8	2	1023646	1023772	509874	509998	9.31e-42	178
CP043556.1	CP046746.1	92.742	124	7	2	991602	991724	509874	509996	9.31e-42	178
CP043556.1	CP046746.1	92.126	127	9	1	944555	944681	510406	510531	9.31e-42	178
CP043556.1	CP046746.1	92.742	124	8	1	967640	967763	510528	510406	9.31e-42	178
CP043556.1	CP046746.1	92.126	127	9	1	1048714	1048840	511087	511212	9.31e-42	178
CP043556.1	CP046746.1	92.126	127	9	1	1056114	1056240	511087	511212	9.31e-42	178
CP043556.1	CP046746.1	92.742	124	8	1	966934	967057	511212	511090	9.31e-42	178
CP043556.1	CP046746.1	92.126	127	9	1	1012801	1012927	511621	511746	9.31e-42	178
CP043556.1	CP046746.1	92.126	127	9	1	1062947	1063073	511621	511746	9.31e-42	178
CP043556.1	CP046746.1	92.742	124	8	1	1005857	1005980	511625	511747	9.31e-42	178
CP043556.1	CP046746.1	92.742	124	8	1	1014011	1014134	511625	511747	9.31e-42	178
CP043556.1	CP046746.1	92.742	124	8	1	1049458	1049581	511625	511747	9.31e-42	178
CP043556.1	CP046746.1	90.441	136	12	1	1067850	1067985	512227	512361	9.31e-42	178
CP043556.1	CP046746.1	92.742	124	8	1	1050050	1050173	512239	512361	9.31e-42	178
CP043556.1	CP046746.1	92.742	124	8	1	1061174	1061297	512239	512361	9.31e-42	178
CP043556.1	CP046746.1	90.977	133	11	1	1053000	1053131	512240	512372	9.31e-42	178
CP043556.1	CP046746.1	92.742	124	7	2	948248	948370	512240	512362	9.31e-42	178
CP043556.1	CP046746.1	90.441	136	11	2	965103	965236	513280	513145	9.31e-42	178
CP043556.1	CP046746.1	92.742	124	8	1	956114	956236	513145	513268	9.31e-42	178
CP043556.1	CP046746.1	92.742	124	8	1	1003030	1003152	513145	513268	9.31e-42	178
CP043556.1	CP046746.1	92.742	124	8	1	1011280	1011402	513145	513268	9.31e-42	178
CP043556.1	CP046746.1	92.742	124	8	1	1045596	1045718	513145	513268	9.31e-42	178
CP043556.1	CP046746.1	92.683	123	9	0	946426	946548	513145	513267	9.31e-42	178
CP043556.1	CP046746.1	92.683	123	9	0	983926	984048	513145	513267	9.31e-42	178
CP043556.1	CP046746.1	92.683	123	9	0	999554	999676	513145	513267	9.31e-42	178
CP043556.1	CP046746.1	92.683	123	9	0	1030434	1030556	513145	513267	9.31e-42	178
CP043556.1	CP046746.1	92.683	123	9	0	1067028	1067150	513145	513267	9.31e-42	178
CP043556.1	CP046746.1	90.977	133	10	2	990276	990407	513813	513944	9.31e-42	178
CP043556.1	CP046746.1	92.126	127	8	2	955338	955463	513817	513942	9.31e-42	178
CP043556.1	CP046746.1	92.742	124	8	1	974010	974132	513942	513819	9.31e-42	178
CP043556.1	CP046746.1	92.742	124	8	1	996978	997100	513819	513942	9.31e-42	178
CP043556.1	CP046746.1	92.742	124	8	1	956114	956236	513820	513943	9.31e-42	178
CP043556.1	CP046746.1	92.683	123	9	0	965582	965704	513942	513820	9.31e-42	178
CP043556.1	CP046746.1	92.683	123	9	0	944555	944677	513820	513942	9.31e-42	178
CP043556.1	CP046746.1	92.683	123	9	0	999554	999676	513820	513942	9.31e-42	178
CP043556.1	CP046746.1	92.126	127	9	1	1018289	1018415	514714	514839	9.31e-42	178
CP043556.1	CP046746.1	92.126	127	9	1	1026065	1026191	514714	514839	9.31e-42	178
CP043556.1	CP046746.1	91.045	134	9	3	996978	997110	514715	514846	9.31e-42	178
CP043556.1	CP046746.1	92.126	127	8	2	968367	968492	514840	514715	9.31e-42	178
CP043556.1	CP046746.1	92.742	124	7	2	1011279	1011401	514715	514837	9.31e-42	178
CP043556.1	CP046746.1	92.188	128	6	4	1056790	1056915	514716	514841	9.31e-42	178
CP043556.1	CP046746.1	92.742	124	8	1	1014010	1014133	515352	515474	9.31e-42	178
CP043556.1	CP046746.1	92.683	123	9	0	1067863	1067985	515352	515474	9.31e-42	178
CP043556.1	CP046746.1	92.126	127	9	1	1008861	1008986	516603	516729	9.31e-42	178
CP043556.1	CP046746.1	92.742	124	8	1	1037047	1037169	516606	516729	9.31e-42	178
CP043556.1	CP046746.1	92.742	124	8	1	1048718	1048841	517279	517401	9.31e-42	178
CP043556.1	CP046746.1	92.742	124	8	1	1046763	1046885	518515	518638	9.31e-42	178
CP043556.1	CP046746.1	90.909	132	12	0	971758	971889	519235	519104	9.31e-42	178
CP043556.1	CP046746.1	90.977	133	10	2	998913	999044	519111	519242	9.31e-42	178
CP043556.1	CP046746.1	92.742	124	8	1	958254	958377	519236	519114	9.31e-42	178
CP043556.1	CP046746.1	92.683	123	9	0	996979	997101	519114	519236	9.31e-42	178
CP043556.1	CP046746.1	92.742	124	7	2	1057730	1057852	519114	519236	9.31e-42	178
CP043556.1	CP046746.1	92.742	124	8	1	946921	947044	519720	519842	9.31e-42	178
CP043556.1	CP046746.1	92.742	124	8	1	1068335	1068458	519720	519842	9.31e-42	178
CP043556.1	CP046746.1	92.742	124	7	2	991602	991724	519721	519843	9.31e-42	178
CP043556.1	CP046746.1	92.742	124	8	1	1011815	1011938	519721	519843	9.31e-42	178
CP043556.1	CP046746.1	92.742	124	8	1	1017755	1017878	519721	519843	9.31e-42	178
CP043556.1	CP046746.1	92.742	124	8	1	988484	988606	521255	521378	9.31e-42	178
CP043556.1	CP046746.1	92.742	124	8	1	1046762	1046884	521255	521378	9.31e-42	178
CP043556.1	CP046746.1	92.742	124	8	1	1050636	1050758	521256	521379	9.31e-42	178
CP043556.1	CP046746.1	92.742	124	7	2	967641	967763	521378	521256	9.31e-42	178
CP043556.1	CP046746.1	92.742	124	7	2	1021934	1022056	521835	521957	9.31e-42	178
CP043556.1	CP046746.1	92.742	124	8	1	1064256	1064379	521836	521958	9.31e-42	178
CP043556.1	CP046746.1	90.977	133	11	1	1047540	1047671	522409	522541	9.31e-42	178
CP043556.1	CP046746.1	92.800	125	6	3	1048718	1048841	522410	522532	9.31e-42	178
CP043556.1	CP046746.1	90.977	133	11	1	1011805	1011937	522849	522980	9.31e-42	178
CP043556.1	CP046746.1	92.683	123	9	0	1040152	1040274	522859	522981	9.31e-42	178
CP043556.1	CP046746.1	92.188	128	7	3	974975	975102	525072	524948	9.31e-42	178
CP043556.1	CP046746.1	92.126	127	8	2	987895	988021	524948	525072	9.31e-42	178
CP043556.1	CP046746.1	92.126	127	8	2	1062947	1063073	524948	525072	9.31e-42	178
CP043556.1	CP046746.1	92.742	124	8	1	995557	995680	524950	525072	9.31e-42	178
CP043556.1	CP046746.1	92.742	124	7	2	969045	969168	525072	524951	9.31e-42	178
CP043556.1	CP046746.1	93.333	120	8	0	945252	945371	525545	525664	9.31e-42	178
CP043556.1	CP046746.1	91.538	130	9	2	999549	999678	526073	526200	9.31e-42	178
CP043556.1	CP046746.1	92.742	124	8	1	967640	967763	526199	526077	9.31e-42	178
CP043556.1	CP046746.1	92.126	127	9	1	1008863	1008989	526717	526842	9.31e-42	178
CP043556.1	CP046746.1	91.538	130	9	2	961880	962009	526846	526719	9.31e-42	178
CP043556.1	CP046746.1	89.928	139	12	2	958250	958387	527635	527498	9.31e-42	178
CP043556.1	CP046746.1	90.977	133	10	2	999547	999679	527503	527633	9.31e-42	178
CP043556.1	CP046746.1	91.538	130	9	2	974975	975104	527630	527503	9.31e-42	178
CP043556.1	CP046746.1	92.126	127	9	1	1034721	1034847	527505	527630	9.31e-42	178
CP043556.1	CP046746.1	92.126	127	9	1	982750	982875	527506	527632	9.31e-42	178
CP043556.1	CP046746.1	92.126	127	8	2	996978	997103	527508	527633	9.31e-42	178
CP043556.1	CP046746.1	92.126	127	8	2	1001966	1002091	527508	527633	9.31e-42	178
CP043556.1	CP046746.1	92.742	124	8	1	952654	952777	527508	527630	9.31e-42	178
CP043556.1	CP046746.1	90.977	133	11	1	972569	972701	527640	527509	9.31e-42	178
CP043556.1	CP046746.1	89.928	139	12	2	994226	994363	528209	528346	9.31e-42	178
CP043556.1	CP046746.1	92.742	124	8	1	1006581	1006703	528223	528346	9.31e-42	178
CP043556.1	CP046746.1	92.742	124	8	1	1047540	1047662	528223	528346	9.31e-42	178
CP043556.1	CP046746.1	92.742	124	8	1	1024231	1024353	528940	529063	9.31e-42	178
CP043556.1	CP046746.1	92.742	124	8	1	1055588	1055710	528940	529063	9.31e-42	178
CP043556.1	CP046746.1	92.742	124	8	1	1067555	1067677	528940	529063	9.31e-42	178
CP043556.1	CP046746.1	91.473	129	11	0	1050046	1050174	529747	529875	9.31e-42	178
CP043556.1	CP046746.1	92.063	126	10	0	1061172	1061297	529749	529874	9.31e-42	178
CP043556.1	CP046746.1	92.063	126	10	0	1005856	1005981	529751	529876	9.31e-42	178
CP043556.1	CP046746.1	92.800	125	6	3	1002495	1002617	529751	529874	9.31e-42	178
CP043556.1	CP046746.1	92.742	124	8	1	1025532	1025654	529751	529874	9.31e-42	178
CP043556.1	CP046746.1	92.683	123	9	0	1011815	1011937	529752	529874	9.31e-42	178
CP043556.1	CP046746.1	91.538	130	10	1	1049452	1049581	530319	530447	9.31e-42	178
CP043556.1	CP046746.1	92.683	123	9	0	984563	984685	530324	530446	9.31e-42	178
CP043556.1	CP046746.1	92.742	124	8	1	993564	993687	530324	530446	9.31e-42	178
CP043556.1	CP046746.1	92.742	124	8	1	1048255	1048378	530324	530446	9.31e-42	178
CP043556.1	CP046746.1	92.683	123	9	0	1062951	1063073	530324	530446	9.31e-42	178
CP043556.1	CP046746.1	92.683	123	9	0	1046763	1046885	530325	530447	9.31e-42	178
CP043556.1	CP046746.1	92.742	124	8	1	1048718	1048841	530325	530447	9.31e-42	178
CP043556.1	CP046746.1	92.126	127	8	2	989524	989649	531122	531247	9.31e-42	178
CP043556.1	CP046746.1	92.126	127	9	1	1014007	1014133	531122	531247	9.31e-42	178
CP043556.1	CP046746.1	91.538	130	10	1	1018791	1018920	531124	531252	9.31e-42	178
CP043556.1	CP046746.1	92.742	124	8	1	952655	952778	531126	531248	9.31e-42	178
CP043556.1	CP046746.1	92.742	124	8	1	1034725	1034848	531126	531248	9.31e-42	178
CP043556.1	CP046746.1	92.742	124	8	1	1029861	1029984	533571	533693	9.31e-42	178
CP043556.1	CP046746.1	90.977	133	10	2	1068336	1068467	533572	533703	9.31e-42	178
CP043556.1	CP046746.1	92.063	126	10	0	1046760	1046885	534419	534544	9.31e-42	178
CP043556.1	CP046746.1	92.126	127	9	1	961249	961375	534545	534420	9.31e-42	178
CP043556.1	CP046746.1	92.063	126	10	0	953651	953776	534420	534545	9.31e-42	178
CP043556.1	CP046746.1	92.742	124	8	1	996346	996469	534421	534543	9.31e-42	178
CP043556.1	CP046746.1	92.683	123	9	0	1037047	1037169	534421	534543	9.31e-42	178
CP043556.1	CP046746.1	92.126	127	8	2	1057730	1057855	534422	534547	9.31e-42	178
CP043556.1	CP046746.1	92.683	123	9	0	995559	995681	534422	534544	9.31e-42	178
CP043556.1	CP046746.1	92.126	127	9	1	946422	946548	535067	535192	9.31e-42	178
CP043556.1	CP046746.1	92.126	127	9	1	1048714	1048840	535067	535192	9.31e-42	178
CP043556.1	CP046746.1	92.742	124	8	1	1029862	1029985	535071	535193	9.31e-42	178
CP043556.1	CP046746.1	92.063	126	10	0	1046130	1046255	535976	536101	9.31e-42	178
CP043556.1	CP046746.1	92.742	124	8	1	1007141	1007263	535976	536099	9.31e-42	178
CP043556.1	CP046746.1	92.683	123	9	0	966934	967056	536099	535977	9.31e-42	178
CP043556.1	CP046746.1	92.742	124	7	2	946922	947044	535977	536099	9.31e-42	178
CP043556.1	CP046746.1	92.683	123	9	0	983926	984048	535977	536099	9.31e-42	178
CP043556.1	CP046746.1	92.683	123	9	0	988941	989063	535977	536099	9.31e-42	178
CP043556.1	CP046746.1	92.683	123	9	0	999554	999676	535977	536099	9.31e-42	178
CP043556.1	CP046746.1	92.683	123	9	0	1005857	1005979	535977	536099	9.31e-42	178
CP043556.1	CP046746.1	92.683	123	9	0	1042050	1042172	535977	536099	9.31e-42	178
CP043556.1	CP046746.1	92.683	123	9	0	1049458	1049580	535977	536099	9.31e-42	178
CP043556.1	CP046746.1	92.126	127	8	2	994240	994365	536595	536720	9.31e-42	178
CP043556.1	CP046746.1	92.742	124	8	1	1004047	1004169	536595	536718	9.31e-42	178
CP043556.1	CP046746.1	92.742	124	8	1	1033967	1034089	536595	536718	9.31e-42	178
CP043556.1	CP046746.1	92.188	128	7	3	1054973	1055098	537075	537201	9.31e-42	178
CP043556.1	CP046746.1	92.126	127	9	1	1047540	1047665	537079	537205	9.31e-42	178
CP043556.1	CP046746.1	92.126	127	8	2	994241	994366	537080	537205	9.31e-42	178
CP043556.1	CP046746.1	92.683	123	9	0	1011815	1011937	537080	537202	9.31e-42	178
CP043556.1	CP046746.1	92.683	123	9	0	1017755	1017877	537080	537202	9.31e-42	178
CP043556.1	CP046746.1	92.126	127	9	1	965114	965239	538174	538048	9.31e-42	178
CP043556.1	CP046746.1	92.126	127	9	1	1025530	1025655	538048	538174	9.31e-42	178
CP043556.1	CP046746.1	92.126	127	9	1	1050633	1050758	538048	538174	9.31e-42	178
CP043556.1	CP046746.1	92.063	126	10	0	965582	965707	538173	538048	9.31e-42	178
CP043556.1	CP046746.1	92.742	124	8	1	1067863	1067985	538050	538173	9.31e-42	178
CP043556.1	CP046746.1	92.742	124	8	1	1033968	1034090	538051	538174	9.31e-42	178
CP043556.1	CP046746.1	92.063	126	10	0	1051169	1051294	538611	538736	9.31e-42	178
CP043556.1	CP046746.1	92.742	124	7	2	963248	963369	538734	538611	9.31e-42	178
CP043556.1	CP046746.1	92.742	124	8	1	1052999	1053121	538611	538734	9.31e-42	178
CP043556.1	CP046746.1	92.063	126	10	0	1016478	1016603	538612	538737	9.31e-42	178
CP043556.1	CP046746.1	92.742	124	8	1	1037048	1037170	538612	538735	9.31e-42	178
CP043556.1	CP046746.1	92.683	123	9	0	944555	944677	538612	538734	9.31e-42	178
CP043556.1	CP046746.1	92.683	123	9	0	983926	984048	538612	538734	9.31e-42	178
CP043556.1	CP046746.1	92.683	123	9	0	988941	989063	538612	538734	9.31e-42	178
CP043556.1	CP046746.1	92.683	123	9	0	1005857	1005979	538612	538734	9.31e-42	178
CP043556.1	CP046746.1	91.603	131	8	3	1004042	1004169	539141	539271	9.31e-42	178
CP043556.1	CP046746.1	91.538	130	9	2	961887	962015	539272	539144	9.31e-42	178
CP043556.1	CP046746.1	92.742	124	8	1	1010068	1010190	539149	539272	9.31e-42	178
CP043556.1	CP046746.1	92.742	124	8	1	1067864	1067986	539149	539272	9.31e-42	178
CP043556.1	CP046746.1	92.683	123	9	0	976714	976836	539271	539149	9.31e-42	178
CP043556.1	CP046746.1	92.683	123	9	0	1018793	1018915	539149	539271	9.31e-42	178
CP043556.1	CP046746.1	90.977	133	11	1	1058401	1058532	539759	539891	9.31e-42	178
CP043556.1	CP046746.1	92.742	124	8	1	1069392	1069514	539768	539891	9.31e-42	178
CP043556.1	CP046746.1	92.188	128	7	3	982753	982878	539769	539895	9.31e-42	178
CP043556.1	CP046746.1	92.742	124	8	1	1003030	1003152	539769	539892	9.31e-42	178
CP043556.1	CP046746.1	92.742	124	7	2	1005171	1005293	539769	539891	9.31e-42	178
CP043556.1	CP046746.1	92.742	124	7	2	1023646	1023768	539769	539891	9.31e-42	178
CP043556.1	CP046746.1	92.683	123	9	0	1048718	1048840	539769	539891	9.31e-42	178
CP043556.1	CP046746.1	87.037	162	15	6	965102	965261	540439	540282	9.31e-42	178
CP043556.1	CP046746.1	92.188	128	6	4	978004	978130	540426	540302	9.31e-42	178
CP043556.1	CP046746.1	92.188	128	7	3	961251	961378	540426	540302	9.31e-42	178
CP043556.1	CP046746.1	92.188	128	7	3	999549	999676	540302	540426	9.31e-42	178
CP043556.1	CP046746.1	92.800	125	5	4	958255	958378	540426	540305	9.31e-42	178
CP043556.1	CP046746.1	92.742	124	7	2	993565	993688	540306	540427	9.31e-42	178
CP043556.1	CP046746.1	92.742	124	7	2	996347	996470	540306	540427	9.31e-42	178
CP043556.1	CP046746.1	91.538	130	10	1	976246	976374	541085	540956	9.31e-42	178
CP043556.1	CP046746.1	91.538	130	9	2	975610	975738	541085	540957	9.31e-42	178
CP043556.1	CP046746.1	92.126	127	9	1	974975	975101	541082	540957	9.31e-42	178
CP043556.1	CP046746.1	92.063	126	10	0	987896	988021	540957	541082	9.31e-42	178
CP043556.1	CP046746.1	92.063	126	10	0	1005170	1005295	540959	541084	9.31e-42	178
CP043556.1	CP046746.1	92.063	126	10	0	1063759	1063884	540959	541084	9.31e-42	178
CP043556.1	CP046746.1	92.742	124	8	1	1021934	1022056	540959	541082	9.31e-42	178
CP043556.1	CP046746.1	92.683	123	9	0	960066	960188	541082	540960	9.31e-42	178
CP043556.1	CP046746.1	92.683	123	9	0	951914	952036	540960	541082	9.31e-42	178
CP043556.1	CP046746.1	92.683	123	9	0	996347	996469	540960	541082	9.31e-42	178
CP043556.1	CP046746.1	92.683	123	9	0	1048256	1048378	540960	541082	9.31e-42	178
CP043556.1	CP046746.1	92.063	126	10	0	952652	952777	542565	542690	9.31e-42	178
CP043556.1	CP046746.1	91.603	131	8	3	1055587	1055715	542567	542696	9.31e-42	178
CP043556.1	CP046746.1	92.126	127	9	1	1010067	1010192	542567	542693	9.31e-42	178
CP043556.1	CP046746.1	92.742	124	8	1	990283	990405	542567	542690	9.31e-42	178
CP043556.1	CP046746.1	92.742	124	8	1	1002495	1002617	542567	542690	9.31e-42	178
CP043556.1	CP046746.1	89.362	141	15	0	969027	969167	542708	542568	9.31e-42	178
CP043556.1	CP046746.1	92.683	123	9	0	987899	988021	542568	542690	9.31e-42	178
CP043556.1	CP046746.1	92.683	123	9	0	1029862	1029984	542568	542690	9.31e-42	178
CP043556.1	CP046746.1	91.473	129	11	0	883424	883552	696863	696991	9.31e-42	178
CP043556.1	CP046746.1	91.406	128	11	0	686495	686622	327517	327390	3.35e-41	176
CP043556.1	CP046746.1	92.063	126	9	1	62349	62473	409027	408902	3.35e-41	176
CP043556.1	CP046746.1	92.683	123	7	2	995559	995680	493114	493235	3.35e-41	176
CP043556.1	CP046746.1	92.683	123	7	2	1003030	1003151	493114	493235	3.35e-41	176
CP043556.1	CP046746.1	92.683	123	8	1	1015389	1015511	493114	493235	3.35e-41	176
CP043556.1	CP046746.1	92.683	123	8	1	1018291	1018413	493114	493235	3.35e-41	176
CP043556.1	CP046746.1	92.683	123	8	1	1023646	1023768	493114	493235	3.35e-41	176
CP043556.1	CP046746.1	92.683	123	8	1	1034725	1034847	493114	493235	3.35e-41	176
CP043556.1	CP046746.1	92.683	123	7	2	1044936	1045057	493114	493235	3.35e-41	176
CP043556.1	CP046746.1	92.683	123	8	1	974010	974131	493738	493616	3.35e-41	176
CP043556.1	CP046746.1	92.683	123	8	1	989528	989649	493616	493738	3.35e-41	176
CP043556.1	CP046746.1	92.683	123	8	1	1013311	1013432	493616	493738	3.35e-41	176
CP043556.1	CP046746.1	92.683	123	8	1	1031519	1031640	493616	493738	3.35e-41	176
CP043556.1	CP046746.1	90.909	132	10	2	1012801	1012931	494150	494280	3.35e-41	176
CP043556.1	CP046746.1	92.126	127	7	3	946922	947047	494154	494278	3.35e-41	176
CP043556.1	CP046746.1	92.063	126	8	2	997763	997887	494154	494278	3.35e-41	176
CP043556.1	CP046746.1	92.063	126	8	2	1043189	1043313	494154	494278	3.35e-41	176
CP043556.1	CP046746.1	92.063	126	9	1	1006580	1006704	497427	497552	3.35e-41	176
CP043556.1	CP046746.1	92.000	125	10	0	944553	944677	497427	497551	3.35e-41	176
CP043556.1	CP046746.1	92.063	126	9	1	963779	963903	497553	497428	3.35e-41	176
CP043556.1	CP046746.1	92.063	126	9	1	1008864	1008988	497428	497553	3.35e-41	176
CP043556.1	CP046746.1	92.000	125	10	0	1048255	1048379	497428	497552	3.35e-41	176
CP043556.1	CP046746.1	92.683	123	7	2	963248	963368	497551	497429	3.35e-41	176
CP043556.1	CP046746.1	92.683	123	8	1	988485	988606	497429	497551	3.35e-41	176
CP043556.1	CP046746.1	92.683	123	8	1	1057730	1057851	497429	497551	3.35e-41	176
CP043556.1	CP046746.1	90.840	131	12	0	1052991	1053121	498911	499041	3.35e-41	176
CP043556.1	CP046746.1	91.473	129	9	2	1004043	1004169	498913	499041	3.35e-41	176
CP043556.1	CP046746.1	92.063	126	9	1	961250	961375	499042	498918	3.35e-41	176
CP043556.1	CP046746.1	91.473	129	10	1	944554	944682	498919	499046	3.35e-41	176
CP043556.1	CP046746.1	92.683	123	8	1	1015389	1015511	498920	499041	3.35e-41	176
CP043556.1	CP046746.1	91.473	129	9	2	1037046	1037172	499546	499674	3.35e-41	176
CP043556.1	CP046746.1	91.473	129	9	2	1002495	1002621	499547	499675	3.35e-41	176
CP043556.1	CP046746.1	91.473	129	9	2	1062951	1063077	499547	499675	3.35e-41	176
CP043556.1	CP046746.1	92.126	127	7	3	1061807	1061931	499548	499673	3.35e-41	176
CP043556.1	CP046746.1	92.063	126	9	1	1050633	1050757	500301	500426	3.35e-41	176
CP043556.1	CP046746.1	92.000	125	10	0	992605	992729	500304	500428	3.35e-41	176
CP043556.1	CP046746.1	92.000	125	10	0	1008862	1008986	500941	501065	3.35e-41	176
CP043556.1	CP046746.1	92.683	123	8	1	987899	988021	500944	501065	3.35e-41	176
CP043556.1	CP046746.1	92.683	123	8	1	1012805	1012927	500944	501065	3.35e-41	176
CP043556.1	CP046746.1	91.406	128	11	0	988936	989063	501667	501794	3.35e-41	176
CP043556.1	CP046746.1	90.370	135	11	2	975605	975737	501803	501669	3.35e-41	176
CP043556.1	CP046746.1	92.000	125	10	0	976713	976837	501795	501671	3.35e-41	176
CP043556.1	CP046746.1	92.000	125	10	0	1029862	1029986	501672	501796	3.35e-41	176
CP043556.1	CP046746.1	92.683	123	8	1	951466	951587	501672	501794	3.35e-41	176
CP043556.1	CP046746.1	92.683	123	8	1	995559	995680	501672	501794	3.35e-41	176
CP043556.1	CP046746.1	92.683	123	8	1	1044936	1045057	501672	501794	3.35e-41	176
CP043556.1	CP046746.1	90.441	136	10	3	1026066	1026201	502303	502435	3.35e-41	176
CP043556.1	CP046746.1	91.473	129	10	1	983393	983521	502304	502431	3.35e-41	176
CP043556.1	CP046746.1	92.683	123	8	1	975612	975734	502425	502304	3.35e-41	176
CP043556.1	CP046746.1	92.683	123	8	1	973008	973130	502425	502304	3.35e-41	176
CP043556.1	CP046746.1	92.683	123	7	2	976714	976836	502424	502304	3.35e-41	176
CP043556.1	CP046746.1	92.683	123	7	2	960066	960188	502424	502304	3.35e-41	176
CP043556.1	CP046746.1	92.683	123	7	2	1018793	1018915	502304	502424	3.35e-41	176
CP043556.1	CP046746.1	92.683	123	7	2	1061175	1061297	502304	502424	3.35e-41	176
CP043556.1	CP046746.1	92.683	123	8	1	987899	988021	503924	504045	3.35e-41	176
CP043556.1	CP046746.1	92.623	122	9	0	1011280	1011401	503924	504045	3.35e-41	176
CP043556.1	CP046746.1	92.683	123	8	1	1012805	1012927	503924	504045	3.35e-41	176
CP043556.1	CP046746.1	92.742	124	6	3	1017755	1017877	503924	504045	3.35e-41	176
CP043556.1	CP046746.1	92.742	124	6	3	1029862	1029984	503924	504045	3.35e-41	176
CP043556.1	CP046746.1	90.370	135	12	1	1024220	1024353	504499	504633	3.35e-41	176
CP043556.1	CP046746.1	92.683	123	8	1	1004048	1004169	504510	504632	3.35e-41	176
CP043556.1	CP046746.1	92.683	123	8	1	1033968	1034089	504510	504632	3.35e-41	176
CP043556.1	CP046746.1	91.538	130	8	3	1067862	1067990	505128	505255	3.35e-41	176
CP043556.1	CP046746.1	92.063	126	8	2	1037046	1037170	505128	505252	3.35e-41	176
CP043556.1	CP046746.1	91.538	130	8	3	962712	962840	505256	505129	3.35e-41	176
CP043556.1	CP046746.1	92.683	123	8	1	1005171	1005293	505130	505251	3.35e-41	176
CP043556.1	CP046746.1	92.683	123	8	1	1023646	1023768	505130	505251	3.35e-41	176
CP043556.1	CP046746.1	91.473	129	10	1	961887	962015	505790	505663	3.35e-41	176
CP043556.1	CP046746.1	92.683	123	8	1	1016478	1016600	505668	505789	3.35e-41	176
CP043556.1	CP046746.1	92.623	122	9	0	1037048	1037169	505668	505789	3.35e-41	176
CP043556.1	CP046746.1	92.683	123	8	1	1048256	1048378	505668	505789	3.35e-41	176
CP043556.1	CP046746.1	92.063	126	9	1	1068335	1068460	506304	506428	3.35e-41	176
CP043556.1	CP046746.1	92.683	123	8	1	987899	988021	506305	506426	3.35e-41	176
CP043556.1	CP046746.1	92.683	123	7	2	991602	991723	506305	506426	3.35e-41	176
CP043556.1	CP046746.1	92.683	123	8	1	1017755	1017877	506305	506426	3.35e-41	176
CP043556.1	CP046746.1	91.473	129	10	1	988938	989066	506876	507003	3.35e-41	176
CP043556.1	CP046746.1	92.063	126	9	1	983390	983514	506876	507001	3.35e-41	176
CP043556.1	CP046746.1	92.063	126	8	2	1062949	1063073	506876	507000	3.35e-41	176
CP043556.1	CP046746.1	92.000	125	10	0	973008	973132	507001	506877	3.35e-41	176
CP043556.1	CP046746.1	92.063	126	9	1	965581	965706	507001	506877	3.35e-41	176
CP043556.1	CP046746.1	92.000	125	10	0	1008329	1008453	506877	507001	3.35e-41	176
CP043556.1	CP046746.1	92.000	125	10	0	1010066	1010190	506877	507001	3.35e-41	176
CP043556.1	CP046746.1	92.000	125	10	0	1054447	1054571	506877	507001	3.35e-41	176
CP043556.1	CP046746.1	92.063	126	8	2	1055586	1055710	506877	507001	3.35e-41	176
CP043556.1	CP046746.1	92.063	126	9	1	1053000	1053124	506879	507004	3.35e-41	176
CP043556.1	CP046746.1	92.063	126	9	1	1035731	1035856	506879	507003	3.35e-41	176
CP043556.1	CP046746.1	92.683	123	7	2	948248	948369	506879	507000	3.35e-41	176
CP043556.1	CP046746.1	92.683	123	8	1	987899	988021	506879	507000	3.35e-41	176
CP043556.1	CP046746.1	92.683	123	8	1	1029862	1029984	506879	507000	3.35e-41	176
CP043556.1	CP046746.1	90.370	135	11	2	993554	993687	507494	507627	3.35e-41	176
CP043556.1	CP046746.1	91.473	129	9	2	1040150	1040276	507502	507630	3.35e-41	176
CP043556.1	CP046746.1	92.063	126	9	1	1056117	1056242	507505	507629	3.35e-41	176
CP043556.1	CP046746.1	92.063	126	9	1	994241	994366	507506	507630	3.35e-41	176
CP043556.1	CP046746.1	92.063	126	8	2	1061807	1061931	507506	507630	3.35e-41	176
CP043556.1	CP046746.1	92.683	123	8	1	987899	988021	507506	507627	3.35e-41	176
CP043556.1	CP046746.1	92.683	123	8	1	1012805	1012927	507506	507627	3.35e-41	176
CP043556.1	CP046746.1	92.683	123	8	1	1015389	1015511	507506	507627	3.35e-41	176
CP043556.1	CP046746.1	92.623	122	9	0	1033968	1034089	507506	507627	3.35e-41	176
CP043556.1	CP046746.1	92.683	123	8	1	1034725	1034847	507506	507627	3.35e-41	176
CP043556.1	CP046746.1	92.683	123	8	1	1046131	1046253	507506	507627	3.35e-41	176
CP043556.1	CP046746.1	92.683	123	8	1	1051170	1051292	507506	507627	3.35e-41	176
CP043556.1	CP046746.1	92.063	126	9	1	946919	947044	508142	508266	3.35e-41	176
CP043556.1	CP046746.1	92.063	126	9	1	993563	993688	508143	508267	3.35e-41	176
CP043556.1	CP046746.1	92.683	123	7	2	1013311	1013432	508145	508266	3.35e-41	176
CP043556.1	CP046746.1	92.623	122	9	0	1040152	1040273	508145	508266	3.35e-41	176
CP043556.1	CP046746.1	87.421	159	13	5	1033957	1034110	508723	508879	3.35e-41	176
CP043556.1	CP046746.1	91.473	129	10	1	1067551	1067679	508733	508860	3.35e-41	176
CP043556.1	CP046746.1	90.977	133	9	3	982752	982882	508735	508866	3.35e-41	176
CP043556.1	CP046746.1	91.473	129	9	2	1012804	1012931	508735	508862	3.35e-41	176
CP043556.1	CP046746.1	92.000	125	10	0	988484	988608	508735	508859	3.35e-41	176
CP043556.1	CP046746.1	91.473	129	10	1	965576	965704	508863	508736	3.35e-41	176
CP043556.1	CP046746.1	92.063	126	9	1	946922	947047	508736	508860	3.35e-41	176
CP043556.1	CP046746.1	92.000	125	10	0	997763	997887	508736	508860	3.35e-41	176
CP043556.1	CP046746.1	92.063	126	8	2	1055588	1055712	508736	508860	3.35e-41	176
CP043556.1	CP046746.1	92.063	126	9	1	1068336	1068461	508736	508860	3.35e-41	176
CP043556.1	CP046746.1	92.683	123	8	1	960066	960188	508857	508736	3.35e-41	176
CP043556.1	CP046746.1	92.623	122	9	0	990284	990405	508736	508857	3.35e-41	176
CP043556.1	CP046746.1	92.683	123	8	1	996347	996469	508736	508857	3.35e-41	176
CP043556.1	CP046746.1	92.683	123	8	1	1016478	1016600	508736	508857	3.35e-41	176
CP043556.1	CP046746.1	92.683	123	8	1	1018793	1018915	508736	508857	3.35e-41	176
CP043556.1	CP046746.1	92.683	123	8	1	1061175	1061297	508736	508857	3.35e-41	176
CP043556.1	CP046746.1	90.909	132	10	2	1011811	1011941	509869	509999	3.35e-41	176
CP043556.1	CP046746.1	91.538	130	7	3	1057723	1057851	509869	509995	3.35e-41	176
CP043556.1	CP046746.1	92.063	126	9	1	946919	947044	509871	509995	3.35e-41	176
CP043556.1	CP046746.1	92.000	125	10	0	1024228	1024352	509871	509995	3.35e-41	176
CP043556.1	CP046746.1	92.683	123	8	1	1067028	1067150	509874	509995	3.35e-41	176
CP043556.1	CP046746.1	91.473	129	10	1	1025526	1025654	510400	510527	3.35e-41	176
CP043556.1	CP046746.1	92.063	126	9	1	1042050	1042175	510406	510530	3.35e-41	176
CP043556.1	CP046746.1	92.623	122	9	0	963781	963902	510527	510406	3.35e-41	176
CP043556.1	CP046746.1	92.623	122	9	0	962718	962839	510527	510406	3.35e-41	176
CP043556.1	CP046746.1	92.683	123	8	1	1016478	1016600	510406	510527	3.35e-41	176
CP043556.1	CP046746.1	92.623	122	9	0	1037048	1037169	510406	510527	3.35e-41	176
CP043556.1	CP046746.1	92.063	126	9	1	1005168	1005293	511088	511212	3.35e-41	176
CP043556.1	CP046746.1	92.063	126	9	1	987899	988024	511091	511215	3.35e-41	176
CP043556.1	CP046746.1	92.683	123	8	1	1023646	1023768	511091	511212	3.35e-41	176
CP043556.1	CP046746.1	92.683	123	8	1	1067028	1067150	511091	511212	3.35e-41	176
CP043556.1	CP046746.1	91.473	129	9	2	983388	983515	511621	511748	3.35e-41	176
CP043556.1	CP046746.1	92.063	126	9	1	966931	967056	511749	511625	3.35e-41	176
CP043556.1	CP046746.1	92.623	122	9	0	1006582	1006703	511625	511746	3.35e-41	176
CP043556.1	CP046746.1	92.683	123	8	1	1048256	1048378	511625	511746	3.35e-41	176
CP043556.1	CP046746.1	92.683	123	8	1	1061175	1061297	511625	511746	3.35e-41	176
CP043556.1	CP046746.1	92.683	123	8	1	1066409	1066531	511625	511746	3.35e-41	176
CP043556.1	CP046746.1	90.909	132	11	1	1058401	1058532	512231	512361	3.35e-41	176
CP043556.1	CP046746.1	90.977	133	9	3	1016468	1016600	512232	512361	3.35e-41	176
CP043556.1	CP046746.1	92.000	125	10	0	978004	978128	512361	512237	3.35e-41	176
CP043556.1	CP046746.1	92.063	126	9	1	1030431	1030556	512237	512361	3.35e-41	176
CP043556.1	CP046746.1	92.683	123	8	1	1054977	1055098	512238	512360	3.35e-41	176
CP043556.1	CP046746.1	92.683	123	8	1	952655	952777	512240	512361	3.35e-41	176
CP043556.1	CP046746.1	92.623	122	9	0	988485	988606	512240	512361	3.35e-41	176
CP043556.1	CP046746.1	92.623	122	9	0	1003030	1003151	512240	512361	3.35e-41	176
CP043556.1	CP046746.1	92.683	123	8	1	1011815	1011937	512240	512361	3.35e-41	176
CP043556.1	CP046746.1	92.683	123	8	1	1029862	1029984	512240	512361	3.35e-41	176
CP043556.1	CP046746.1	92.683	123	8	1	1035731	1035853	512240	512361	3.35e-41	176
CP043556.1	CP046746.1	92.683	123	8	1	1051170	1051292	512240	512361	3.35e-41	176
CP043556.1	CP046746.1	92.063	126	9	1	1051929	1052053	513145	513270	3.35e-41	176
CP043556.1	CP046746.1	92.000	125	10	0	987899	988023	513145	513269	3.35e-41	176
CP043556.1	CP046746.1	92.000	125	10	0	1034725	1034849	513145	513269	3.35e-41	176
CP043556.1	CP046746.1	92.683	123	8	1	978004	978125	513267	513145	3.35e-41	176
CP043556.1	CP046746.1	92.683	123	8	1	977224	977345	513267	513145	3.35e-41	176
CP043556.1	CP046746.1	92.683	123	7	2	963248	963368	513267	513145	3.35e-41	176
CP043556.1	CP046746.1	92.683	123	8	1	995559	995680	513145	513267	3.35e-41	176
CP043556.1	CP046746.1	92.683	123	8	1	1031519	1031640	513145	513267	3.35e-41	176
CP043556.1	CP046746.1	92.683	123	8	1	1036324	1036445	513145	513267	3.35e-41	176
CP043556.1	CP046746.1	92.683	123	8	1	1043189	1043310	513145	513267	3.35e-41	176
CP043556.1	CP046746.1	92.683	123	8	1	1044936	1045057	513145	513267	3.35e-41	176
CP043556.1	CP046746.1	92.683	123	8	1	1057730	1057851	513145	513267	3.35e-41	176
CP043556.1	CP046746.1	90.441	136	9	3	982740	982873	513809	513942	3.35e-41	176
CP043556.1	CP046746.1	92.000	125	10	0	969044	969168	513943	513819	3.35e-41	176
CP043556.1	CP046746.1	92.000	125	10	0	1012804	1012928	513819	513943	3.35e-41	176
CP043556.1	CP046746.1	92.000	125	10	0	976712	976836	513944	513820	3.35e-41	176
CP043556.1	CP046746.1	92.683	123	8	1	978004	978125	513942	513820	3.35e-41	176
CP043556.1	CP046746.1	92.683	123	8	1	977224	977345	513942	513820	3.35e-41	176
CP043556.1	CP046746.1	92.683	123	8	1	1039763	1039884	513820	513942	3.35e-41	176
CP043556.1	CP046746.1	92.683	123	8	1	1067555	1067676	513820	513942	3.35e-41	176
CP043556.1	CP046746.1	92.126	127	7	3	958253	958378	514839	514715	3.35e-41	176
CP043556.1	CP046746.1	92.683	123	8	1	993565	993687	514716	514837	3.35e-41	176
CP043556.1	CP046746.1	92.683	123	7	2	1037048	1037169	514716	514837	3.35e-41	176
CP043556.1	CP046746.1	92.683	123	7	2	1039763	1039884	514716	514837	3.35e-41	176
CP043556.1	CP046746.1	90.840	131	12	0	961888	962018	515474	515344	3.35e-41	176
CP043556.1	CP046746.1	92.126	127	7	3	1057727	1057851	515349	515474	3.35e-41	176
CP043556.1	CP046746.1	91.473	129	10	1	953650	953778	515350	515477	3.35e-41	176
CP043556.1	CP046746.1	89.510	143	9	1	1015946	1016088	516603	516739	3.35e-41	176
CP043556.1	CP046746.1	92.683	123	8	1	1033968	1034089	516607	516729	3.35e-41	176
CP043556.1	CP046746.1	92.683	123	8	1	1012805	1012927	517279	517400	3.35e-41	176
CP043556.1	CP046746.1	92.623	122	9	0	1033968	1034089	517279	517400	3.35e-41	176
CP043556.1	CP046746.1	92.063	126	9	1	1067553	1067677	517914	518039	3.35e-41	176
CP043556.1	CP046746.1	92.000	125	10	0	1016476	1016600	517914	518038	3.35e-41	176
CP043556.1	CP046746.1	92.000	125	10	0	1018791	1018915	517914	518038	3.35e-41	176
CP043556.1	CP046746.1	92.683	123	8	1	1011280	1011401	517916	518038	3.35e-41	176
CP043556.1	CP046746.1	90.840	131	12	0	947705	947835	519105	519235	3.35e-41	176
CP043556.1	CP046746.1	89.855	138	13	1	1061167	1061304	519106	519242	3.35e-41	176
CP043556.1	CP046746.1	92.063	126	9	1	983924	984049	519112	519236	3.35e-41	176
CP043556.1	CP046746.1	92.000	125	10	0	1043187	1043311	519112	519236	3.35e-41	176
CP043556.1	CP046746.1	92.623	122	9	0	1011280	1011401	519114	519235	3.35e-41	176
CP043556.1	CP046746.1	92.683	123	8	1	1034725	1034847	519114	519235	3.35e-41	176
CP043556.1	CP046746.1	92.623	122	9	0	988485	988606	519721	519842	3.35e-41	176
CP043556.1	CP046746.1	92.683	123	8	1	1024231	1024352	521256	521378	3.35e-41	176
CP043556.1	CP046746.1	92.683	123	8	1	1040152	1040273	521256	521378	3.35e-41	176
CP043556.1	CP046746.1	92.683	123	8	1	1067555	1067676	521256	521378	3.35e-41	176
CP043556.1	CP046746.1	92.063	126	9	1	1026066	1026191	521835	521959	3.35e-41	176
CP043556.1	CP046746.1	92.000	125	10	0	1044935	1045059	521835	521959	3.35e-41	176
CP043556.1	CP046746.1	92.683	123	8	1	993565	993687	521836	521957	3.35e-41	176
CP043556.1	CP046746.1	92.623	122	9	0	1062952	1063073	521836	521957	3.35e-41	176
CP043556.1	CP046746.1	91.473	129	10	1	1005852	1005980	522405	522532	3.35e-41	176
CP043556.1	CP046746.1	91.473	129	9	2	993563	993690	522408	522535	3.35e-41	176
CP043556.1	CP046746.1	91.473	129	9	2	1026674	1026801	522408	522535	3.35e-41	176
CP043556.1	CP046746.1	92.000	125	10	0	977223	977347	522532	522408	3.35e-41	176
CP043556.1	CP046746.1	92.063	126	9	1	966932	967057	522533	522409	3.35e-41	176
CP043556.1	CP046746.1	89.855	138	12	2	953140	953277	522410	522545	3.35e-41	176
CP043556.1	CP046746.1	92.063	126	9	1	994241	994366	522410	522534	3.35e-41	176
CP043556.1	CP046746.1	92.063	126	9	1	1018291	1018416	522410	522534	3.35e-41	176
CP043556.1	CP046746.1	92.683	123	8	1	952655	952777	522410	522531	3.35e-41	176
CP043556.1	CP046746.1	92.683	123	8	1	1029862	1029984	522410	522531	3.35e-41	176
CP043556.1	CP046746.1	90.370	135	12	1	953642	953775	522847	522981	3.35e-41	176
CP043556.1	CP046746.1	87.662	154	16	3	1060220	1060372	522855	523006	3.35e-41	176
CP043556.1	CP046746.1	88.158	152	13	5	961863	962011	525099	524950	3.35e-41	176
CP043556.1	CP046746.1	88.158	152	13	5	1030433	1030582	524951	525099	3.35e-41	176
CP043556.1	CP046746.1	92.683	123	7	2	960066	960188	525072	524952	3.35e-41	176
CP043556.1	CP046746.1	92.683	123	7	2	1016478	1016600	524952	525072	3.35e-41	176
CP043556.1	CP046746.1	92.683	123	7	2	1018793	1018915	524952	525072	3.35e-41	176
CP043556.1	CP046746.1	92.683	123	7	2	1049458	1049580	524952	525072	3.35e-41	176
CP043556.1	CP046746.1	92.683	123	7	2	1050051	1050173	524952	525072	3.35e-41	176
CP043556.1	CP046746.1	92.683	123	7	2	1056118	1056240	524952	525072	3.35e-41	176
CP043556.1	CP046746.1	92.683	123	7	2	1061175	1061297	524952	525072	3.35e-41	176
CP043556.1	CP046746.1	92.000	125	10	0	953653	953777	526077	526201	3.35e-41	176
CP043556.1	CP046746.1	92.623	122	9	0	963781	963902	526198	526077	3.35e-41	176
CP043556.1	CP046746.1	92.623	122	9	0	962718	962839	526198	526077	3.35e-41	176
CP043556.1	CP046746.1	92.683	123	8	1	993565	993687	526077	526198	3.35e-41	176
CP043556.1	CP046746.1	92.623	122	9	0	1008865	1008986	526077	526198	3.35e-41	176
CP043556.1	CP046746.1	92.623	122	9	0	1037048	1037169	526077	526198	3.35e-41	176
CP043556.1	CP046746.1	92.063	126	8	2	995556	995680	526715	526839	3.35e-41	176
CP043556.1	CP046746.1	92.683	123	7	2	992605	992727	526719	526839	3.35e-41	176
CP043556.1	CP046746.1	89.510	143	10	5	973002	973143	527636	527498	3.35e-41	176
CP043556.1	CP046746.1	92.063	126	9	1	1030433	1030558	527508	527632	3.35e-41	176
CP043556.1	CP046746.1	92.683	123	8	1	976714	976836	527630	527509	3.35e-41	176
CP043556.1	CP046746.1	92.683	123	8	1	960066	960188	527630	527509	3.35e-41	176
CP043556.1	CP046746.1	92.683	123	8	1	993565	993687	527509	527630	3.35e-41	176
CP043556.1	CP046746.1	92.683	123	7	2	1002496	1002617	527509	527630	3.35e-41	176
CP043556.1	CP046746.1	92.683	123	8	1	971222	971343	528346	528224	3.35e-41	176
CP043556.1	CP046746.1	92.683	123	8	1	988485	988606	528224	528346	3.35e-41	176
CP043556.1	CP046746.1	92.063	126	9	1	1037045	1037169	528937	529062	3.35e-41	176
CP043556.1	CP046746.1	91.406	128	11	0	953140	953267	528940	529067	3.35e-41	176
CP043556.1	CP046746.1	92.683	123	8	1	1002496	1002617	528940	529062	3.35e-41	176
CP043556.1	CP046746.1	92.683	123	8	1	1050636	1050757	528940	529062	3.35e-41	176
CP043556.1	CP046746.1	91.473	129	10	1	1070298	1070426	529747	529874	3.35e-41	176
CP043556.1	CP046746.1	92.063	126	9	1	1047539	1047663	529750	529875	3.35e-41	176
CP043556.1	CP046746.1	92.000	125	10	0	1066407	1066531	529750	529874	3.35e-41	176
CP043556.1	CP046746.1	92.000	125	10	0	966156	966280	529875	529751	3.35e-41	176
CP043556.1	CP046746.1	92.000	125	10	0	1068335	1068459	529751	529875	3.35e-41	176
CP043556.1	CP046746.1	92.063	126	9	1	1046763	1046887	529752	529877	3.35e-41	176
CP043556.1	CP046746.1	92.683	123	8	1	1004048	1004169	529752	529874	3.35e-41	176
CP043556.1	CP046746.1	92.683	123	8	1	1051929	1052050	529752	529874	3.35e-41	176
CP043556.1	CP046746.1	92.063	126	9	1	966155	966280	530448	530324	3.35e-41	176
CP043556.1	CP046746.1	92.683	123	8	1	987899	988021	530325	530446	3.35e-41	176
CP043556.1	CP046746.1	92.683	123	8	1	1012805	1012927	530325	530446	3.35e-41	176
CP043556.1	CP046746.1	92.623	122	9	0	1033968	1034089	530325	530446	3.35e-41	176
CP043556.1	CP046746.1	89.855	138	12	2	988939	989075	531124	531260	3.35e-41	176
CP043556.1	CP046746.1	92.126	127	7	3	993563	993688	531124	531248	3.35e-41	176
CP043556.1	CP046746.1	92.683	123	7	2	996979	997100	531126	531247	3.35e-41	176
CP043556.1	CP046746.1	92.683	123	7	2	1009399	1009520	531126	531247	3.35e-41	176
CP043556.1	CP046746.1	92.683	123	8	1	1027846	1027968	531126	531247	3.35e-41	176
CP043556.1	CP046746.1	92.683	123	7	2	1061807	1061928	531126	531247	3.35e-41	176
CP043556.1	CP046746.1	92.742	124	6	3	1067028	1067150	531126	531247	3.35e-41	176
CP043556.1	CP046746.1	92.063	126	9	1	976714	976839	533693	533569	3.35e-41	176
CP043556.1	CP046746.1	91.473	129	9	2	1048717	1048844	533571	533698	3.35e-41	176
CP043556.1	CP046746.1	92.000	125	10	0	988484	988608	533571	533695	3.35e-41	176
CP043556.1	CP046746.1	92.683	123	8	1	960066	960188	533693	533572	3.35e-41	176
CP043556.1	CP046746.1	92.683	123	8	1	1018793	1018915	533572	533693	3.35e-41	176
CP043556.1	CP046746.1	92.683	123	8	1	1061175	1061297	533572	533693	3.35e-41	176
CP043556.1	CP046746.1	90.370	135	11	2	963781	963914	534543	534410	3.35e-41	176
CP043556.1	CP046746.1	90.370	135	11	2	962718	962851	534543	534410	3.35e-41	176
CP043556.1	CP046746.1	92.063	126	9	1	988939	989064	534420	534544	3.35e-41	176
CP043556.1	CP046746.1	92.063	126	9	1	1005855	1005980	534420	534544	3.35e-41	176
CP043556.1	CP046746.1	91.473	129	10	1	1018291	1018419	534422	534549	3.35e-41	176
CP043556.1	CP046746.1	92.000	125	10	0	1040152	1040276	534422	534546	3.35e-41	176
CP043556.1	CP046746.1	92.623	122	9	0	1003030	1003151	534422	534543	3.35e-41	176
CP043556.1	CP046746.1	92.623	122	9	0	1053000	1053121	534422	534543	3.35e-41	176
CP043556.1	CP046746.1	92.063	126	9	1	1068333	1068458	535068	535192	3.35e-41	176
CP043556.1	CP046746.1	92.063	126	9	1	1070303	1070428	535070	535194	3.35e-41	176
CP043556.1	CP046746.1	92.623	122	9	0	961888	962009	535192	535071	3.35e-41	176
CP043556.1	CP046746.1	92.683	123	8	1	953140	953262	535071	535192	3.35e-41	176
CP043556.1	CP046746.1	92.623	122	9	0	988485	988606	535071	535192	3.35e-41	176
CP043556.1	CP046746.1	92.000	125	10	0	1018289	1018413	535975	536099	3.35e-41	176
CP043556.1	CP046746.1	92.000	125	10	0	1011814	1011938	535976	536100	3.35e-41	176
CP043556.1	CP046746.1	89.362	141	13	2	1056118	1056257	535977	536116	3.35e-41	176
CP043556.1	CP046746.1	92.063	126	8	2	1061175	1061299	535977	536101	3.35e-41	176
CP043556.1	CP046746.1	92.683	123	8	1	975613	975734	536099	535977	3.35e-41	176
CP043556.1	CP046746.1	92.683	123	8	1	973009	973130	536099	535977	3.35e-41	176
CP043556.1	CP046746.1	92.683	123	7	2	970799	970919	536099	535977	3.35e-41	176
CP043556.1	CP046746.1	92.683	123	8	1	953653	953774	535977	536099	3.35e-41	176
CP043556.1	CP046746.1	92.683	123	8	1	989528	989649	535977	536099	3.35e-41	176
CP043556.1	CP046746.1	92.683	123	8	1	1008331	1008452	535977	536099	3.35e-41	176
CP043556.1	CP046746.1	92.683	123	8	1	1054449	1054570	535977	536099	3.35e-41	176
CP043556.1	CP046746.1	92.683	123	8	1	963781	963902	536718	536596	3.35e-41	176
CP043556.1	CP046746.1	92.683	123	8	1	1037048	1037169	536596	536718	3.35e-41	176
CP043556.1	CP046746.1	91.473	129	10	1	1046758	1046885	537075	537203	3.35e-41	176
CP043556.1	CP046746.1	92.063	126	9	1	1040152	1040276	537080	537205	3.35e-41	176
CP043556.1	CP046746.1	92.683	123	8	1	1004048	1004169	537080	537202	3.35e-41	176
CP043556.1	CP046746.1	92.063	126	9	1	977224	977348	538173	538048	3.35e-41	176
CP043556.1	CP046746.1	92.063	126	9	1	1024228	1024352	538048	538173	3.35e-41	176
CP043556.1	CP046746.1	92.126	127	7	3	1055585	1055709	538048	538173	3.35e-41	176
CP043556.1	CP046746.1	92.063	126	8	2	967641	967765	538173	538049	3.35e-41	176
CP043556.1	CP046746.1	92.683	123	8	1	976249	976370	538173	538051	3.35e-41	176
CP043556.1	CP046746.1	92.683	123	7	2	982753	982873	538051	538173	3.35e-41	176
CP043556.1	CP046746.1	92.683	123	8	1	988485	988606	538051	538173	3.35e-41	176
CP043556.1	CP046746.1	92.683	123	8	1	995559	995680	538051	538173	3.35e-41	176
CP043556.1	CP046746.1	92.683	123	8	1	1040152	1040273	538051	538173	3.35e-41	176
CP043556.1	CP046746.1	92.063	126	8	2	1005169	1005293	538610	538734	3.35e-41	176
CP043556.1	CP046746.1	91.473	129	9	2	961883	962010	538738	538611	3.35e-41	176
CP043556.1	CP046746.1	92.000	125	10	0	1015388	1015512	538611	538735	3.35e-41	176
CP043556.1	CP046746.1	92.000	125	10	0	1029861	1029985	538611	538735	3.35e-41	176
CP043556.1	CP046746.1	92.000	125	10	0	1046130	1046254	538611	538735	3.35e-41	176
CP043556.1	CP046746.1	92.063	126	9	1	965112	965236	538737	538612	3.35e-41	176
CP043556.1	CP046746.1	92.683	123	8	1	977224	977345	538734	538612	3.35e-41	176
CP043556.1	CP046746.1	92.683	123	8	1	989528	989649	538612	538734	3.35e-41	176
CP043556.1	CP046746.1	92.683	123	8	1	1031519	1031640	538612	538734	3.35e-41	176
CP043556.1	CP046746.1	90.909	132	10	2	994234	994364	539142	539272	3.35e-41	176
CP043556.1	CP046746.1	92.000	125	10	0	1005170	1005294	539148	539272	3.35e-41	176
CP043556.1	CP046746.1	92.000	125	10	0	988941	989065	539149	539273	3.35e-41	176
CP043556.1	CP046746.1	92.683	123	8	1	963781	963902	539271	539149	3.35e-41	176
CP043556.1	CP046746.1	92.683	123	8	1	962718	962839	539271	539149	3.35e-41	176
CP043556.1	CP046746.1	92.683	123	8	1	990284	990405	539149	539271	3.35e-41	176
CP043556.1	CP046746.1	92.683	123	8	1	1002496	1002617	539149	539271	3.35e-41	176
CP043556.1	CP046746.1	92.683	123	8	1	1008865	1008986	539149	539271	3.35e-41	176
CP043556.1	CP046746.1	92.683	123	8	1	1037048	1037169	539149	539271	3.35e-41	176
CP043556.1	CP046746.1	88.966	145	13	3	977983	978126	539910	539768	3.35e-41	176
CP043556.1	CP046746.1	92.683	123	7	2	1054978	1055098	539768	539890	3.35e-41	176
CP043556.1	CP046746.1	92.683	123	8	1	988485	988606	539769	539891	3.35e-41	176
CP043556.1	CP046746.1	92.742	124	6	3	1046762	1046884	540305	540426	3.35e-41	176
CP043556.1	CP046746.1	90.580	138	6	7	970785	970919	540439	540306	3.35e-41	176
CP043556.1	CP046746.1	91.538	130	7	4	963774	963902	540432	540306	3.35e-41	176
CP043556.1	CP046746.1	91.538	130	7	4	1025533	1025661	540306	540432	3.35e-41	176
CP043556.1	CP046746.1	92.742	124	6	3	984564	984686	540306	540427	3.35e-41	176
CP043556.1	CP046746.1	92.742	124	6	3	1037048	1037170	540306	540427	3.35e-41	176
CP043556.1	CP046746.1	92.742	124	6	3	1045596	1045718	540306	540427	3.35e-41	176
CP043556.1	CP046746.1	92.683	123	7	2	944555	944677	540306	540426	3.35e-41	176
CP043556.1	CP046746.1	92.742	124	5	4	946922	947044	540306	540426	3.35e-41	176
CP043556.1	CP046746.1	92.683	123	7	2	1068336	1068458	540306	540426	3.35e-41	176
CP043556.1	CP046746.1	90.441	136	9	4	982744	982876	540951	541085	3.35e-41	176
CP043556.1	CP046746.1	91.406	128	11	0	964309	964436	541084	540957	3.35e-41	176
CP043556.1	CP046746.1	91.473	129	10	1	999550	999678	540957	541084	3.35e-41	176
CP043556.1	CP046746.1	92.063	126	9	1	991066	991190	540957	541082	3.35e-41	176
CP043556.1	CP046746.1	92.063	126	9	1	1044935	1045059	540959	541084	3.35e-41	176
CP043556.1	CP046746.1	92.000	125	10	0	972577	972701	541084	540960	3.35e-41	176
CP043556.1	CP046746.1	92.000	125	10	0	966155	966279	541084	540960	3.35e-41	176
CP043556.1	CP046746.1	92.000	125	10	0	965580	965704	541084	540960	3.35e-41	176
CP043556.1	CP046746.1	92.683	123	8	1	1068819	1068940	540960	541082	3.35e-41	176
CP043556.1	CP046746.1	90.909	132	11	1	1047537	1047667	542564	542695	3.35e-41	176
CP043556.1	CP046746.1	92.063	126	9	1	1024230	1024354	542567	542692	3.35e-41	176
CP043556.1	CP046746.1	92.063	126	8	2	992605	992729	542568	542692	3.35e-41	176
CP043556.1	CP046746.1	92.683	123	8	1	948248	948369	542568	542690	3.35e-41	176
CP043556.1	CP046746.1	92.742	124	6	3	991602	991723	542568	542690	3.35e-41	176
CP043556.1	CP046746.1	92.683	123	8	1	1053000	1053121	542568	542690	3.35e-41	176
CP043556.1	CP046746.1	92.063	126	9	1	924419	924544	682174	682050	3.35e-41	176
CP043556.1	CP046746.1	90.909	132	11	1	836536	836666	696995	696864	3.35e-41	176
CP043556.1	CP046746.1	91.406	128	11	0	464188	464315	696991	696864	3.35e-41	176
CP043556.1	CP046746.1	91.406	128	11	0	742121	742248	696864	696991	3.35e-41	176
CP043556.1	CP046746.1	91.406	128	11	0	273951	274078	757690	757817	3.35e-41	176
CP043556.1	CP046746.1	91.406	128	11	0	148243	148370	757695	757822	3.35e-41	176
CP043556.1	CP046746.1	90.909	132	11	1	499640	499770	848132	848263	3.35e-41	176
CP043556.1	CP046746.1	90.840	131	12	0	661056	661186	848264	848134	3.35e-41	176
CP043556.1	CP046746.1	91.406	128	11	0	464188	464315	848136	848263	3.35e-41	176
CP043556.1	CP046746.1	91.935	124	10	0	471946	472069	310652	310529	1.20e-40	174
CP043556.1	CP046746.1	91.406	128	10	1	836540	836666	327517	327390	1.20e-40	174
CP043556.1	CP046746.1	90.370	135	9	4	953642	953774	493103	493235	1.20e-40	174
CP043556.1	CP046746.1	91.406	128	9	2	993561	993687	493109	493235	1.20e-40	174
CP043556.1	CP046746.1	91.406	128	9	2	1032148	1032274	493109	493235	1.20e-40	174
CP043556.1	CP046746.1	91.406	128	10	1	1056785	1056912	493109	493235	1.20e-40	174
CP043556.1	CP046746.1	92.000	125	9	1	1014009	1014133	493112	493235	1.20e-40	174
CP043556.1	CP046746.1	92.000	125	8	2	1037046	1037169	493112	493235	1.20e-40	174
CP043556.1	CP046746.1	91.406	128	10	1	998916	999043	493616	493742	1.20e-40	174
CP043556.1	CP046746.1	92.000	125	9	1	1032153	1032276	493616	493740	1.20e-40	174
CP043556.1	CP046746.1	92.000	125	9	1	1051929	1052052	493616	493740	1.20e-40	174
CP043556.1	CP046746.1	91.935	124	10	0	969044	969167	493739	493616	1.20e-40	174
CP043556.1	CP046746.1	91.935	124	10	0	993565	993688	493616	493739	1.20e-40	174
CP043556.1	CP046746.1	91.935	124	10	0	1061175	1061298	493616	493739	1.20e-40	174
CP043556.1	CP046746.1	91.406	128	9	2	969042	969168	494279	494153	1.20e-40	174
CP043556.1	CP046746.1	89.781	137	12	2	965103	965237	497564	497428	1.20e-40	174
CP043556.1	CP046746.1	92.000	125	9	1	1002495	1002618	497428	497552	1.20e-40	174
CP043556.1	CP046746.1	92.000	125	8	2	946921	947044	497428	497551	1.20e-40	174
CP043556.1	CP046746.1	91.935	124	10	0	988940	989063	497428	497551	1.20e-40	174
CP043556.1	CP046746.1	92.000	125	9	1	1004048	1004171	497429	497553	1.20e-40	174
CP043556.1	CP046746.1	91.935	124	10	0	1011815	1011938	497429	497552	1.20e-40	174
CP043556.1	CP046746.1	90.909	132	9	3	1055583	1055712	499543	499673	1.20e-40	174
CP043556.1	CP046746.1	91.406	128	10	1	963781	963907	499670	499543	1.20e-40	174
CP043556.1	CP046746.1	91.406	128	10	1	962718	962844	499670	499543	1.20e-40	174
CP043556.1	CP046746.1	92.000	125	9	1	977223	977346	499671	499547	1.20e-40	174
CP043556.1	CP046746.1	90.840	131	11	1	1011815	1011944	499548	499678	1.20e-40	174
CP043556.1	CP046746.1	92.000	125	9	1	988485	988608	499548	499672	1.20e-40	174
CP043556.1	CP046746.1	92.000	125	9	1	988485	988608	500304	500428	1.20e-40	174
CP043556.1	CP046746.1	92.000	125	9	1	993563	993687	500942	501065	1.20e-40	174
CP043556.1	CP046746.1	90.769	130	12	0	1048251	1048380	501667	501796	1.20e-40	174
CP043556.1	CP046746.1	92.000	125	9	1	1037047	1037170	501671	501795	1.20e-40	174
CP043556.1	CP046746.1	91.935	124	10	0	1049457	1049580	501671	501794	1.20e-40	174
CP043556.1	CP046746.1	91.935	124	10	0	1050050	1050173	501671	501794	1.20e-40	174
CP043556.1	CP046746.1	91.935	124	10	0	952655	952778	501672	501795	1.20e-40	174
CP043556.1	CP046746.1	89.855	138	10	4	993552	993687	502289	502424	1.20e-40	174
CP043556.1	CP046746.1	92.000	125	9	1	995558	995682	502303	502426	1.20e-40	174
CP043556.1	CP046746.1	92.000	125	8	2	979430	979554	502425	502303	1.20e-40	174
CP043556.1	CP046746.1	92.000	125	8	2	1018290	1018414	502303	502425	1.20e-40	174
CP043556.1	CP046746.1	92.000	125	9	1	996345	996469	503922	504045	1.20e-40	174
CP043556.1	CP046746.1	91.935	124	10	0	1037046	1037169	503922	504045	1.20e-40	174
CP043556.1	CP046746.1	92.000	125	9	1	946921	947045	503923	504046	1.20e-40	174
CP043556.1	CP046746.1	91.935	124	10	0	953652	953775	503923	504046	1.20e-40	174
CP043556.1	CP046746.1	90.299	134	12	1	1050625	1050757	504499	504632	1.20e-40	174
CP043556.1	CP046746.1	91.406	128	10	1	1067551	1067677	504506	504633	1.20e-40	174
CP043556.1	CP046746.1	92.000	125	8	2	994241	994364	504510	504633	1.20e-40	174
CP043556.1	CP046746.1	92.000	125	8	2	984563	984686	505129	505252	1.20e-40	174
CP043556.1	CP046746.1	92.000	125	8	2	1062951	1063074	505129	505252	1.20e-40	174
CP043556.1	CP046746.1	90.840	131	11	1	994234	994364	505661	505790	1.20e-40	174
CP043556.1	CP046746.1	91.406	128	10	1	978003	978130	505790	505664	1.20e-40	174
CP043556.1	CP046746.1	92.000	125	8	2	1033966	1034089	505666	505789	1.20e-40	174
CP043556.1	CP046746.1	92.000	125	9	1	967639	967763	505791	505668	1.20e-40	174
CP043556.1	CP046746.1	92.000	125	9	1	983392	983515	506304	506428	1.20e-40	174
CP043556.1	CP046746.1	92.000	125	9	1	994241	994365	506305	506428	1.20e-40	174
CP043556.1	CP046746.1	91.935	124	10	0	1040152	1040275	506305	506428	1.20e-40	174
CP043556.1	CP046746.1	91.935	124	10	0	963781	963904	507000	506877	1.20e-40	174
CP043556.1	CP046746.1	91.935	124	10	0	962718	962841	507000	506877	1.20e-40	174
CP043556.1	CP046746.1	92.000	125	9	1	1018791	1018915	506877	507000	1.20e-40	174
CP043556.1	CP046746.1	91.935	124	10	0	1025531	1025654	506877	507000	1.20e-40	174
CP043556.1	CP046746.1	92.000	125	9	1	966933	967057	507001	506878	1.20e-40	174
CP043556.1	CP046746.1	91.935	124	10	0	1067863	1067986	506878	507001	1.20e-40	174
CP043556.1	CP046746.1	91.406	128	10	1	1023645	1023772	508735	508861	1.20e-40	174
CP043556.1	CP046746.1	90.370	135	10	3	1010740	1010873	508736	508868	1.20e-40	174
CP043556.1	CP046746.1	91.339	127	11	0	1010068	1010194	508736	508862	1.20e-40	174
CP043556.1	CP046746.1	91.935	124	10	0	953653	953776	508736	508859	1.20e-40	174
CP043556.1	CP046746.1	92.000	125	9	1	967641	967765	509995	509872	1.20e-40	174
CP043556.1	CP046746.1	92.683	123	6	3	982753	982873	509874	509995	1.20e-40	174
CP043556.1	CP046746.1	91.935	124	10	0	953653	953776	510406	510529	1.20e-40	174
CP043556.1	CP046746.1	92.000	125	9	1	946922	947046	511625	511748	1.20e-40	174
CP043556.1	CP046746.1	88.811	143	14	2	984543	984685	512221	512361	1.20e-40	174
CP043556.1	CP046746.1	91.406	128	10	1	944550	944677	512235	512361	1.20e-40	174
CP043556.1	CP046746.1	91.406	128	10	1	996342	996469	512235	512361	1.20e-40	174
CP043556.1	CP046746.1	92.000	125	9	1	1026674	1026798	512238	512361	1.20e-40	174
CP043556.1	CP046746.1	91.935	124	10	0	1069391	1069514	512238	512361	1.20e-40	174
CP043556.1	CP046746.1	90.769	130	12	0	1056790	1056919	513145	513274	1.20e-40	174
CP043556.1	CP046746.1	91.935	124	10	0	996347	996470	513145	513268	1.20e-40	174
CP043556.1	CP046746.1	91.935	124	10	0	1015389	1015512	513145	513268	1.20e-40	174
CP043556.1	CP046746.1	91.935	124	10	0	1046131	1046254	513145	513268	1.20e-40	174
CP043556.1	CP046746.1	91.935	124	10	0	1048256	1048379	513145	513268	1.20e-40	174
CP043556.1	CP046746.1	91.339	127	11	0	987897	988023	513818	513944	1.20e-40	174
CP043556.1	CP046746.1	91.339	127	11	0	1017753	1017879	513818	513944	1.20e-40	174
CP043556.1	CP046746.1	92.000	125	9	1	976249	976372	513942	513818	1.20e-40	174
CP043556.1	CP046746.1	91.935	124	10	0	958255	958378	513942	513819	1.20e-40	174
CP043556.1	CP046746.1	91.935	124	10	0	946425	946548	513819	513942	1.20e-40	174
CP043556.1	CP046746.1	88.356	146	15	2	1032153	1032297	513820	513964	1.20e-40	174
CP043556.1	CP046746.1	92.000	125	9	1	947714	947837	513820	513944	1.20e-40	174
CP043556.1	CP046746.1	91.935	124	10	0	1010740	1010863	513820	513943	1.20e-40	174
CP043556.1	CP046746.1	91.935	124	10	0	1026676	1026799	513820	513943	1.20e-40	174
CP043556.1	CP046746.1	90.370	135	9	4	990276	990408	514709	514841	1.20e-40	174
CP043556.1	CP046746.1	92.000	125	9	1	1015387	1015511	514714	514837	1.20e-40	174
CP043556.1	CP046746.1	90.840	131	10	2	950088	950218	514716	514844	1.20e-40	174
CP043556.1	CP046746.1	92.000	125	8	2	973007	973130	514839	514716	1.20e-40	174
CP043556.1	CP046746.1	92.063	126	7	3	946922	947046	514716	514839	1.20e-40	174
CP043556.1	CP046746.1	92.000	125	9	1	1042048	1042172	515351	515474	1.20e-40	174
CP043556.1	CP046746.1	92.000	125	9	1	996346	996470	515352	515475	1.20e-40	174
CP043556.1	CP046746.1	92.000	125	9	1	1040152	1040275	516607	516731	1.20e-40	174
CP043556.1	CP046746.1	92.000	125	9	1	1049457	1049581	517278	517401	1.20e-40	174
CP043556.1	CP046746.1	92.000	125	8	2	971220	971343	517402	517279	1.20e-40	174
CP043556.1	CP046746.1	92.000	125	9	1	1002494	1002617	517914	518038	1.20e-40	174
CP043556.1	CP046746.1	92.000	125	9	1	1031518	1031641	517915	518039	1.20e-40	174
CP043556.1	CP046746.1	91.935	124	10	0	1063760	1063883	517916	518039	1.20e-40	174
CP043556.1	CP046746.1	90.840	131	11	1	1062314	1062443	519112	519242	1.20e-40	174
CP043556.1	CP046746.1	91.935	124	10	0	989527	989650	519113	519236	1.20e-40	174
CP043556.1	CP046746.1	91.935	124	10	0	1031518	1031641	519113	519236	1.20e-40	174
CP043556.1	CP046746.1	92.000	125	9	1	1050050	1050174	519113	519236	1.20e-40	174
CP043556.1	CP046746.1	91.935	124	10	0	1047539	1047662	519719	519842	1.20e-40	174
CP043556.1	CP046746.1	92.623	122	8	1	1054978	1055098	519720	519841	1.20e-40	174
CP043556.1	CP046746.1	90.840	131	10	2	971218	971347	521381	521252	1.20e-40	174
CP043556.1	CP046746.1	89.362	141	12	3	1057715	1057853	521820	521959	1.20e-40	174
CP043556.1	CP046746.1	92.000	125	9	1	952653	952777	521834	521957	1.20e-40	174
CP043556.1	CP046746.1	92.000	125	9	1	1035730	1035854	521835	521958	1.20e-40	174
CP043556.1	CP046746.1	92.000	125	9	1	1048717	1048841	521835	521958	1.20e-40	174
CP043556.1	CP046746.1	91.935	124	10	0	975611	975734	521959	521836	1.20e-40	174
CP043556.1	CP046746.1	91.935	124	10	0	973007	973130	521959	521836	1.20e-40	174
CP043556.1	CP046746.1	92.000	125	9	1	966932	967056	521959	521836	1.20e-40	174
CP043556.1	CP046746.1	92.000	125	9	1	966155	966279	521959	521836	1.20e-40	174
CP043556.1	CP046746.1	91.935	124	10	0	955342	955465	521836	521959	1.20e-40	174
CP043556.1	CP046746.1	92.000	125	9	1	998916	999040	521836	521959	1.20e-40	174
CP043556.1	CP046746.1	92.000	125	9	1	999554	999678	521836	521959	1.20e-40	174
CP043556.1	CP046746.1	91.935	124	10	0	1008331	1008454	521836	521959	1.20e-40	174
CP043556.1	CP046746.1	92.000	125	9	1	1050051	1050175	521836	521959	1.20e-40	174
CP043556.1	CP046746.1	91.935	124	10	0	1054449	1054572	521836	521959	1.20e-40	174
CP043556.1	CP046746.1	90.299	134	12	1	1050044	1050177	522403	522535	1.20e-40	174
CP043556.1	CP046746.1	91.406	128	10	1	956112	956238	522408	522535	1.20e-40	174
CP043556.1	CP046746.1	91.406	128	10	1	1002494	1002620	522408	522535	1.20e-40	174
CP043556.1	CP046746.1	92.000	125	9	1	974975	975099	522531	522408	1.20e-40	174
CP043556.1	CP046746.1	90.977	133	6	5	1037047	1037176	522409	522538	1.20e-40	174
CP043556.1	CP046746.1	91.339	127	11	0	1040152	1040278	522410	522536	1.20e-40	174
CP043556.1	CP046746.1	92.000	125	9	1	979429	979553	522533	522410	1.20e-40	174
CP043556.1	CP046746.1	91.406	128	10	1	1054972	1055098	522852	522979	1.20e-40	174
CP043556.1	CP046746.1	91.406	128	10	1	1040146	1040273	524946	525072	1.20e-40	174
CP043556.1	CP046746.1	92.623	122	8	1	990284	990405	524952	525072	1.20e-40	174
CP043556.1	CP046746.1	92.623	122	8	1	1062316	1062437	524952	525072	1.20e-40	174
CP043556.1	CP046746.1	92.000	125	9	1	944555	944679	526077	526200	1.20e-40	174
CP043556.1	CP046746.1	92.000	125	9	1	946922	947046	526077	526200	1.20e-40	174
CP043556.1	CP046746.1	90.840	131	10	2	1067863	1067993	526718	526846	1.20e-40	174
CP043556.1	CP046746.1	92.000	125	8	2	1066408	1066532	526718	526840	1.20e-40	174
CP043556.1	CP046746.1	90.909	132	9	3	975611	975741	527632	527503	1.20e-40	174
CP043556.1	CP046746.1	91.406	128	9	2	976247	976373	527632	527506	1.20e-40	174
CP043556.1	CP046746.1	91.406	128	10	1	1005170	1005297	527508	527634	1.20e-40	174
CP043556.1	CP046746.1	92.000	125	8	2	989528	989651	527509	527632	1.20e-40	174
CP043556.1	CP046746.1	91.339	127	11	0	993561	993687	529748	529874	1.20e-40	174
CP043556.1	CP046746.1	92.000	125	9	1	1024230	1024353	529751	529875	1.20e-40	174
CP043556.1	CP046746.1	92.000	125	9	1	1055587	1055710	529751	529875	1.20e-40	174
CP043556.1	CP046746.1	92.000	125	9	1	1062315	1062438	529751	529875	1.20e-40	174
CP043556.1	CP046746.1	92.000	125	9	1	1061173	1061297	530323	530446	1.20e-40	174
CP043556.1	CP046746.1	91.935	124	10	0	1040152	1040275	530325	530448	1.20e-40	174
CP043556.1	CP046746.1	89.781	137	12	2	975613	975748	531247	531112	1.20e-40	174
CP043556.1	CP046746.1	92.000	125	8	2	973009	973132	531247	531124	1.20e-40	174
CP043556.1	CP046746.1	92.063	126	7	3	946920	947044	531124	531247	1.20e-40	174
CP043556.1	CP046746.1	92.000	125	8	2	953651	953774	531124	531247	1.20e-40	174
CP043556.1	CP046746.1	92.063	126	7	3	1005855	1005979	531124	531247	1.20e-40	174
CP043556.1	CP046746.1	92.063	126	7	3	976713	976837	531248	531125	1.20e-40	174
CP043556.1	CP046746.1	92.000	125	8	2	1037047	1037170	531125	531248	1.20e-40	174
CP043556.1	CP046746.1	92.000	125	9	1	1061174	1061298	531125	531248	1.20e-40	174
CP043556.1	CP046746.1	91.339	127	11	0	1047538	1047664	533569	533695	1.20e-40	174
CP043556.1	CP046746.1	91.935	124	10	0	997763	997886	533572	533695	1.20e-40	174
CP043556.1	CP046746.1	92.000	125	9	1	999554	999678	533572	533695	1.20e-40	174
CP043556.1	CP046746.1	91.935	124	10	0	1043189	1043312	533572	533695	1.20e-40	174
CP043556.1	CP046746.1	91.935	124	10	0	965115	965238	534543	534420	1.20e-40	174
CP043556.1	CP046746.1	92.000	125	9	1	993563	993687	534420	534543	1.20e-40	174
CP043556.1	CP046746.1	91.935	124	10	0	1008863	1008986	534420	534543	1.20e-40	174
CP043556.1	CP046746.1	92.000	125	9	1	1010738	1010862	534420	534543	1.20e-40	174
CP043556.1	CP046746.1	91.339	127	11	0	1047540	1047666	534421	534547	1.20e-40	174
CP043556.1	CP046746.1	91.935	124	10	0	961886	962009	534545	534422	1.20e-40	174
CP043556.1	CP046746.1	92.000	125	9	1	967641	967765	535192	535069	1.20e-40	174
CP043556.1	CP046746.1	92.000	125	9	1	996346	996470	535070	535193	1.20e-40	174
CP043556.1	CP046746.1	92.683	123	6	3	982753	982873	535071	535192	1.20e-40	174
CP043556.1	CP046746.1	92.000	125	9	1	995557	995680	535975	536099	1.20e-40	174
CP043556.1	CP046746.1	92.000	125	9	1	1052998	1053121	535975	536099	1.20e-40	174
CP043556.1	CP046746.1	90.299	134	11	2	1044935	1045067	535976	536108	1.20e-40	174
CP043556.1	CP046746.1	92.000	125	9	1	1004047	1004170	535976	536100	1.20e-40	174
CP043556.1	CP046746.1	92.000	125	8	2	958255	958378	536099	535976	1.20e-40	174
CP043556.1	CP046746.1	92.000	125	9	1	1047541	1047664	536596	536720	1.20e-40	174
CP043556.1	CP046746.1	92.623	122	7	2	1054979	1055098	536596	536717	1.20e-40	174
CP043556.1	CP046746.1	92.000	125	9	1	971220	971343	537204	537080	1.20e-40	174
CP043556.1	CP046746.1	91.339	127	11	0	1005167	1005293	538047	538173	1.20e-40	174
CP043556.1	CP046746.1	92.000	125	9	1	1067553	1067676	538049	538173	1.20e-40	174
CP043556.1	CP046746.1	90.370	135	10	3	1032143	1032276	538604	538736	1.20e-40	174
CP043556.1	CP046746.1	92.000	125	9	1	1007140	1007263	538610	538734	1.20e-40	174
CP043556.1	CP046746.1	92.000	125	9	1	1061805	1061928	538610	538734	1.20e-40	174
CP043556.1	CP046746.1	92.000	125	9	1	1003029	1003152	538611	538735	1.20e-40	174
CP043556.1	CP046746.1	91.935	124	10	0	1018290	1018413	538611	538734	1.20e-40	174
CP043556.1	CP046746.1	92.000	125	8	2	1023645	1023768	538611	538734	1.20e-40	174
CP043556.1	CP046746.1	91.935	124	10	0	1048256	1048379	538612	538735	1.20e-40	174
CP043556.1	CP046746.1	92.000	125	9	1	977222	977345	539273	539149	1.20e-40	174
CP043556.1	CP046746.1	91.935	124	10	0	965581	965704	539272	539149	1.20e-40	174
CP043556.1	CP046746.1	91.935	124	10	0	944555	944678	539149	539272	1.20e-40	174
CP043556.1	CP046746.1	92.000	125	8	2	946922	947045	539149	539272	1.20e-40	174
CP043556.1	CP046746.1	92.000	125	9	1	1047539	1047662	539767	539891	1.20e-40	174
CP043556.1	CP046746.1	92.000	125	9	1	1062951	1063074	539768	539892	1.20e-40	174
CP043556.1	CP046746.1	92.000	125	8	2	967641	967764	539891	539768	1.20e-40	174
CP043556.1	CP046746.1	92.000	125	8	2	966157	966280	539891	539768	1.20e-40	174
CP043556.1	CP046746.1	92.683	123	6	3	1058411	1058532	540306	540426	1.20e-40	174
CP043556.1	CP046746.1	91.406	128	9	2	1030902	1031028	540957	541083	1.20e-40	174
CP043556.1	CP046746.1	92.000	125	9	1	1051927	1052050	540958	541082	1.20e-40	174
CP043556.1	CP046746.1	91.935	124	10	0	969045	969168	541082	540959	1.20e-40	174
CP043556.1	CP046746.1	91.935	124	10	0	1014011	1014134	540960	541083	1.20e-40	174
CP043556.1	CP046746.1	92.000	125	9	1	1037046	1037169	542566	542690	1.20e-40	174
CP043556.1	CP046746.1	91.935	124	10	0	273955	274078	696991	696868	1.20e-40	174
CP043556.1	CP046746.1	91.935	124	10	0	397273	397396	728095	728218	1.20e-40	174
CP043556.1	CP046746.1	91.339	127	11	0	425833	425959	761455	761581	1.20e-40	174
CP043556.1	CP046746.1	91.406	128	10	1	515297	515424	845736	845610	1.20e-40	174
CP043556.1	CP046746.1	92.000	125	9	1	397276	397400	985351	985474	1.20e-40	174
CP043556.1	CP046746.1	95.370	108	5	0	924422	924529	140341	140448	4.33e-40	172
CP043556.1	CP046746.1	91.935	124	8	2	965115	965237	493235	493113	4.33e-40	172
CP043556.1	CP046746.1	91.935	124	8	2	963781	963903	493235	493113	4.33e-40	172
CP043556.1	CP046746.1	91.935	124	8	2	962718	962840	493235	493113	4.33e-40	172
CP043556.1	CP046746.1	91.935	124	8	2	984563	984685	493113	493235	4.33e-40	172
CP043556.1	CP046746.1	91.935	124	8	2	1002495	1002617	493113	493235	4.33e-40	172
CP043556.1	CP046746.1	91.935	124	9	1	1005856	1005979	493113	493235	4.33e-40	172
CP043556.1	CP046746.1	91.935	124	8	2	1024230	1024352	493113	493235	4.33e-40	172
CP043556.1	CP046746.1	91.935	124	9	1	1042049	1042172	493113	493235	4.33e-40	172
CP043556.1	CP046746.1	91.935	124	8	2	1050635	1050757	493113	493235	4.33e-40	172
CP043556.1	CP046746.1	91.935	124	9	1	1056117	1056240	493113	493235	4.33e-40	172
CP043556.1	CP046746.1	91.935	124	9	1	1068335	1068458	493113	493235	4.33e-40	172
CP043556.1	CP046746.1	91.935	124	9	1	956114	956236	493616	493739	4.33e-40	172
CP043556.1	CP046746.1	91.935	124	9	1	1003030	1003152	493616	493739	4.33e-40	172
CP043556.1	CP046746.1	91.870	123	10	0	966934	967056	493738	493616	4.33e-40	172
CP043556.1	CP046746.1	91.870	123	10	0	966157	966279	493738	493616	4.33e-40	172
CP043556.1	CP046746.1	91.870	123	10	0	1048718	1048840	493616	493738	4.33e-40	172
CP043556.1	CP046746.1	91.870	123	10	0	1050051	1050173	493616	493738	4.33e-40	172
CP043556.1	CP046746.1	90.299	134	10	3	1052990	1053121	494143	494275	4.33e-40	172
CP043556.1	CP046746.1	91.339	127	10	1	946425	946551	494153	494278	4.33e-40	172
CP043556.1	CP046746.1	90.909	132	6	2	1015949	1016080	495640	495765	4.33e-40	172
CP043556.1	CP046746.1	92.500	120	9	0	1070913	1071032	496731	496850	4.33e-40	172
CP043556.1	CP046746.1	90.226	133	12	1	1067545	1067676	497419	497551	4.33e-40	172
CP043556.1	CP046746.1	91.935	124	9	1	1033968	1034090	497429	497552	4.33e-40	172
CP043556.1	CP046746.1	91.339	127	10	1	1068333	1068459	498917	499042	4.33e-40	172
CP043556.1	CP046746.1	91.935	124	9	1	996346	996469	498919	499041	4.33e-40	172
CP043556.1	CP046746.1	91.870	123	10	0	961887	962009	499042	498920	4.33e-40	172
CP043556.1	CP046746.1	91.870	123	10	0	1040152	1040274	498920	499042	4.33e-40	172
CP043556.1	CP046746.1	90.226	133	11	2	1050631	1050761	499543	499675	4.33e-40	172
CP043556.1	CP046746.1	90.769	130	11	1	1024226	1024354	499543	499672	4.33e-40	172
CP043556.1	CP046746.1	91.339	127	10	1	1008861	1008986	499544	499670	4.33e-40	172
CP043556.1	CP046746.1	91.339	127	10	1	1067554	1067679	499547	499673	4.33e-40	172
CP043556.1	CP046746.1	91.935	124	9	1	990283	990405	499547	499670	4.33e-40	172
CP043556.1	CP046746.1	91.339	127	9	2	1033968	1034092	499548	499674	4.33e-40	172
CP043556.1	CP046746.1	91.935	124	9	1	995559	995681	499548	499671	4.33e-40	172
CP043556.1	CP046746.1	91.339	127	10	1	953651	953776	500302	500428	4.33e-40	172
CP043556.1	CP046746.1	91.935	124	9	1	1054976	1055098	500941	501064	4.33e-40	172
CP043556.1	CP046746.1	91.935	124	9	1	1070303	1070426	500943	501065	4.33e-40	172
CP043556.1	CP046746.1	88.732	142	14	2	1030903	1031042	501669	501810	4.33e-40	172
CP043556.1	CP046746.1	90.226	133	11	2	955339	955470	501669	501800	4.33e-40	172
CP043556.1	CP046746.1	91.270	126	11	0	1018791	1018916	501670	501795	4.33e-40	172
CP043556.1	CP046746.1	90.769	130	10	2	1007142	1007270	501672	501800	4.33e-40	172
CP043556.1	CP046746.1	91.935	124	9	1	1004048	1004170	501672	501795	4.33e-40	172
CP043556.1	CP046746.1	91.870	123	10	0	979431	979553	501794	501672	4.33e-40	172
CP043556.1	CP046746.1	91.870	123	10	0	1035731	1035853	501672	501794	4.33e-40	172
CP043556.1	CP046746.1	91.935	124	8	2	1015388	1015511	502303	502424	4.33e-40	172
CP043556.1	CP046746.1	91.935	124	8	2	1034724	1034847	502303	502424	4.33e-40	172
CP043556.1	CP046746.1	90.840	131	9	3	1068336	1068466	502304	502431	4.33e-40	172
CP043556.1	CP046746.1	91.935	124	8	2	966933	967056	502425	502304	4.33e-40	172
CP043556.1	CP046746.1	90.299	134	9	3	1057720	1057852	503916	504046	4.33e-40	172
CP043556.1	CP046746.1	90.698	129	12	0	1008858	1008986	503917	504045	4.33e-40	172
CP043556.1	CP046746.1	91.339	127	10	1	1014009	1014135	503922	504047	4.33e-40	172
CP043556.1	CP046746.1	88.194	144	17	0	1024230	1024373	503923	504066	4.33e-40	172
CP043556.1	CP046746.1	91.935	124	9	1	983392	983514	503923	504046	4.33e-40	172
CP043556.1	CP046746.1	91.870	123	10	0	963781	963903	504045	503923	4.33e-40	172
CP043556.1	CP046746.1	91.870	123	10	0	962718	962840	504045	503923	4.33e-40	172
CP043556.1	CP046746.1	91.870	123	10	0	1002495	1002617	503923	504045	4.33e-40	172
CP043556.1	CP046746.1	91.935	124	9	1	1048255	1048378	503923	504045	4.33e-40	172
CP043556.1	CP046746.1	91.935	124	9	1	953140	953263	503924	504046	4.33e-40	172
CP043556.1	CP046746.1	91.935	124	9	1	1023646	1023769	503924	504046	4.33e-40	172
CP043556.1	CP046746.1	91.935	124	9	1	1067028	1067151	503924	504046	4.33e-40	172
CP043556.1	CP046746.1	91.935	124	9	1	1025532	1025654	504509	504632	4.33e-40	172
CP043556.1	CP046746.1	91.935	124	9	1	1061807	1061929	504510	504633	4.33e-40	172
CP043556.1	CP046746.1	91.935	124	9	1	966157	966280	505251	505129	4.33e-40	172
CP043556.1	CP046746.1	91.935	124	8	2	1010067	1010189	505129	505251	4.33e-40	172
CP043556.1	CP046746.1	91.935	124	8	2	1055587	1055709	505129	505251	4.33e-40	172
CP043556.1	CP046746.1	91.935	124	9	1	1068335	1068458	505129	505251	4.33e-40	172
CP043556.1	CP046746.1	91.935	124	9	1	1011815	1011938	505130	505252	4.33e-40	172
CP043556.1	CP046746.1	91.935	124	8	2	1033968	1034090	505130	505252	4.33e-40	172
CP043556.1	CP046746.1	91.339	127	10	1	1012801	1012927	505664	505789	4.33e-40	172
CP043556.1	CP046746.1	91.870	123	10	0	1047541	1047663	505668	505790	4.33e-40	172
CP043556.1	CP046746.1	92.562	121	8	1	1054979	1055098	505668	505788	4.33e-40	172
CP043556.1	CP046746.1	91.935	124	9	1	1048255	1048378	506304	506426	4.33e-40	172
CP043556.1	CP046746.1	91.339	127	10	1	1030431	1030557	506876	507001	4.33e-40	172
CP043556.1	CP046746.1	91.339	127	10	1	1049457	1049583	506878	507003	4.33e-40	172
CP043556.1	CP046746.1	91.935	124	9	1	976714	976837	507000	506878	4.33e-40	172
CP043556.1	CP046746.1	91.935	124	9	1	979430	979553	507001	506879	4.33e-40	172
CP043556.1	CP046746.1	91.935	124	9	1	1005171	1005294	506879	507001	4.33e-40	172
CP043556.1	CP046746.1	91.935	124	9	1	1018291	1018414	506879	507001	4.33e-40	172
CP043556.1	CP046746.1	91.870	123	10	0	1040152	1040274	506879	507001	4.33e-40	172
CP043556.1	CP046746.1	91.935	124	9	1	1063760	1063883	506879	507001	4.33e-40	172
CP043556.1	CP046746.1	91.339	127	10	1	1068335	1068461	507505	507630	4.33e-40	172
CP043556.1	CP046746.1	91.870	123	10	0	1008864	1008986	507505	507627	4.33e-40	172
CP043556.1	CP046746.1	88.811	143	12	4	1011815	1011956	507506	507645	4.33e-40	172
CP043556.1	CP046746.1	91.935	124	8	2	1013311	1013433	507506	507628	4.33e-40	172
CP043556.1	CP046746.1	91.935	124	9	1	1054976	1055098	508142	508265	4.33e-40	172
CP043556.1	CP046746.1	91.935	124	9	1	1011815	1011938	508145	508267	4.33e-40	172
CP043556.1	CP046746.1	91.339	127	10	1	964308	964434	508860	508735	4.33e-40	172
CP043556.1	CP046746.1	91.339	127	10	1	1005170	1005296	508735	508860	4.33e-40	172
CP043556.1	CP046746.1	91.935	124	9	1	987898	988021	508735	508857	4.33e-40	172
CP043556.1	CP046746.1	91.935	124	9	1	967640	967763	508858	508736	4.33e-40	172
CP043556.1	CP046746.1	91.935	124	9	1	1014011	1014134	508736	508858	4.33e-40	172
CP043556.1	CP046746.1	90.769	130	11	1	1066403	1066532	509868	509996	4.33e-40	172
CP043556.1	CP046746.1	91.935	124	9	1	1014010	1014133	509873	509995	4.33e-40	172
CP043556.1	CP046746.1	91.870	123	10	0	1033967	1034089	510405	510527	4.33e-40	172
CP043556.1	CP046746.1	91.270	126	11	0	1047541	1047666	510406	510531	4.33e-40	172
CP043556.1	CP046746.1	90.698	129	12	0	1040145	1040273	511084	511212	4.33e-40	172
CP043556.1	CP046746.1	91.870	123	10	0	1047540	1047662	511090	511212	4.33e-40	172
CP043556.1	CP046746.1	90.769	130	10	2	999549	999678	511621	511748	4.33e-40	172
CP043556.1	CP046746.1	91.935	124	9	1	1034724	1034847	511624	511746	4.33e-40	172
CP043556.1	CP046746.1	90.299	134	10	3	1070293	1070426	512231	512361	4.33e-40	172
CP043556.1	CP046746.1	91.339	127	10	1	966930	967056	513270	513145	4.33e-40	172
CP043556.1	CP046746.1	91.870	123	10	0	965582	965704	513267	513145	4.33e-40	172
CP043556.1	CP046746.1	91.870	123	10	0	944555	944677	513145	513267	4.33e-40	172
CP043556.1	CP046746.1	91.870	123	10	0	988941	989063	513145	513267	4.33e-40	172
CP043556.1	CP046746.1	91.870	123	10	0	1005171	1005293	513145	513267	4.33e-40	172
CP043556.1	CP046746.1	91.870	123	10	0	1018291	1018413	513145	513267	4.33e-40	172
CP043556.1	CP046746.1	91.870	123	10	0	1023646	1023768	513145	513267	4.33e-40	172
CP043556.1	CP046746.1	91.870	123	10	0	1048718	1048840	513145	513267	4.33e-40	172
CP043556.1	CP046746.1	91.870	123	10	0	1056118	1056240	513145	513267	4.33e-40	172
CP043556.1	CP046746.1	91.339	127	9	2	989528	989653	513820	513945	4.33e-40	172
CP043556.1	CP046746.1	91.935	124	9	1	971757	971879	513943	513820	4.33e-40	172
CP043556.1	CP046746.1	91.935	124	9	1	1050636	1050758	513820	513943	4.33e-40	172
CP043556.1	CP046746.1	91.935	124	8	2	946922	947044	513820	513942	4.33e-40	172
CP043556.1	CP046746.1	91.870	123	10	0	1014011	1014133	513820	513942	4.33e-40	172
CP043556.1	CP046746.1	91.870	123	10	0	1056118	1056240	513820	513942	4.33e-40	172
CP043556.1	CP046746.1	91.406	128	8	3	1023644	1023770	514714	514839	4.33e-40	172
CP043556.1	CP046746.1	91.935	124	8	2	1003029	1003151	514715	514837	4.33e-40	172
CP043556.1	CP046746.1	91.935	124	9	1	1029861	1029984	514715	514837	4.33e-40	172
CP043556.1	CP046746.1	91.406	128	8	3	987365	987490	514716	514842	4.33e-40	172
CP043556.1	CP046746.1	91.935	124	8	2	977223	977345	514838	514716	4.33e-40	172
CP043556.1	CP046746.1	91.935	124	9	1	988941	989064	514716	514838	4.33e-40	172
CP043556.1	CP046746.1	91.935	124	8	2	1036324	1036446	514716	514838	4.33e-40	172
CP043556.1	CP046746.1	90.698	129	12	0	1033962	1034090	515347	515475	4.33e-40	172
CP043556.1	CP046746.1	90.840	131	8	4	1017751	1017879	515348	515476	4.33e-40	172
CP043556.1	CP046746.1	91.406	128	7	4	982749	982873	515348	515474	4.33e-40	172
CP043556.1	CP046746.1	91.935	124	9	1	944554	944677	515352	515474	4.33e-40	172
CP043556.1	CP046746.1	91.935	124	9	1	1012805	1012928	515353	515475	4.33e-40	172
CP043556.1	CP046746.1	91.935	124	9	1	1029862	1029985	515353	515475	4.33e-40	172
CP043556.1	CP046746.1	91.935	124	9	1	1037047	1037169	517915	518038	4.33e-40	172
CP043556.1	CP046746.1	91.935	124	9	1	1007142	1007264	517916	518039	4.33e-40	172
CP043556.1	CP046746.1	91.339	127	10	1	1005855	1005981	519112	519237	4.33e-40	172
CP043556.1	CP046746.1	91.339	127	10	1	1064254	1064380	519112	519237	4.33e-40	172
CP043556.1	CP046746.1	91.935	124	9	1	976714	976837	519235	519113	4.33e-40	172
CP043556.1	CP046746.1	91.935	124	9	1	1005171	1005294	519114	519236	4.33e-40	172
CP043556.1	CP046746.1	91.870	123	10	0	1007142	1007264	519114	519236	4.33e-40	172
CP043556.1	CP046746.1	91.935	124	9	1	1023646	1023769	519114	519236	4.33e-40	172
CP043556.1	CP046746.1	91.870	123	10	0	1040152	1040274	519114	519236	4.33e-40	172
CP043556.1	CP046746.1	91.339	127	9	2	994238	994363	521253	521378	4.33e-40	172
CP043556.1	CP046746.1	91.339	127	10	1	1039758	1039884	521832	521957	4.33e-40	172
CP043556.1	CP046746.1	91.935	124	9	1	987898	988021	521835	521957	4.33e-40	172
CP043556.1	CP046746.1	91.870	123	10	0	991068	991190	521835	521957	4.33e-40	172
CP043556.1	CP046746.1	91.870	123	10	0	1011279	1011401	521835	521957	4.33e-40	172
CP043556.1	CP046746.1	91.870	123	10	0	1051928	1052050	521835	521957	4.33e-40	172
CP043556.1	CP046746.1	91.270	126	11	0	953651	953776	522408	522533	4.33e-40	172
CP043556.1	CP046746.1	91.870	123	10	0	1046763	1046885	522410	522532	4.33e-40	172
CP043556.1	CP046746.1	91.339	127	10	1	967639	967765	522982	522857	4.33e-40	172
CP043556.1	CP046746.1	91.339	127	9	2	978004	978130	525072	524948	4.33e-40	172
CP043556.1	CP046746.1	91.406	128	8	3	999549	999676	524948	525072	4.33e-40	172
CP043556.1	CP046746.1	91.339	127	10	1	1066409	1066535	526077	526202	4.33e-40	172
CP043556.1	CP046746.1	91.935	124	9	1	1005857	1005980	526077	526199	4.33e-40	172
CP043556.1	CP046746.1	91.935	124	9	1	1014011	1014134	526077	526199	4.33e-40	172
CP043556.1	CP046746.1	91.935	124	9	1	1060224	1060347	526077	526199	4.33e-40	172
CP043556.1	CP046746.1	91.935	124	9	1	1010066	1010189	526717	526839	4.33e-40	172
CP043556.1	CP046746.1	91.339	127	9	2	1070303	1070429	526718	526842	4.33e-40	172
CP043556.1	CP046746.1	91.935	124	8	2	1012805	1012928	526719	526840	4.33e-40	172
CP043556.1	CP046746.1	90.769	130	10	2	991062	991190	527502	527630	4.33e-40	172
CP043556.1	CP046746.1	91.339	127	10	1	1063759	1063885	527508	527633	4.33e-40	172
CP043556.1	CP046746.1	91.935	124	9	1	1029861	1029984	527508	527630	4.33e-40	172
CP043556.1	CP046746.1	89.855	138	8	1	1015941	1016078	528215	528346	4.33e-40	172
CP043556.1	CP046746.1	91.270	126	11	0	1060224	1060349	528940	529065	4.33e-40	172
CP043556.1	CP046746.1	91.935	124	9	1	953653	953775	528940	529063	4.33e-40	172
CP043556.1	CP046746.1	91.935	124	9	1	1032152	1032274	529751	529874	4.33e-40	172
CP043556.1	CP046746.1	91.935	124	9	1	1050635	1050757	529751	529874	4.33e-40	172
CP043556.1	CP046746.1	91.935	124	9	1	1062951	1063073	529751	529874	4.33e-40	172
CP043556.1	CP046746.1	91.870	123	10	0	1025532	1025654	530324	530446	4.33e-40	172
CP043556.1	CP046746.1	90.226	133	12	1	1050041	1050173	531116	531247	4.33e-40	172
CP043556.1	CP046746.1	90.769	130	10	2	1058404	1058532	531119	531247	4.33e-40	172
CP043556.1	CP046746.1	92.000	125	7	3	987899	988022	531126	531248	4.33e-40	172
CP043556.1	CP046746.1	91.935	124	9	1	1015389	1015512	531126	531248	4.33e-40	172
CP043556.1	CP046746.1	91.339	127	10	1	1014008	1014134	533569	533694	4.33e-40	172
CP043556.1	CP046746.1	91.935	124	9	1	969045	969168	533693	533571	4.33e-40	172
CP043556.1	CP046746.1	91.870	123	10	0	1052999	1053121	533571	533693	4.33e-40	172
CP043556.1	CP046746.1	91.935	124	9	1	1005857	1005980	533572	533694	4.33e-40	172
CP043556.1	CP046746.1	92.562	121	8	1	1054979	1055098	533572	533692	4.33e-40	172
CP043556.1	CP046746.1	91.935	124	9	1	1061174	1061297	534421	534543	4.33e-40	172
CP043556.1	CP046746.1	91.339	127	10	1	964307	964433	534547	534422	4.33e-40	172
CP043556.1	CP046746.1	91.339	127	10	1	1056114	1056240	535067	535192	4.33e-40	172
CP043556.1	CP046746.1	91.935	124	9	1	944554	944677	535070	535192	4.33e-40	172
CP043556.1	CP046746.1	91.870	123	10	0	1047540	1047662	535070	535192	4.33e-40	172
CP043556.1	CP046746.1	91.935	124	9	1	1015389	1015512	535071	535193	4.33e-40	172
CP043556.1	CP046746.1	91.935	124	9	1	1046131	1046254	535071	535193	4.33e-40	172
CP043556.1	CP046746.1	89.781	137	11	3	1032140	1032275	535966	536100	4.33e-40	172
CP043556.1	CP046746.1	91.406	128	8	3	966157	966283	536099	535974	4.33e-40	172
CP043556.1	CP046746.1	91.935	124	9	1	987365	987487	535977	536100	4.33e-40	172
CP043556.1	CP046746.1	91.935	124	9	1	1002496	1002618	535977	536100	4.33e-40	172
CP043556.1	CP046746.1	91.935	124	9	1	1045596	1045718	535977	536100	4.33e-40	172
CP043556.1	CP046746.1	91.935	124	9	1	1050636	1050758	535977	536100	4.33e-40	172
CP043556.1	CP046746.1	91.935	124	8	2	967641	967763	536099	535977	4.33e-40	172
CP043556.1	CP046746.1	91.870	123	10	0	961251	961373	536099	535977	4.33e-40	172
CP043556.1	CP046746.1	91.870	123	10	0	1014011	1014133	535977	536099	4.33e-40	172
CP043556.1	CP046746.1	91.935	124	8	2	1050051	1050173	535977	536099	4.33e-40	172
CP043556.1	CP046746.1	91.870	123	10	0	1068336	1068458	535977	536099	4.33e-40	172
CP043556.1	CP046746.1	91.339	127	10	1	1008862	1008987	538048	538174	4.33e-40	172
CP043556.1	CP046746.1	91.870	123	10	0	1023646	1023768	538051	538173	4.33e-40	172
CP043556.1	CP046746.1	89.706	136	13	1	966934	967068	538734	538599	4.33e-40	172
CP043556.1	CP046746.1	89.781	137	10	4	1061164	1061298	538601	538735	4.33e-40	172
CP043556.1	CP046746.1	90.299	134	10	3	970791	970922	538741	538609	4.33e-40	172
CP043556.1	CP046746.1	91.935	124	9	1	1057729	1057851	538611	538734	4.33e-40	172
CP043556.1	CP046746.1	91.935	124	9	1	1062952	1063074	538612	538735	4.33e-40	172
CP043556.1	CP046746.1	91.935	124	8	2	965582	965704	538734	538612	4.33e-40	172
CP043556.1	CP046746.1	91.870	123	10	0	961251	961373	538734	538612	4.33e-40	172
CP043556.1	CP046746.1	91.870	123	10	0	1014011	1014133	538612	538734	4.33e-40	172
CP043556.1	CP046746.1	91.870	123	10	0	1042050	1042172	538612	538734	4.33e-40	172
CP043556.1	CP046746.1	91.870	123	10	0	1068336	1068458	538612	538734	4.33e-40	172
CP043556.1	CP046746.1	91.935	124	9	1	1024231	1024353	539149	539272	4.33e-40	172
CP043556.1	CP046746.1	91.935	124	9	1	1067555	1067677	539149	539272	4.33e-40	172
CP043556.1	CP046746.1	91.870	123	10	0	996347	996469	539149	539271	4.33e-40	172
CP043556.1	CP046746.1	91.870	123	10	0	1048256	1048378	539149	539271	4.33e-40	172
CP043556.1	CP046746.1	91.870	123	10	0	1066409	1066531	539149	539271	4.33e-40	172
CP043556.1	CP046746.1	90.769	130	10	2	1067862	1067990	539767	539895	4.33e-40	172
CP043556.1	CP046746.1	90.769	130	10	2	962712	962840	539896	539768	4.33e-40	172
CP043556.1	CP046746.1	92.000	125	7	2	1055587	1055709	539768	539891	4.33e-40	172
CP043556.1	CP046746.1	91.339	127	10	1	1004048	1004173	539769	539895	4.33e-40	172
CP043556.1	CP046746.1	91.935	124	9	1	1033968	1034090	539769	539892	4.33e-40	172
CP043556.1	CP046746.1	91.935	124	8	2	992605	992727	539769	539891	4.33e-40	172
CP043556.1	CP046746.1	91.935	124	8	2	994241	994363	539769	539891	4.33e-40	172
CP043556.1	CP046746.1	92.000	125	6	4	1061175	1061298	540306	540427	4.33e-40	172
CP043556.1	CP046746.1	91.270	126	11	0	1067027	1067152	540959	541084	4.33e-40	172
CP043556.1	CP046746.1	91.339	127	10	1	1018793	1018918	540960	541086	4.33e-40	172
CP043556.1	CP046746.1	91.935	124	9	1	977223	977345	541083	540960	4.33e-40	172
CP043556.1	CP046746.1	91.870	123	10	0	976714	976836	541082	540960	4.33e-40	172
CP043556.1	CP046746.1	91.870	123	10	0	1010740	1010862	540960	541082	4.33e-40	172
CP043556.1	CP046746.1	91.870	123	10	0	1016478	1016600	540960	541082	4.33e-40	172
CP043556.1	CP046746.1	91.339	127	10	1	978001	978126	542693	542567	4.33e-40	172
CP043556.1	CP046746.1	91.935	124	9	1	965115	965237	542690	542567	4.33e-40	172
CP043556.1	CP046746.1	91.935	124	9	1	963781	963903	542690	542567	4.33e-40	172
CP043556.1	CP046746.1	91.935	124	9	1	962718	962840	542690	542567	4.33e-40	172
CP043556.1	CP046746.1	91.935	124	9	1	1025532	1025654	542567	542690	4.33e-40	172
CP043556.1	CP046746.1	91.935	124	9	1	1050635	1050757	542567	542690	4.33e-40	172
CP043556.1	CP046746.1	91.935	124	9	1	1062951	1063073	542567	542690	4.33e-40	172
CP043556.1	CP046746.1	91.935	124	9	1	995559	995681	542568	542691	4.33e-40	172
CP043556.1	CP046746.1	91.935	124	9	1	1046763	1046885	542568	542691	4.33e-40	172
CP043556.1	CP046746.1	91.870	123	10	0	1012805	1012927	542568	542690	4.33e-40	172
CP043556.1	CP046746.1	91.870	123	10	0	273956	274078	761455	761577	4.33e-40	172
CP043556.1	CP046746.1	91.406	128	8	1	465066	465190	848137	848264	4.33e-40	172
CP043556.1	CP046746.1	90.226	133	12	1	464184	464315	1011006	1011138	4.33e-40	172
CP043556.1	CP046746.1	90.226	133	12	1	686495	686626	1011011	1011143	4.33e-40	172
CP043556.1	CP046746.1	90.625	128	12	0	690019	690146	79507	79634	1.56e-39	171
CP043556.1	CP046746.1	89.130	138	14	1	515297	515433	156218	156081	1.56e-39	171
CP043556.1	CP046746.1	91.200	125	11	0	62349	62473	327515	327391	1.56e-39	171
CP043556.1	CP046746.1	90.698	129	11	1	742121	742248	408901	409029	1.56e-39	171
CP043556.1	CP046746.1	91.870	123	8	2	961888	962009	493235	493114	1.56e-39	171
CP043556.1	CP046746.1	91.870	123	9	1	958255	958377	493235	493114	1.56e-39	171
CP043556.1	CP046746.1	91.870	123	9	1	992605	992727	493114	493235	1.56e-39	171
CP043556.1	CP046746.1	91.870	123	9	1	1011815	1011937	493114	493235	1.56e-39	171
CP043556.1	CP046746.1	91.870	123	8	2	1046763	1046884	493114	493235	1.56e-39	171
CP043556.1	CP046746.1	91.870	123	9	1	955342	955463	493616	493738	1.56e-39	171
CP043556.1	CP046746.1	91.870	123	9	1	1036324	1036445	493616	493738	1.56e-39	171
CP043556.1	CP046746.1	91.870	123	9	1	1016478	1016600	494154	494275	1.56e-39	171
CP043556.1	CP046746.1	91.870	123	9	1	1018793	1018915	494154	494275	1.56e-39	171
CP043556.1	CP046746.1	91.270	126	10	1	1047538	1047662	497426	497551	1.56e-39	171
CP043556.1	CP046746.1	89.130	138	13	2	1024230	1024365	497428	497565	1.56e-39	171
CP043556.1	CP046746.1	91.270	126	10	1	1025532	1025656	497428	497553	1.56e-39	171
CP043556.1	CP046746.1	91.870	123	8	2	1054978	1055098	497428	497550	1.56e-39	171
CP043556.1	CP046746.1	91.270	126	9	2	1017755	1017879	497429	497553	1.56e-39	171
CP043556.1	CP046746.1	91.870	123	8	2	982753	982873	497429	497551	1.56e-39	171
CP043556.1	CP046746.1	91.870	123	9	1	1007142	1007263	497429	497551	1.56e-39	171
CP043556.1	CP046746.1	91.870	123	9	1	1053000	1053121	497429	497551	1.56e-39	171
CP043556.1	CP046746.1	90.152	132	12	1	1056110	1056241	498912	499042	1.56e-39	171
CP043556.1	CP046746.1	91.270	126	10	1	1060223	1060348	498919	499043	1.56e-39	171
CP043556.1	CP046746.1	91.935	124	7	3	982753	982874	498920	499042	1.56e-39	171
CP043556.1	CP046746.1	91.870	123	9	1	1012805	1012927	498920	499041	1.56e-39	171
CP043556.1	CP046746.1	91.270	126	9	2	967640	967764	499671	499547	1.56e-39	171
CP043556.1	CP046746.1	91.270	126	9	2	953140	953264	499548	499672	1.56e-39	171
CP043556.1	CP046746.1	91.200	125	11	0	953140	953264	500304	500428	1.56e-39	171
CP043556.1	CP046746.1	91.200	125	11	0	1047540	1047664	500943	501067	1.56e-39	171
CP043556.1	CP046746.1	91.870	123	9	1	1011815	1011937	500944	501065	1.56e-39	171
CP043556.1	CP046746.1	91.870	123	9	1	1017755	1017877	500944	501065	1.56e-39	171
CP043556.1	CP046746.1	89.630	135	13	1	1030431	1030564	501669	501803	1.56e-39	171
CP043556.1	CP046746.1	91.270	126	10	1	965114	965238	501795	501670	1.56e-39	171
CP043556.1	CP046746.1	91.200	125	11	0	972579	972703	501794	501670	1.56e-39	171
CP043556.1	CP046746.1	91.270	126	9	2	946920	947044	501670	501794	1.56e-39	171
CP043556.1	CP046746.1	91.200	125	11	0	1068334	1068458	501670	501794	1.56e-39	171
CP043556.1	CP046746.1	90.152	132	11	2	976241	976370	501803	501672	1.56e-39	171
CP043556.1	CP046746.1	91.870	123	9	1	968370	968491	501794	501672	1.56e-39	171
CP043556.1	CP046746.1	91.870	123	9	1	948248	948369	501672	501794	1.56e-39	171
CP043556.1	CP046746.1	91.870	123	9	1	1001967	1002088	501672	501794	1.56e-39	171
CP043556.1	CP046746.1	91.870	123	9	1	1009399	1009520	501672	501794	1.56e-39	171
CP043556.1	CP046746.1	91.870	123	9	1	1040152	1040273	501672	501794	1.56e-39	171
CP043556.1	CP046746.1	90.769	130	9	3	1067548	1067677	502299	502425	1.56e-39	171
CP043556.1	CP046746.1	91.270	126	10	1	967639	967764	504047	503923	1.56e-39	171
CP043556.1	CP046746.1	91.870	123	8	2	988485	988606	505130	505251	1.56e-39	171
CP043556.1	CP046746.1	91.870	123	9	1	992605	992727	505130	505251	1.56e-39	171
CP043556.1	CP046746.1	91.935	124	7	3	950791	950912	505667	505789	1.56e-39	171
CP043556.1	CP046746.1	91.803	122	10	0	965115	965236	505789	505668	1.56e-39	171
CP043556.1	CP046746.1	91.803	122	10	0	1004048	1004169	506305	506426	1.56e-39	171
CP043556.1	CP046746.1	91.870	123	9	1	1054977	1055098	506877	506999	1.56e-39	171
CP043556.1	CP046746.1	91.803	122	10	0	1004048	1004169	506879	507000	1.56e-39	171
CP043556.1	CP046746.1	91.870	123	9	1	1015389	1015511	506879	507000	1.56e-39	171
CP043556.1	CP046746.1	91.870	123	9	1	1046131	1046253	506879	507000	1.56e-39	171
CP043556.1	CP046746.1	91.870	123	8	2	991602	991723	507506	507627	1.56e-39	171
CP043556.1	CP046746.1	91.870	123	9	1	1017755	1017877	507506	507627	1.56e-39	171
CP043556.1	CP046746.1	91.270	126	9	2	971220	971344	508859	508735	1.56e-39	171
CP043556.1	CP046746.1	91.270	126	10	1	1067027	1067152	508735	508859	1.56e-39	171
CP043556.1	CP046746.1	91.870	123	9	1	976714	976836	508857	508736	1.56e-39	171
CP043556.1	CP046746.1	91.803	122	10	0	965115	965236	508857	508736	1.56e-39	171
CP043556.1	CP046746.1	91.270	126	10	1	1005854	1005979	509871	509995	1.56e-39	171
CP043556.1	CP046746.1	91.803	122	10	0	988485	988606	509874	509995	1.56e-39	171
CP043556.1	CP046746.1	91.870	123	9	1	992605	992727	509874	509995	1.56e-39	171
CP043556.1	CP046746.1	91.200	125	11	0	988484	988608	510405	510529	1.56e-39	171
CP043556.1	CP046746.1	91.870	123	9	1	996347	996469	510406	510527	1.56e-39	171
CP043556.1	CP046746.1	91.270	126	10	1	1068333	1068458	511088	511212	1.56e-39	171
CP043556.1	CP046746.1	91.870	123	8	2	1013311	1013432	511091	511212	1.56e-39	171
CP043556.1	CP046746.1	91.803	122	10	0	963781	963902	511746	511625	1.56e-39	171
CP043556.1	CP046746.1	91.803	122	10	0	962718	962839	511746	511625	1.56e-39	171
CP043556.1	CP046746.1	91.870	123	9	1	993565	993687	511625	511746	1.56e-39	171
CP043556.1	CP046746.1	91.870	123	9	1	1070304	1070426	511625	511746	1.56e-39	171
CP043556.1	CP046746.1	91.870	123	9	1	979431	979553	512361	512240	1.56e-39	171
CP043556.1	CP046746.1	91.870	123	8	2	971222	971343	512361	512240	1.56e-39	171
CP043556.1	CP046746.1	91.870	123	9	1	969045	969167	512361	512240	1.56e-39	171
CP043556.1	CP046746.1	91.870	123	9	1	1015389	1015511	512240	512361	1.56e-39	171
CP043556.1	CP046746.1	91.870	123	9	1	1018291	1018413	512240	512361	1.56e-39	171
CP043556.1	CP046746.1	91.803	122	10	0	1033968	1034089	512240	512361	1.56e-39	171
CP043556.1	CP046746.1	91.870	123	9	1	1046131	1046253	512240	512361	1.56e-39	171
CP043556.1	CP046746.1	91.803	122	10	0	1046763	1046884	512240	512361	1.56e-39	171
CP043556.1	CP046746.1	91.870	123	9	1	1048718	1048840	512240	512361	1.56e-39	171
CP043556.1	CP046746.1	90.698	129	11	1	997757	997884	513139	513267	1.56e-39	171
CP043556.1	CP046746.1	91.200	125	11	0	1017755	1017879	513145	513269	1.56e-39	171
CP043556.1	CP046746.1	91.870	123	9	1	961888	962009	513267	513145	1.56e-39	171
CP043556.1	CP046746.1	91.870	123	9	1	1010068	1010189	513145	513267	1.56e-39	171
CP043556.1	CP046746.1	91.870	123	9	1	1067864	1067985	513145	513267	1.56e-39	171
CP043556.1	CP046746.1	89.630	135	13	1	964311	964445	513942	513809	1.56e-39	171
CP043556.1	CP046746.1	91.200	125	11	0	1023644	1023768	513818	513942	1.56e-39	171
CP043556.1	CP046746.1	91.200	125	11	0	1070304	1070428	513820	513944	1.56e-39	171
CP043556.1	CP046746.1	91.870	123	9	1	1010068	1010189	513820	513942	1.56e-39	171
CP043556.1	CP046746.1	91.870	123	9	1	1024231	1024352	513820	513942	1.56e-39	171
CP043556.1	CP046746.1	91.870	123	9	1	1030906	1031027	513820	513942	1.56e-39	171
CP043556.1	CP046746.1	91.870	123	9	1	1067864	1067985	513820	513942	1.56e-39	171
CP043556.1	CP046746.1	91.270	126	9	2	995557	995681	514714	514838	1.56e-39	171
CP043556.1	CP046746.1	91.339	127	8	3	1005170	1005295	514715	514839	1.56e-39	171
CP043556.1	CP046746.1	91.270	126	10	1	1063759	1063884	514715	514839	1.56e-39	171
CP043556.1	CP046746.1	90.769	130	9	3	965576	965704	514843	514716	1.56e-39	171
CP043556.1	CP046746.1	91.339	127	8	3	965112	965236	514841	514716	1.56e-39	171
CP043556.1	CP046746.1	91.270	126	10	1	966931	967056	514840	514716	1.56e-39	171
CP043556.1	CP046746.1	91.270	126	9	2	989528	989652	514716	514840	1.56e-39	171
CP043556.1	CP046746.1	91.870	123	9	1	960066	960188	514837	514716	1.56e-39	171
CP043556.1	CP046746.1	91.870	123	9	1	951914	952036	514716	514837	1.56e-39	171
CP043556.1	CP046746.1	91.870	123	8	2	956114	956235	514716	514837	1.56e-39	171
CP043556.1	CP046746.1	91.870	123	8	2	984564	984685	514716	514837	1.56e-39	171
CP043556.1	CP046746.1	91.870	123	8	2	1032153	1032274	514716	514837	1.56e-39	171
CP043556.1	CP046746.1	91.270	126	10	1	967641	967766	515474	515350	1.56e-39	171
CP043556.1	CP046746.1	91.870	123	9	1	1054977	1055098	515351	515473	1.56e-39	171
CP043556.1	CP046746.1	91.870	123	8	2	1013311	1013432	515353	515474	1.56e-39	171
CP043556.1	CP046746.1	91.870	123	9	1	1011815	1011937	517279	517400	1.56e-39	171
CP043556.1	CP046746.1	90.698	129	11	1	965115	965242	518038	517910	1.56e-39	171
CP043556.1	CP046746.1	91.870	123	9	1	1021935	1022056	517916	518038	1.56e-39	171
CP043556.1	CP046746.1	90.152	132	12	1	1051920	1052050	519104	519235	1.56e-39	171
CP043556.1	CP046746.1	90.152	132	11	2	988934	989065	519108	519237	1.56e-39	171
CP043556.1	CP046746.1	90.152	132	12	1	975607	975737	519242	519111	1.56e-39	171
CP043556.1	CP046746.1	91.270	126	10	1	983390	983514	519111	519236	1.56e-39	171
CP043556.1	CP046746.1	91.270	126	10	1	974975	975100	519235	519111	1.56e-39	171
CP043556.1	CP046746.1	91.270	126	10	1	950085	950210	519111	519235	1.56e-39	171
CP043556.1	CP046746.1	91.200	125	11	0	1024229	1024353	519112	519236	1.56e-39	171
CP043556.1	CP046746.1	91.200	125	11	0	1067553	1067677	519112	519236	1.56e-39	171
CP043556.1	CP046746.1	91.870	123	9	1	1054977	1055098	519112	519234	1.56e-39	171
CP043556.1	CP046746.1	91.870	123	8	2	991602	991723	519114	519235	1.56e-39	171
CP043556.1	CP046746.1	91.803	122	10	0	1003030	1003151	519114	519235	1.56e-39	171
CP043556.1	CP046746.1	91.803	122	10	0	1021935	1022056	519114	519235	1.56e-39	171
CP043556.1	CP046746.1	91.870	123	9	1	1051170	1051292	519114	519235	1.56e-39	171
CP043556.1	CP046746.1	91.870	123	9	1	994241	994363	519721	519842	1.56e-39	171
CP043556.1	CP046746.1	91.870	123	8	2	1013311	1013432	519721	519842	1.56e-39	171
CP043556.1	CP046746.1	91.870	123	9	1	953653	953774	521256	521378	1.56e-39	171
CP043556.1	CP046746.1	91.270	126	10	1	979429	979554	521959	521835	1.56e-39	171
CP043556.1	CP046746.1	91.200	125	11	0	968368	968492	521959	521835	1.56e-39	171
CP043556.1	CP046746.1	91.270	126	10	1	964309	964434	521959	521835	1.56e-39	171
CP043556.1	CP046746.1	91.200	125	11	0	951465	951589	521835	521959	1.56e-39	171
CP043556.1	CP046746.1	91.270	126	10	1	1063759	1063884	521835	521959	1.56e-39	171
CP043556.1	CP046746.1	91.200	125	11	0	1024231	1024355	521836	521960	1.56e-39	171
CP043556.1	CP046746.1	91.870	123	9	1	976714	976836	521957	521836	1.56e-39	171
CP043556.1	CP046746.1	91.803	122	10	0	971758	971879	521957	521836	1.56e-39	171
CP043556.1	CP046746.1	91.803	122	10	0	947714	947835	521836	521957	1.56e-39	171
CP043556.1	CP046746.1	91.870	123	9	1	950088	950210	521836	521957	1.56e-39	171
CP043556.1	CP046746.1	91.870	123	9	1	951914	952036	521836	521957	1.56e-39	171
CP043556.1	CP046746.1	91.803	122	10	0	1002496	1002617	521836	521957	1.56e-39	171
CP043556.1	CP046746.1	91.870	123	9	1	1061175	1061297	521836	521957	1.56e-39	171
CP043556.1	CP046746.1	91.870	123	8	2	1068819	1068940	521836	521957	1.56e-39	171
CP043556.1	CP046746.1	91.870	123	9	1	1070304	1070426	521836	521957	1.56e-39	171
CP043556.1	CP046746.1	91.270	126	10	1	1003030	1003154	522410	522535	1.56e-39	171
CP043556.1	CP046746.1	91.870	123	9	1	987899	988021	522410	522531	1.56e-39	171
CP043556.1	CP046746.1	91.870	123	9	1	1015389	1015511	522410	522531	1.56e-39	171
CP043556.1	CP046746.1	91.870	123	9	1	1017755	1017877	522410	522531	1.56e-39	171
CP043556.1	CP046746.1	91.870	123	9	1	1046131	1046253	522410	522531	1.56e-39	171
CP043556.1	CP046746.1	90.226	133	9	4	1055579	1055709	524942	525072	1.56e-39	171
CP043556.1	CP046746.1	87.755	147	16	2	1004044	1004189	524947	525092	1.56e-39	171
CP043556.1	CP046746.1	91.270	126	10	1	983388	983513	524948	525072	1.56e-39	171
CP043556.1	CP046746.1	91.270	126	9	2	964311	964436	525072	524949	1.56e-39	171
CP043556.1	CP046746.1	91.270	126	9	2	1023643	1023768	524949	525072	1.56e-39	171
CP043556.1	CP046746.1	91.803	122	10	0	950791	950912	524951	525072	1.56e-39	171
CP043556.1	CP046746.1	91.870	123	9	1	1046762	1046884	524951	525072	1.56e-39	171
CP043556.1	CP046746.1	91.870	123	8	2	976714	976836	525072	524952	1.56e-39	171
CP043556.1	CP046746.1	91.870	123	8	2	972579	972701	525072	524952	1.56e-39	171
CP043556.1	CP046746.1	91.870	123	8	2	967641	967763	525072	524952	1.56e-39	171
CP043556.1	CP046746.1	91.870	123	8	2	946922	947044	524952	525072	1.56e-39	171
CP043556.1	CP046746.1	91.870	123	8	2	1010740	1010862	524952	525072	1.56e-39	171
CP043556.1	CP046746.1	91.870	123	8	2	1014011	1014133	524952	525072	1.56e-39	171
CP043556.1	CP046746.1	91.870	123	8	2	1068336	1068458	524952	525072	1.56e-39	171
CP043556.1	CP046746.1	91.270	126	9	2	1061806	1061930	526076	526200	1.56e-39	171
CP043556.1	CP046746.1	91.870	123	9	1	996347	996469	526077	526198	1.56e-39	171
CP043556.1	CP046746.1	91.803	122	10	0	1002496	1002617	526077	526198	1.56e-39	171
CP043556.1	CP046746.1	90.769	130	8	4	964311	964438	526839	526712	1.56e-39	171
CP043556.1	CP046746.1	89.209	139	11	4	946912	947048	527498	527634	1.56e-39	171
CP043556.1	CP046746.1	90.698	129	10	2	968368	968495	527632	527505	1.56e-39	171
CP043556.1	CP046746.1	90.698	129	11	1	1023643	1023771	527506	527633	1.56e-39	171
CP043556.1	CP046746.1	91.270	126	10	1	987896	988021	527506	527630	1.56e-39	171
CP043556.1	CP046746.1	91.270	126	10	1	1067027	1067152	527508	527632	1.56e-39	171
CP043556.1	CP046746.1	91.270	126	10	1	965579	965704	527633	527509	1.56e-39	171
CP043556.1	CP046746.1	91.870	123	9	1	951914	952036	527509	527630	1.56e-39	171
CP043556.1	CP046746.1	91.870	123	8	2	987365	987486	527509	527630	1.56e-39	171
CP043556.1	CP046746.1	91.870	123	9	1	996347	996469	527509	527630	1.56e-39	171
CP043556.1	CP046746.1	91.870	123	9	1	991602	991723	529752	529874	1.56e-39	171
CP043556.1	CP046746.1	91.870	123	9	1	1033968	1034089	529752	529874	1.56e-39	171
CP043556.1	CP046746.1	91.270	126	10	1	1068335	1068460	530324	530448	1.56e-39	171
CP043556.1	CP046746.1	91.870	123	9	1	1011815	1011937	530325	530446	1.56e-39	171
CP043556.1	CP046746.1	89.130	138	13	2	1062938	1063074	531112	531248	1.56e-39	171
CP043556.1	CP046746.1	91.270	126	10	1	950789	950913	531123	531248	1.56e-39	171
CP043556.1	CP046746.1	91.270	126	9	2	963780	963904	531248	531124	1.56e-39	171
CP043556.1	CP046746.1	91.270	126	9	2	962717	962841	531248	531124	1.56e-39	171
CP043556.1	CP046746.1	91.270	126	9	2	984562	984686	531124	531248	1.56e-39	171
CP043556.1	CP046746.1	91.870	123	9	1	979431	979553	531247	531126	1.56e-39	171
CP043556.1	CP046746.1	91.870	123	9	1	964311	964433	531247	531126	1.56e-39	171
CP043556.1	CP046746.1	91.935	124	7	3	994241	994363	531126	531247	1.56e-39	171
CP043556.1	CP046746.1	91.870	123	8	2	995559	995680	531126	531247	1.56e-39	171
CP043556.1	CP046746.1	91.870	123	9	1	1018291	1018413	531126	531247	1.56e-39	171
CP043556.1	CP046746.1	91.935	124	7	3	1030434	1030556	531126	531247	1.56e-39	171
CP043556.1	CP046746.1	91.870	123	9	1	1035731	1035853	531126	531247	1.56e-39	171
CP043556.1	CP046746.1	91.870	123	8	2	1044936	1045057	531126	531247	1.56e-39	171
CP043556.1	CP046746.1	91.870	123	9	1	1063760	1063882	531126	531247	1.56e-39	171
CP043556.1	CP046746.1	91.270	126	10	1	1070301	1070426	533569	533693	1.56e-39	171
CP043556.1	CP046746.1	91.200	125	11	0	961886	962010	533695	533571	1.56e-39	171
CP043556.1	CP046746.1	91.870	123	9	1	1016478	1016600	533572	533693	1.56e-39	171
CP043556.1	CP046746.1	91.803	122	10	0	1037048	1037169	533572	533693	1.56e-39	171
CP043556.1	CP046746.1	91.803	122	10	0	1062952	1063073	533572	533693	1.56e-39	171
CP043556.1	CP046746.1	90.226	133	10	3	1048711	1048841	534413	534544	1.56e-39	171
CP043556.1	CP046746.1	90.698	129	11	1	1048254	1048382	534420	534547	1.56e-39	171
CP043556.1	CP046746.1	91.270	126	10	1	966932	967057	534545	534421	1.56e-39	171
CP043556.1	CP046746.1	91.870	123	9	1	1029862	1029984	534422	534543	1.56e-39	171
CP043556.1	CP046746.1	91.870	123	9	1	1046131	1046253	534422	534543	1.56e-39	171
CP043556.1	CP046746.1	91.870	123	9	1	964311	964433	535192	535071	1.56e-39	171
CP043556.1	CP046746.1	91.870	123	9	1	1018291	1018413	535071	535192	1.56e-39	171
CP043556.1	CP046746.1	91.270	126	10	1	961888	962012	536099	535974	1.56e-39	171
CP043556.1	CP046746.1	91.339	127	8	3	991600	991724	535975	536100	1.56e-39	171
CP043556.1	CP046746.1	91.870	123	9	1	978004	978125	536099	535977	1.56e-39	171
CP043556.1	CP046746.1	91.870	123	9	1	1010068	1010189	535977	536099	1.56e-39	171
CP043556.1	CP046746.1	91.870	123	9	1	1024231	1024352	535977	536099	1.56e-39	171
CP043556.1	CP046746.1	91.870	123	9	1	1058411	1058532	535977	536099	1.56e-39	171
CP043556.1	CP046746.1	91.870	123	9	1	1067864	1067985	535977	536099	1.56e-39	171
CP043556.1	CP046746.1	91.870	123	9	1	1025533	1025654	536596	536718	1.56e-39	171
CP043556.1	CP046746.1	91.870	123	9	1	961888	962009	538173	538051	1.56e-39	171
CP043556.1	CP046746.1	91.870	123	9	1	1061807	1061928	538051	538173	1.56e-39	171
CP043556.1	CP046746.1	91.339	127	8	3	1067552	1067676	538609	538734	1.56e-39	171
CP043556.1	CP046746.1	91.200	125	11	0	1011814	1011938	538611	538735	1.56e-39	171
CP043556.1	CP046746.1	91.935	124	7	2	1055588	1055709	538612	538734	1.56e-39	171
CP043556.1	CP046746.1	91.870	123	9	1	1069393	1069514	538612	538734	1.56e-39	171
CP043556.1	CP046746.1	91.870	123	9	1	1025533	1025654	539149	539271	1.56e-39	171
CP043556.1	CP046746.1	91.870	123	9	1	1050636	1050757	539149	539271	1.56e-39	171
CP043556.1	CP046746.1	91.870	123	9	1	1040152	1040273	539769	539891	1.56e-39	171
CP043556.1	CP046746.1	91.870	123	9	1	1046763	1046884	539769	539891	1.56e-39	171
CP043556.1	CP046746.1	91.870	123	9	1	1061806	1061928	540305	540426	1.56e-39	171
CP043556.1	CP046746.1	91.935	124	6	4	966157	966279	540426	540306	1.56e-39	171
CP043556.1	CP046746.1	91.870	123	8	2	1042050	1042172	540306	540426	1.56e-39	171
CP043556.1	CP046746.1	91.870	123	8	2	1049458	1049580	540306	540426	1.56e-39	171
CP043556.1	CP046746.1	91.935	124	6	4	1050051	1050173	540306	540426	1.56e-39	171
CP043556.1	CP046746.1	91.270	126	10	1	995557	995681	540958	541083	1.56e-39	171
CP043556.1	CP046746.1	90.152	132	12	1	1043189	1043319	540960	541091	1.56e-39	171
CP043556.1	CP046746.1	91.270	126	10	1	953653	953777	540960	541085	1.56e-39	171
CP043556.1	CP046746.1	91.270	126	10	1	1062316	1062440	540960	541085	1.56e-39	171
CP043556.1	CP046746.1	91.270	126	9	2	946922	947046	540960	541084	1.56e-39	171
CP043556.1	CP046746.1	91.870	123	9	1	971758	971879	541082	540960	1.56e-39	171
CP043556.1	CP046746.1	91.870	123	9	1	947714	947835	540960	541082	1.56e-39	171
CP043556.1	CP046746.1	91.870	123	9	1	1039763	1039884	540960	541082	1.56e-39	171
CP043556.1	CP046746.1	90.152	132	12	1	996345	996475	542566	542697	1.56e-39	171
CP043556.1	CP046746.1	91.270	126	10	1	953652	953776	542567	542692	1.56e-39	171
CP043556.1	CP046746.1	91.270	126	9	2	967640	967764	542691	542567	1.56e-39	171
CP043556.1	CP046746.1	90.625	128	12	0	499643	499770	696991	696864	1.56e-39	171
CP043556.1	CP046746.1	91.129	124	11	0	686495	686618	310652	310529	5.61e-39	169
CP043556.1	CP046746.1	89.630	135	10	3	1025521	1025654	493104	493235	5.61e-39	169
CP043556.1	CP046746.1	90.698	129	8	4	967641	967767	493235	493109	5.61e-39	169
CP043556.1	CP046746.1	91.200	125	10	1	1050049	1050173	493112	493235	5.61e-39	169
CP043556.1	CP046746.1	91.200	125	10	1	1061173	1061297	493112	493235	5.61e-39	169
CP043556.1	CP046746.1	91.200	125	10	1	1066407	1066531	493112	493235	5.61e-39	169
CP043556.1	CP046746.1	91.803	122	9	1	950792	950912	493114	493235	5.61e-39	169
CP043556.1	CP046746.1	90.076	131	11	1	974974	975102	493739	493609	5.61e-39	169
CP043556.1	CP046746.1	90.076	131	12	1	976706	976836	493745	493616	5.61e-39	169
CP043556.1	CP046746.1	90.625	128	10	2	1062316	1062442	493616	493742	5.61e-39	169
CP043556.1	CP046746.1	91.129	124	11	0	960065	960188	493739	493616	5.61e-39	169
CP043556.1	CP046746.1	91.129	124	11	0	951914	952037	493616	493739	5.61e-39	169
CP043556.1	CP046746.1	90.698	129	9	3	1033966	1034092	494152	494279	5.61e-39	169
CP043556.1	CP046746.1	91.200	125	9	2	1046762	1046885	494153	494276	5.61e-39	169
CP043556.1	CP046746.1	91.200	125	10	1	1050635	1050758	497428	497552	5.61e-39	169
CP043556.1	CP046746.1	91.129	124	11	0	999553	999676	497428	497551	5.61e-39	169
CP043556.1	CP046746.1	91.129	124	11	0	1062950	1063073	498918	499041	5.61e-39	169
CP043556.1	CP046746.1	90.551	127	12	0	1060221	1060347	499545	499671	5.61e-39	169
CP043556.1	CP046746.1	91.200	125	9	2	1054976	1055098	500301	500425	5.61e-39	169
CP043556.1	CP046746.1	91.200	125	10	1	994241	994365	500944	501067	5.61e-39	169
CP043556.1	CP046746.1	90.625	128	11	1	1039758	1039884	501667	501794	5.61e-39	169
CP043556.1	CP046746.1	91.200	125	10	1	973009	973132	501794	501670	5.61e-39	169
CP043556.1	CP046746.1	91.129	124	11	0	1011815	1011938	501672	501795	5.61e-39	169
CP043556.1	CP046746.1	91.200	125	9	2	988941	989065	502304	502426	5.61e-39	169
CP043556.1	CP046746.1	91.200	125	9	2	1005857	1005981	502304	502426	5.61e-39	169
CP043556.1	CP046746.1	91.803	122	9	1	1002496	1002617	502304	502424	5.61e-39	169
CP043556.1	CP046746.1	91.803	122	9	1	1037048	1037169	502304	502424	5.61e-39	169
CP043556.1	CP046746.1	91.200	125	10	1	999553	999677	503923	504046	5.61e-39	169
CP043556.1	CP046746.1	91.129	124	11	0	1067554	1067677	503923	504046	5.61e-39	169
CP043556.1	CP046746.1	90.551	127	12	0	1060222	1060348	504508	504634	5.61e-39	169
CP043556.1	CP046746.1	91.200	125	10	1	1006580	1006703	504508	504632	5.61e-39	169
CP043556.1	CP046746.1	91.200	125	10	1	953652	953775	504509	504633	5.61e-39	169
CP043556.1	CP046746.1	91.200	125	9	2	1047539	1047662	505128	505251	5.61e-39	169
CP043556.1	CP046746.1	91.870	123	7	3	1054978	1055098	505129	505250	5.61e-39	169
CP043556.1	CP046746.1	90.625	128	10	2	983388	983514	505664	505790	5.61e-39	169
CP043556.1	CP046746.1	90.551	127	12	0	1006577	1006703	506874	507000	5.61e-39	169
CP043556.1	CP046746.1	91.129	124	11	0	1047540	1047663	506878	507001	5.61e-39	169
CP043556.1	CP046746.1	91.200	125	10	1	1066407	1066531	507504	507627	5.61e-39	169
CP043556.1	CP046746.1	91.200	125	10	1	1005856	1005980	507505	507628	5.61e-39	169
CP043556.1	CP046746.1	91.803	122	9	1	1054978	1055098	507505	507626	5.61e-39	169
CP043556.1	CP046746.1	91.200	125	9	2	971220	971343	507629	507506	5.61e-39	169
CP043556.1	CP046746.1	91.129	124	11	0	953651	953774	509872	509995	5.61e-39	169
CP043556.1	CP046746.1	91.129	124	11	0	993565	993688	513145	513268	5.61e-39	169
CP043556.1	CP046746.1	91.200	125	9	2	1011815	1011938	513145	513268	5.61e-39	169
CP043556.1	CP046746.1	91.200	125	10	1	995557	995680	513818	513942	5.61e-39	169
CP043556.1	CP046746.1	88.571	140	14	2	962702	962839	513959	513820	5.61e-39	169
CP043556.1	CP046746.1	91.129	124	11	0	993565	993688	513820	513943	5.61e-39	169
CP043556.1	CP046746.1	91.129	124	11	0	1013310	1013433	514715	514838	5.61e-39	169
CP043556.1	CP046746.1	91.200	125	10	1	1048717	1048841	514715	514838	5.61e-39	169
CP043556.1	CP046746.1	91.200	125	9	2	1024231	1024354	514716	514839	5.61e-39	169
CP043556.1	CP046746.1	91.200	125	9	2	1067555	1067678	514716	514839	5.61e-39	169
CP043556.1	CP046746.1	90.625	128	10	2	1057727	1057852	517912	518039	5.61e-39	169
CP043556.1	CP046746.1	91.200	125	10	1	1025531	1025654	517914	518038	5.61e-39	169
CP043556.1	CP046746.1	90.000	130	13	0	974009	974138	519236	519107	5.61e-39	169
CP043556.1	CP046746.1	90.076	131	11	2	961246	961376	519239	519111	5.61e-39	169
CP043556.1	CP046746.1	91.200	125	10	1	951912	952036	519112	519235	5.61e-39	169
CP043556.1	CP046746.1	91.129	124	11	0	984562	984685	519112	519235	5.61e-39	169
CP043556.1	CP046746.1	91.129	124	11	0	1002494	1002617	519112	519235	5.61e-39	169
CP043556.1	CP046746.1	91.200	125	10	1	1026674	1026798	519112	519235	5.61e-39	169
CP043556.1	CP046746.1	91.129	124	11	0	1045594	1045717	519112	519235	5.61e-39	169
CP043556.1	CP046746.1	91.129	124	11	0	1050634	1050757	519112	519235	5.61e-39	169
CP043556.1	CP046746.1	91.200	125	10	1	966933	967057	519236	519113	5.61e-39	169
CP043556.1	CP046746.1	90.152	132	10	3	979423	979553	519243	519114	5.61e-39	169
CP043556.1	CP046746.1	91.129	124	11	0	1046763	1046886	519114	519237	5.61e-39	169
CP043556.1	CP046746.1	91.200	125	10	1	1048718	1048842	519114	519237	5.61e-39	169
CP043556.1	CP046746.1	91.736	121	10	0	998267	998387	520349	520469	5.61e-39	169
CP043556.1	CP046746.1	91.200	125	9	2	950791	950913	521255	521379	5.61e-39	169
CP043556.1	CP046746.1	90.769	130	6	4	1015949	1016078	521255	521378	5.61e-39	169
CP043556.1	CP046746.1	91.803	122	8	2	1054979	1055098	521256	521377	5.61e-39	169
CP043556.1	CP046746.1	90.625	128	11	1	1067551	1067678	521833	521959	5.61e-39	169
CP043556.1	CP046746.1	91.129	124	11	0	995558	995681	521835	521958	5.61e-39	169
CP043556.1	CP046746.1	91.200	125	10	1	944555	944679	521836	521959	5.61e-39	169
CP043556.1	CP046746.1	91.129	124	11	0	1010068	1010191	521836	521959	5.61e-39	169
CP043556.1	CP046746.1	91.129	124	11	0	1040152	1040275	521836	521959	5.61e-39	169
CP043556.1	CP046746.1	91.200	125	10	1	1042050	1042174	521836	521959	5.61e-39	169
CP043556.1	CP046746.1	91.200	125	9	2	1055588	1055711	521836	521959	5.61e-39	169
CP043556.1	CP046746.1	91.200	125	10	1	1056118	1056242	521836	521959	5.61e-39	169
CP043556.1	CP046746.1	91.129	124	11	0	1062316	1062439	521836	521959	5.61e-39	169
CP043556.1	CP046746.1	91.129	124	11	0	1067864	1067987	521836	521959	5.61e-39	169
CP043556.1	CP046746.1	89.130	138	12	3	944544	944680	522399	522534	5.61e-39	169
CP043556.1	CP046746.1	89.630	135	11	3	1030426	1030558	522400	522533	5.61e-39	169
CP043556.1	CP046746.1	91.129	124	11	0	1025531	1025654	522408	522531	5.61e-39	169
CP043556.1	CP046746.1	91.200	125	10	1	1049457	1049581	522409	522532	5.61e-39	169
CP043556.1	CP046746.1	91.129	124	11	0	961886	962009	522533	522410	5.61e-39	169
CP043556.1	CP046746.1	91.129	124	11	0	1047540	1047663	522858	522981	5.61e-39	169
CP043556.1	CP046746.1	89.630	135	10	4	992594	992727	524941	525072	5.61e-39	169
CP043556.1	CP046746.1	91.803	122	9	1	977224	977345	525072	524952	5.61e-39	169
CP043556.1	CP046746.1	91.803	122	9	1	965115	965236	525072	524952	5.61e-39	169
CP043556.1	CP046746.1	91.803	122	9	1	1024231	1024352	524952	525072	5.61e-39	169
CP043556.1	CP046746.1	91.803	122	9	1	1043189	1043310	524952	525072	5.61e-39	169
CP043556.1	CP046746.1	91.803	122	9	1	1050636	1050757	524952	525072	5.61e-39	169
CP043556.1	CP046746.1	91.803	122	9	1	1067555	1067676	524952	525072	5.61e-39	169
CP043556.1	CP046746.1	91.129	124	11	0	1024231	1024354	526077	526200	5.61e-39	169
CP043556.1	CP046746.1	91.129	124	11	0	1067555	1067678	526077	526200	5.61e-39	169
CP043556.1	CP046746.1	90.152	132	10	3	994237	994367	527505	527634	5.61e-39	169
CP043556.1	CP046746.1	89.630	135	11	3	1044935	1045068	527508	527640	5.61e-39	169
CP043556.1	CP046746.1	89.630	135	11	3	1058411	1058543	527509	527642	5.61e-39	169
CP043556.1	CP046746.1	91.200	125	9	2	953653	953776	527509	527632	5.61e-39	169
CP043556.1	CP046746.1	91.200	125	10	1	1056118	1056242	527509	527632	5.61e-39	169
CP043556.1	CP046746.1	91.129	124	11	0	1060223	1060346	528223	528346	5.61e-39	169
CP043556.1	CP046746.1	89.130	138	12	3	1047528	1047663	528927	529063	5.61e-39	169
CP043556.1	CP046746.1	90.769	130	6	1	1015950	1016079	528940	529063	5.61e-39	169
CP043556.1	CP046746.1	91.803	122	8	2	1054979	1055098	528940	529061	5.61e-39	169
CP043556.1	CP046746.1	91.200	125	9	2	994241	994364	529752	529875	5.61e-39	169
CP043556.1	CP046746.1	91.200	125	10	1	1066407	1066531	530323	530446	5.61e-39	169
CP043556.1	CP046746.1	91.270	126	8	3	967641	967765	531247	531124	5.61e-39	169
CP043556.1	CP046746.1	91.200	125	9	2	1069391	1069514	531124	531247	5.61e-39	169
CP043556.1	CP046746.1	90.551	127	12	0	1067861	1067987	533569	533695	5.61e-39	169
CP043556.1	CP046746.1	89.630	135	11	3	971211	971344	533703	533571	5.61e-39	169
CP043556.1	CP046746.1	91.270	126	8	3	982752	982875	533571	533695	5.61e-39	169
CP043556.1	CP046746.1	91.129	124	11	0	1010068	1010191	533572	533695	5.61e-39	169
CP043556.1	CP046746.1	91.200	125	9	2	1055588	1055711	533572	533695	5.61e-39	169
CP043556.1	CP046746.1	91.200	125	10	1	1056118	1056242	533572	533695	5.61e-39	169
CP043556.1	CP046746.1	89.130	138	12	3	1056106	1056242	534410	534545	5.61e-39	169
CP043556.1	CP046746.1	91.129	124	11	0	1062950	1063073	534420	534543	5.61e-39	169
CP043556.1	CP046746.1	91.200	125	10	1	1017755	1017879	535071	535194	5.61e-39	169
CP043556.1	CP046746.1	89.552	134	12	2	1033958	1034090	535968	536100	5.61e-39	169
CP043556.1	CP046746.1	91.803	122	8	2	1054979	1055098	535977	536098	5.61e-39	169
CP043556.1	CP046746.1	91.200	125	10	1	1008863	1008986	537078	537202	5.61e-39	169
CP043556.1	CP046746.1	89.474	133	14	0	1060223	1060355	537079	537211	5.61e-39	169
CP043556.1	CP046746.1	91.200	125	9	2	1054976	1055098	538048	538172	5.61e-39	169
CP043556.1	CP046746.1	91.200	125	10	1	953651	953774	538049	538173	5.61e-39	169
CP043556.1	CP046746.1	91.200	125	10	1	1037047	1037170	538050	538174	5.61e-39	169
CP043556.1	CP046746.1	91.129	124	11	0	1011815	1011938	538051	538174	5.61e-39	169
CP043556.1	CP046746.1	91.200	125	10	1	1046761	1046884	538610	538734	5.61e-39	169
CP043556.1	CP046746.1	90.698	129	9	3	991601	991727	538611	538738	5.61e-39	169
CP043556.1	CP046746.1	91.200	125	10	1	1033967	1034090	538611	538735	5.61e-39	169
CP043556.1	CP046746.1	91.129	124	11	0	964311	964434	538734	538611	5.61e-39	169
CP043556.1	CP046746.1	91.200	125	9	2	992604	992727	538611	538734	5.61e-39	169
CP043556.1	CP046746.1	88.194	144	14	3	977983	978125	538753	538612	5.61e-39	169
CP043556.1	CP046746.1	90.625	128	10	2	1062316	1062442	538612	538738	5.61e-39	169
CP043556.1	CP046746.1	90.551	127	12	0	1070304	1070430	538612	538738	5.61e-39	169
CP043556.1	CP046746.1	91.803	122	8	2	1054979	1055098	538612	538733	5.61e-39	169
CP043556.1	CP046746.1	91.200	125	10	1	1061806	1061929	539148	539272	5.61e-39	169
CP043556.1	CP046746.1	91.129	124	11	0	1011815	1011938	539769	539892	5.61e-39	169
CP043556.1	CP046746.1	89.286	140	8	6	1055574	1055709	540290	540426	5.61e-39	169
CP043556.1	CP046746.1	90.625	128	11	1	1040149	1040275	540957	541084	5.61e-39	169
CP043556.1	CP046746.1	90.625	128	11	1	961885	962011	541085	540958	5.61e-39	169
CP043556.1	CP046746.1	91.200	125	10	1	997763	997886	540960	541084	5.61e-39	169
CP043556.1	CP046746.1	91.200	125	10	1	1024231	1024354	540960	541084	5.61e-39	169
CP043556.1	CP046746.1	91.129	124	11	0	988941	989064	540960	541083	5.61e-39	169
CP043556.1	CP046746.1	91.129	124	11	0	1005857	1005980	540960	541083	5.61e-39	169
CP043556.1	CP046746.1	90.551	127	12	0	1042049	1042175	542567	542693	5.61e-39	169
CP043556.1	CP046746.1	91.129	124	11	0	1016477	1016600	542567	542690	5.61e-39	169
CP043556.1	CP046746.1	91.200	125	10	1	961886	962009	542692	542568	5.61e-39	169
CP043556.1	CP046746.1	88.571	140	15	1	661045	661184	696853	696991	5.61e-39	169
CP043556.1	CP046746.1	91.129	124	11	0	924422	924545	728219	728096	5.61e-39	169
CP043556.1	CP046746.1	90.551	127	12	0	148243	148369	848137	848263	5.61e-39	169
CP043556.1	CP046746.1	90.000	130	11	2	742120	742249	94861	94734	2.02e-38	167
CP043556.1	CP046746.1	90.625	128	9	1	515298	515425	190826	190702	2.02e-38	167
CP043556.1	CP046746.1	89.051	137	11	4	1055575	1055709	493101	493235	2.02e-38	167
CP043556.1	CP046746.1	91.129	124	10	1	966157	966280	493235	493113	2.02e-38	167
CP043556.1	CP046746.1	91.129	124	9	2	1062951	1063073	493113	493235	2.02e-38	167
CP043556.1	CP046746.1	90.000	130	11	1	999549	999676	493609	493738	2.02e-38	167
CP043556.1	CP046746.1	90.476	126	12	0	987899	988024	493616	493741	2.02e-38	167
CP043556.1	CP046746.1	91.129	124	10	1	1068819	1068941	493616	493739	2.02e-38	167
CP043556.1	CP046746.1	91.057	123	11	0	964311	964433	493738	493616	2.02e-38	167
CP043556.1	CP046746.1	91.057	123	11	0	1026067	1026189	493616	493738	2.02e-38	167
CP043556.1	CP046746.1	91.057	123	11	0	1035731	1035853	493616	493738	2.02e-38	167
CP043556.1	CP046746.1	91.057	123	11	0	1068336	1068458	493616	493738	2.02e-38	167
CP043556.1	CP046746.1	90.000	130	11	2	961249	961378	494277	494150	2.02e-38	167
CP043556.1	CP046746.1	91.129	124	10	1	978004	978126	497551	497428	2.02e-38	167
CP043556.1	CP046746.1	91.129	124	10	1	953652	953774	497428	497551	2.02e-38	167
CP043556.1	CP046746.1	91.057	123	11	0	964311	964433	497551	497429	2.02e-38	167
CP043556.1	CP046746.1	91.129	124	9	2	992605	992727	497429	497551	2.02e-38	167
CP043556.1	CP046746.1	91.129	124	10	1	1070303	1070426	498919	499041	2.02e-38	167
CP043556.1	CP046746.1	90.551	127	11	1	1047540	1047665	500303	500429	2.02e-38	167
CP043556.1	CP046746.1	91.129	124	9	2	1013311	1013433	500944	501066	2.02e-38	167
CP043556.1	CP046746.1	89.922	129	13	0	965582	965710	501794	501666	2.02e-38	167
CP043556.1	CP046746.1	90.551	127	11	1	990281	990406	501669	501795	2.02e-38	167
CP043556.1	CP046746.1	91.129	124	9	2	950792	950913	501672	501795	2.02e-38	167
CP043556.1	CP046746.1	91.129	124	10	1	1011280	1011402	501672	501795	2.02e-38	167
CP043556.1	CP046746.1	91.129	124	9	2	994241	994363	501672	501794	2.02e-38	167
CP043556.1	CP046746.1	91.057	123	11	0	1063760	1063882	501672	501794	2.02e-38	167
CP043556.1	CP046746.1	89.474	133	13	1	950780	950912	502293	502424	2.02e-38	167
CP043556.1	CP046746.1	89.552	134	10	4	1055578	1055710	502295	502425	2.02e-38	167
CP043556.1	CP046746.1	90.076	131	10	3	1056111	1056241	502298	502425	2.02e-38	167
CP043556.1	CP046746.1	91.129	124	10	1	961887	962010	502425	502303	2.02e-38	167
CP043556.1	CP046746.1	91.129	124	9	2	1029861	1029984	502303	502424	2.02e-38	167
CP043556.1	CP046746.1	90.000	130	11	2	999554	999683	502304	502431	2.02e-38	167
CP043556.1	CP046746.1	91.129	124	9	2	946922	947045	502304	502425	2.02e-38	167
CP043556.1	CP046746.1	91.057	123	11	0	1050635	1050757	503923	504045	2.02e-38	167
CP043556.1	CP046746.1	91.057	123	11	0	988485	988607	503924	504046	2.02e-38	167
CP043556.1	CP046746.1	90.551	127	11	1	1047538	1047663	504507	504633	2.02e-38	167
CP043556.1	CP046746.1	91.129	124	10	1	1008864	1008986	504509	504632	2.02e-38	167
CP043556.1	CP046746.1	91.129	124	10	1	971221	971343	504633	504510	2.02e-38	167
CP043556.1	CP046746.1	90.000	130	11	2	1004042	1004169	505660	505789	2.02e-38	167
CP043556.1	CP046746.1	91.129	124	10	1	953140	953263	506879	507001	2.02e-38	167
CP043556.1	CP046746.1	91.057	123	11	0	1047540	1047662	508144	508266	2.02e-38	167
CP043556.1	CP046746.1	88.571	140	13	3	950778	950915	508723	508861	2.02e-38	167
CP043556.1	CP046746.1	90.000	130	12	1	1004047	1004175	508735	508864	2.02e-38	167
CP043556.1	CP046746.1	90.551	127	11	1	994240	994366	508735	508860	2.02e-38	167
CP043556.1	CP046746.1	91.129	124	10	1	988941	989064	508736	508858	2.02e-38	167
CP043556.1	CP046746.1	91.129	124	10	1	1005857	1005980	508736	508858	2.02e-38	167
CP043556.1	CP046746.1	91.129	124	10	1	1054976	1055098	509871	509994	2.02e-38	167
CP043556.1	CP046746.1	88.028	142	15	2	964293	964433	510014	509874	2.02e-38	167
CP043556.1	CP046746.1	91.736	121	9	1	1054979	1055098	510406	510526	2.02e-38	167
CP043556.1	CP046746.1	91.129	124	10	1	1060223	1060346	511090	511212	2.02e-38	167
CP043556.1	CP046746.1	91.129	124	10	1	1011815	1011938	511091	511213	2.02e-38	167
CP043556.1	CP046746.1	91.736	121	9	1	1054979	1055098	511625	511745	2.02e-38	167
CP043556.1	CP046746.1	88.971	136	14	1	1040139	1040273	513132	513267	2.02e-38	167
CP043556.1	CP046746.1	89.474	133	13	1	1049449	1049580	513135	513267	2.02e-38	167
CP043556.1	CP046746.1	88.971	136	13	2	970786	970919	513280	513145	2.02e-38	167
CP043556.1	CP046746.1	91.129	124	10	1	984564	984686	513145	513268	2.02e-38	167
CP043556.1	CP046746.1	91.129	124	10	1	1002496	1002618	513145	513268	2.02e-38	167
CP043556.1	CP046746.1	91.129	124	10	1	1033968	1034090	513145	513268	2.02e-38	167
CP043556.1	CP046746.1	91.129	124	10	1	1037048	1037170	513145	513268	2.02e-38	167
CP043556.1	CP046746.1	91.129	124	10	1	1050636	1050758	513145	513268	2.02e-38	167
CP043556.1	CP046746.1	91.129	124	10	1	1062952	1063074	513145	513268	2.02e-38	167
CP043556.1	CP046746.1	91.129	124	9	2	967641	967763	513267	513145	2.02e-38	167
CP043556.1	CP046746.1	91.057	123	11	0	958255	958377	513267	513145	2.02e-38	167
CP043556.1	CP046746.1	91.129	124	9	2	946922	947044	513145	513267	2.02e-38	167
CP043556.1	CP046746.1	91.057	123	11	0	992605	992727	513145	513267	2.02e-38	167
CP043556.1	CP046746.1	91.057	123	11	0	1014011	1014133	513145	513267	2.02e-38	167
CP043556.1	CP046746.1	91.057	123	11	0	1042050	1042172	513145	513267	2.02e-38	167
CP043556.1	CP046746.1	91.129	124	9	2	1068336	1068458	513145	513267	2.02e-38	167
CP043556.1	CP046746.1	89.552	134	10	4	953646	953778	513815	513945	2.02e-38	167
CP043556.1	CP046746.1	91.129	124	10	1	1044935	1045057	513819	513942	2.02e-38	167
CP043556.1	CP046746.1	90.551	127	11	1	966930	967056	513945	513820	2.02e-38	167
CP043556.1	CP046746.1	91.129	124	10	1	1002496	1002618	513820	513943	2.02e-38	167
CP043556.1	CP046746.1	91.129	124	10	1	1045596	1045718	513820	513943	2.02e-38	167
CP043556.1	CP046746.1	91.129	124	10	1	1062952	1063074	513820	513943	2.02e-38	167
CP043556.1	CP046746.1	91.057	123	11	0	961251	961373	513942	513820	2.02e-38	167
CP043556.1	CP046746.1	91.057	123	11	0	1005857	1005979	513820	513942	2.02e-38	167
CP043556.1	CP046746.1	89.552	134	11	3	964311	964443	515474	515343	2.02e-38	167
CP043556.1	CP046746.1	91.057	123	11	0	1047540	1047662	515352	515474	2.02e-38	167
CP043556.1	CP046746.1	91.129	124	10	1	1011815	1011938	515353	515475	2.02e-38	167
CP043556.1	CP046746.1	90.551	127	11	1	953650	953775	517913	518039	2.02e-38	167
CP043556.1	CP046746.1	90.551	127	10	2	946920	947045	517914	518039	2.02e-38	167
CP043556.1	CP046746.1	88.028	142	15	2	1048237	1048378	519096	519235	2.02e-38	167
CP043556.1	CP046746.1	89.394	132	14	0	1037038	1037169	519104	519235	2.02e-38	167
CP043556.1	CP046746.1	90.476	126	12	0	953650	953775	519111	519236	2.02e-38	167
CP043556.1	CP046746.1	90.551	127	11	1	999551	999677	519111	519236	2.02e-38	167
CP043556.1	CP046746.1	90.551	127	11	1	1067025	1067151	519111	519236	2.02e-38	167
CP043556.1	CP046746.1	90.000	130	12	1	1067863	1067991	519113	519242	2.02e-38	167
CP043556.1	CP046746.1	90.000	130	11	2	1014010	1014139	519113	519240	2.02e-38	167
CP043556.1	CP046746.1	90.000	130	12	1	1046131	1046260	519114	519242	2.02e-38	167
CP043556.1	CP046746.1	91.129	124	10	1	992605	992728	519114	519236	2.02e-38	167
CP043556.1	CP046746.1	91.057	123	11	0	1009399	1009521	519114	519236	2.02e-38	167
CP043556.1	CP046746.1	91.129	124	10	1	1018291	1018414	519114	519236	2.02e-38	167
CP043556.1	CP046746.1	91.129	124	10	1	1026067	1026190	519114	519236	2.02e-38	167
CP043556.1	CP046746.1	91.129	124	10	1	1027846	1027969	519114	519236	2.02e-38	167
CP043556.1	CP046746.1	91.057	123	11	0	1044936	1045058	519114	519236	2.02e-38	167
CP043556.1	CP046746.1	89.474	133	12	2	1060214	1060346	521248	521378	2.02e-38	167
CP043556.1	CP046746.1	90.551	127	11	1	969045	969171	521957	521832	2.02e-38	167
CP043556.1	CP046746.1	91.129	124	9	2	948247	948369	521835	521957	2.02e-38	167
CP043556.1	CP046746.1	91.129	124	10	1	1029861	1029984	521835	521957	2.02e-38	167
CP043556.1	CP046746.1	91.057	123	11	0	1052999	1053121	521835	521957	2.02e-38	167
CP043556.1	CP046746.1	91.129	124	10	1	1049458	1049581	521836	521958	2.02e-38	167
CP043556.1	CP046746.1	91.129	124	10	1	976714	976837	522531	522409	2.02e-38	167
CP043556.1	CP046746.1	91.129	124	10	1	1061174	1061297	522409	522531	2.02e-38	167
CP043556.1	CP046746.1	90.551	127	10	2	1011815	1011940	522410	522535	2.02e-38	167
CP043556.1	CP046746.1	90.226	133	6	2	1015947	1016079	522856	522981	2.02e-38	167
CP043556.1	CP046746.1	90.076	131	10	3	994234	994363	524944	525072	2.02e-38	167
CP043556.1	CP046746.1	91.129	124	9	2	1005170	1005293	524951	525072	2.02e-38	167
CP043556.1	CP046746.1	91.129	124	9	2	1067027	1067150	524951	525072	2.02e-38	167
CP043556.1	CP046746.1	90.076	131	10	3	1030899	1031028	527503	527631	2.02e-38	167
CP043556.1	CP046746.1	90.551	127	10	2	961886	962011	527632	527507	2.02e-38	167
CP043556.1	CP046746.1	91.129	124	9	2	1011279	1011401	527508	527630	2.02e-38	167
CP043556.1	CP046746.1	91.200	125	8	3	967640	967763	527631	527509	2.02e-38	167
CP043556.1	CP046746.1	91.129	124	10	1	988941	989064	527509	527631	2.02e-38	167
CP043556.1	CP046746.1	91.129	124	9	2	1036324	1036446	527509	527631	2.02e-38	167
CP043556.1	CP046746.1	91.129	124	10	1	971221	971343	529875	529752	2.02e-38	167
CP043556.1	CP046746.1	91.129	124	10	1	1040152	1040274	529752	529875	2.02e-38	167
CP043556.1	CP046746.1	91.129	124	10	1	966934	967057	531247	531125	2.02e-38	167
CP043556.1	CP046746.1	91.129	124	9	2	1003030	1003152	531126	531248	2.02e-38	167
CP043556.1	CP046746.1	91.129	124	9	2	1004048	1004170	531126	531248	2.02e-38	167
CP043556.1	CP046746.1	91.129	124	10	1	988941	989064	533572	533694	2.02e-38	167
CP043556.1	CP046746.1	91.129	124	10	1	1049458	1049581	533572	533694	2.02e-38	167
CP043556.1	CP046746.1	90.551	127	11	1	1015389	1015515	534422	534547	2.02e-38	167
CP043556.1	CP046746.1	90.226	133	6	2	1015946	1016078	535067	535192	2.02e-38	167
CP043556.1	CP046746.1	90.551	127	11	1	1049454	1049580	535067	535192	2.02e-38	167
CP043556.1	CP046746.1	91.129	124	10	1	1044935	1045057	538611	538734	2.02e-38	167
CP043556.1	CP046746.1	91.129	124	9	2	966157	966279	538734	538612	2.02e-38	167
CP043556.1	CP046746.1	91.129	124	9	2	946922	947044	538612	538734	2.02e-38	167
CP043556.1	CP046746.1	91.057	123	11	0	999554	999676	538612	538734	2.02e-38	167
CP043556.1	CP046746.1	91.057	123	11	0	1049458	1049580	538612	538734	2.02e-38	167
CP043556.1	CP046746.1	91.129	124	9	2	1050051	1050173	538612	538734	2.02e-38	167
CP043556.1	CP046746.1	91.057	123	11	0	1056118	1056240	538612	538734	2.02e-38	167
CP043556.1	CP046746.1	91.129	124	10	1	953653	953775	539149	539272	2.02e-38	167
CP043556.1	CP046746.1	91.129	124	10	1	1010067	1010189	539768	539891	2.02e-38	167
CP043556.1	CP046746.1	91.129	124	9	2	1066409	1066532	540306	540427	2.02e-38	167
CP043556.1	CP046746.1	90.551	127	10	2	1062948	1063073	540957	541082	2.02e-38	167
CP043556.1	CP046746.1	90.476	126	12	0	1060222	1060347	542566	542691	2.02e-38	167
CP043556.1	CP046746.1	91.057	123	11	0	1011815	1011937	542568	542690	2.02e-38	167
CP043556.1	CP046746.1	90.625	128	9	1	465066	465190	696990	696863	2.02e-38	167
CP043556.1	CP046746.1	90.551	127	11	1	924419	924545	845610	845735	2.02e-38	167
CP043556.1	CP046746.1	94.393	107	6	0	62364	62470	140448	140342	7.25e-38	165
CP043556.1	CP046746.1	90.551	127	9	1	397274	397400	190826	190703	7.25e-38	165
CP043556.1	CP046746.1	89.844	128	13	0	515297	515424	191704	191577	7.25e-38	165
CP043556.1	CP046746.1	91.057	123	9	2	836546	836666	310646	310524	7.25e-38	165
CP043556.1	CP046746.1	91.057	123	9	2	971222	971343	493235	493114	7.25e-38	165
CP043556.1	CP046746.1	91.057	123	9	2	1040152	1040273	493114	493235	7.25e-38	165
CP043556.1	CP046746.1	90.000	130	9	3	983388	983513	493609	493738	7.25e-38	165
CP043556.1	CP046746.1	89.394	132	13	1	1018793	1018924	493616	493746	7.25e-38	165
CP043556.1	CP046746.1	91.057	123	10	1	997763	997884	493616	493738	7.25e-38	165
CP043556.1	CP046746.1	91.057	123	10	1	1001967	1002088	493616	493738	7.25e-38	165
CP043556.1	CP046746.1	91.057	123	10	1	1007142	1007263	493616	493738	7.25e-38	165
CP043556.1	CP046746.1	91.057	123	10	1	1009399	1009520	493616	493738	7.25e-38	165
CP043556.1	CP046746.1	91.057	123	10	1	1043189	1043310	493616	493738	7.25e-38	165
CP043556.1	CP046746.1	91.057	123	10	1	1053000	1053121	493616	493738	7.25e-38	165
CP043556.1	CP046746.1	91.057	123	10	1	1057730	1057851	493616	493738	7.25e-38	165
CP043556.1	CP046746.1	91.057	123	9	2	987365	987486	494154	494275	7.25e-38	165
CP043556.1	CP046746.1	91.057	123	9	2	1008865	1008986	494154	494275	7.25e-38	165
CP043556.1	CP046746.1	90.476	126	11	1	1067861	1067985	497426	497551	7.25e-38	165
CP043556.1	CP046746.1	91.057	123	10	1	961888	962009	497551	497429	7.25e-38	165
CP043556.1	CP046746.1	89.922	129	12	1	1049454	1049582	498916	499043	7.25e-38	165
CP043556.1	CP046746.1	89.922	129	12	1	950792	950919	498920	499048	7.25e-38	165
CP043556.1	CP046746.1	91.057	123	10	1	1011815	1011937	498920	499041	7.25e-38	165
CP043556.1	CP046746.1	90.984	122	11	0	1033968	1034089	498920	499041	7.25e-38	165
CP043556.1	CP046746.1	90.476	126	11	1	953652	953776	499547	499672	7.25e-38	165
CP043556.1	CP046746.1	89.552	134	8	2	1015947	1016080	500301	500428	7.25e-38	165
CP043556.1	CP046746.1	91.057	123	9	2	950792	950912	500304	500426	7.25e-38	165
CP043556.1	CP046746.1	90.476	126	11	1	1002494	1002618	501670	501795	7.25e-38	165
CP043556.1	CP046746.1	89.922	129	11	2	963781	963909	502424	502298	7.25e-38	165
CP043556.1	CP046746.1	89.922	129	11	2	962718	962846	502424	502298	7.25e-38	165
CP043556.1	CP046746.1	91.057	123	10	1	1004047	1004169	502303	502424	7.25e-38	165
CP043556.1	CP046746.1	91.057	123	9	2	1048256	1048378	502304	502424	7.25e-38	165
CP043556.1	CP046746.1	89.394	132	13	1	1060217	1060348	503917	504047	7.25e-38	165
CP043556.1	CP046746.1	90.400	125	12	0	1047539	1047663	503922	504046	7.25e-38	165
CP043556.1	CP046746.1	90.476	126	11	1	1005856	1005981	503923	504047	7.25e-38	165
CP043556.1	CP046746.1	91.057	123	9	2	1054978	1055098	504509	504631	7.25e-38	165
CP043556.1	CP046746.1	91.057	123	9	2	950792	950912	504510	504632	7.25e-38	165
CP043556.1	CP046746.1	90.984	122	11	0	971222	971343	505251	505130	7.25e-38	165
CP043556.1	CP046746.1	91.129	124	8	3	994241	994363	505130	505251	7.25e-38	165
CP043556.1	CP046746.1	91.057	123	9	2	1040152	1040273	505130	505251	7.25e-38	165
CP043556.1	CP046746.1	91.057	123	9	2	1046763	1046884	505130	505251	7.25e-38	165
CP043556.1	CP046746.1	90.984	122	11	0	963781	963902	505789	505668	7.25e-38	165
CP043556.1	CP046746.1	90.984	122	11	0	962718	962839	505789	505668	7.25e-38	165
CP043556.1	CP046746.1	91.057	123	10	1	1066409	1066531	505668	505789	7.25e-38	165
CP043556.1	CP046746.1	91.057	123	10	1	1011815	1011937	506305	506426	7.25e-38	165
CP043556.1	CP046746.1	89.922	129	12	1	961887	962014	507001	506873	7.25e-38	165
CP043556.1	CP046746.1	91.129	124	8	3	982753	982874	506879	507001	7.25e-38	165
CP043556.1	CP046746.1	90.984	122	11	0	1003030	1003151	506879	507000	7.25e-38	165
CP043556.1	CP046746.1	91.057	123	10	1	1011815	1011937	506879	507000	7.25e-38	165
CP043556.1	CP046746.1	91.057	123	10	1	1017755	1017877	506879	507000	7.25e-38	165
CP043556.1	CP046746.1	88.489	139	13	3	1037037	1037172	508723	508861	7.25e-38	165
CP043556.1	CP046746.1	89.922	129	11	2	1011814	1011941	508735	508862	7.25e-38	165
CP043556.1	CP046746.1	90.476	126	11	1	992604	992729	508735	508859	7.25e-38	165
CP043556.1	CP046746.1	90.400	125	12	0	1047541	1047665	508736	508860	7.25e-38	165
CP043556.1	CP046746.1	90.984	122	11	0	963781	963902	508857	508736	7.25e-38	165
CP043556.1	CP046746.1	90.984	122	11	0	962718	962839	508857	508736	7.25e-38	165
CP043556.1	CP046746.1	90.152	132	6	2	1015949	1016080	511624	511748	7.25e-38	165
CP043556.1	CP046746.1	90.984	122	11	0	961888	962009	512361	512240	7.25e-38	165
CP043556.1	CP046746.1	91.057	123	10	1	946426	946548	512240	512361	7.25e-38	165
CP043556.1	CP046746.1	89.844	128	13	0	1066405	1066532	513141	513268	7.25e-38	165
CP043556.1	CP046746.1	90.400	125	12	0	1070304	1070428	513145	513269	7.25e-38	165
CP043556.1	CP046746.1	91.057	123	10	1	1024231	1024352	513145	513267	7.25e-38	165
CP043556.1	CP046746.1	91.057	123	10	1	1046763	1046884	513145	513267	7.25e-38	165
CP043556.1	CP046746.1	91.057	123	10	1	1055588	1055709	513145	513267	7.25e-38	165
CP043556.1	CP046746.1	91.057	123	10	1	1062316	1062437	513145	513267	7.25e-38	165
CP043556.1	CP046746.1	91.057	123	10	1	1067555	1067676	513145	513267	7.25e-38	165
CP043556.1	CP046746.1	90.476	126	11	1	961888	962012	513942	513817	7.25e-38	165
CP043556.1	CP046746.1	90.400	125	12	0	992603	992727	513818	513942	7.25e-38	165
CP043556.1	CP046746.1	88.971	136	12	3	970786	970919	513954	513820	7.25e-38	165
CP043556.1	CP046746.1	91.057	123	10	1	997763	997884	513820	513942	7.25e-38	165
CP043556.1	CP046746.1	91.057	123	10	1	1036324	1036445	513820	513942	7.25e-38	165
CP043556.1	CP046746.1	91.057	123	10	1	1043189	1043310	513820	513942	7.25e-38	165
CP043556.1	CP046746.1	91.057	123	10	1	1047541	1047662	513820	513942	7.25e-38	165
CP043556.1	CP046746.1	89.474	133	10	4	953646	953777	514711	514840	7.25e-38	165
CP043556.1	CP046746.1	89.474	133	10	4	1061175	1061306	514716	514845	7.25e-38	165
CP043556.1	CP046746.1	91.057	123	10	1	1018793	1018915	514716	514837	7.25e-38	165
CP043556.1	CP046746.1	91.057	123	9	2	1050636	1050757	514716	514837	7.25e-38	165
CP043556.1	CP046746.1	89.922	129	12	1	988479	988606	515346	515474	7.25e-38	165
CP043556.1	CP046746.1	91.057	123	10	1	950792	950913	515353	515475	7.25e-38	165
CP043556.1	CP046746.1	91.057	123	10	1	994241	994363	515353	515474	7.25e-38	165
CP043556.1	CP046746.1	88.806	134	15	0	1066398	1066531	517905	518038	7.25e-38	165
CP043556.1	CP046746.1	89.922	129	11	2	967639	967766	518040	517913	7.25e-38	165
CP043556.1	CP046746.1	90.476	126	11	1	1010066	1010190	517914	518039	7.25e-38	165
CP043556.1	CP046746.1	90.476	126	11	1	1062314	1062438	517914	518039	7.25e-38	165
CP043556.1	CP046746.1	91.057	123	9	2	950792	950912	518515	518637	7.25e-38	165
CP043556.1	CP046746.1	90.400	125	12	0	973008	973132	519236	519112	7.25e-38	165
CP043556.1	CP046746.1	90.400	125	12	0	997761	997885	519112	519236	7.25e-38	165
CP043556.1	CP046746.1	90.400	125	12	0	1008329	1008453	519112	519236	7.25e-38	165
CP043556.1	CP046746.1	90.400	125	12	0	1010066	1010190	519112	519236	7.25e-38	165
CP043556.1	CP046746.1	90.400	125	12	0	1054447	1054571	519112	519236	7.25e-38	165
CP043556.1	CP046746.1	91.057	123	10	1	987899	988021	519114	519235	7.25e-38	165
CP043556.1	CP046746.1	91.057	123	10	1	1012805	1012927	519114	519235	7.25e-38	165
CP043556.1	CP046746.1	91.057	123	10	1	1015389	1015511	519114	519235	7.25e-38	165
CP043556.1	CP046746.1	91.057	123	10	1	1029862	1029984	519114	519235	7.25e-38	165
CP043556.1	CP046746.1	91.057	123	10	1	1037895	1038017	519114	519235	7.25e-38	165
CP043556.1	CP046746.1	91.057	123	9	2	971222	971343	519842	519721	7.25e-38	165
CP043556.1	CP046746.1	91.057	123	10	1	1047541	1047662	521256	521378	7.25e-38	165
CP043556.1	CP046746.1	88.889	135	14	1	1005161	1005295	521826	521959	7.25e-38	165
CP043556.1	CP046746.1	89.922	129	12	1	1067027	1067155	521835	521962	7.25e-38	165
CP043556.1	CP046746.1	90.400	125	12	0	961886	962010	521959	521835	7.25e-38	165
CP043556.1	CP046746.1	90.476	126	11	1	1023645	1023770	521835	521959	7.25e-38	165
CP043556.1	CP046746.1	90.476	126	11	1	1030433	1030558	521835	521959	7.25e-38	165
CP043556.1	CP046746.1	91.057	123	10	1	974975	975097	521957	521836	7.25e-38	165
CP043556.1	CP046746.1	91.057	123	10	1	960066	960188	521957	521836	7.25e-38	165
CP043556.1	CP046746.1	90.984	122	11	0	990284	990405	521836	521957	7.25e-38	165
CP043556.1	CP046746.1	91.057	123	10	1	996347	996469	521836	521957	7.25e-38	165
CP043556.1	CP046746.1	91.057	123	10	1	1018793	1018915	521836	521957	7.25e-38	165
CP043556.1	CP046746.1	90.984	122	11	0	1050636	1050757	521836	521957	7.25e-38	165
CP043556.1	CP046746.1	91.057	123	10	1	1054977	1055098	522408	522530	7.25e-38	165
CP043556.1	CP046746.1	89.474	133	11	3	965582	965713	525072	524942	7.25e-38	165
CP043556.1	CP046746.1	89.474	133	10	3	953644	953774	524942	525072	7.25e-38	165
CP043556.1	CP046746.1	91.057	123	9	2	988941	989063	524952	525072	7.25e-38	165
CP043556.1	CP046746.1	91.057	123	9	2	1005857	1005979	524952	525072	7.25e-38	165
CP043556.1	CP046746.1	91.057	123	9	2	1048256	1048378	524952	525072	7.25e-38	165
CP043556.1	CP046746.1	90.152	132	6	5	1015949	1016080	526076	526200	7.25e-38	165
CP043556.1	CP046746.1	90.984	122	11	0	1050636	1050757	526077	526198	7.25e-38	165
CP043556.1	CP046746.1	91.057	123	9	2	953140	953262	526719	526839	7.25e-38	165
CP043556.1	CP046746.1	89.394	132	13	1	1048714	1048845	527505	527635	7.25e-38	165
CP043556.1	CP046746.1	88.971	136	11	4	1055588	1055722	527509	527641	7.25e-38	165
CP043556.1	CP046746.1	90.476	126	11	1	1050051	1050176	527509	527633	7.25e-38	165
CP043556.1	CP046746.1	91.057	123	10	1	1018793	1018915	527509	527630	7.25e-38	165
CP043556.1	CP046746.1	91.057	123	9	2	1032153	1032274	527509	527630	7.25e-38	165
CP043556.1	CP046746.1	91.057	123	9	2	1039763	1039884	527509	527630	7.25e-38	165
CP043556.1	CP046746.1	91.057	123	10	1	1056790	1056912	527509	527630	7.25e-38	165
CP043556.1	CP046746.1	90.476	126	11	1	1006579	1006703	528937	529062	7.25e-38	165
CP043556.1	CP046746.1	91.057	123	9	2	1054978	1055098	529751	529873	7.25e-38	165
CP043556.1	CP046746.1	90.476	126	11	1	1060222	1060347	530323	530447	7.25e-38	165
CP043556.1	CP046746.1	90.476	126	10	2	965114	965238	531248	531124	7.25e-38	165
CP043556.1	CP046746.1	90.476	126	11	1	1048254	1048379	531124	531248	7.25e-38	165
CP043556.1	CP046746.1	91.057	123	9	2	971222	971343	531247	531126	7.25e-38	165
CP043556.1	CP046746.1	91.057	123	9	2	1040152	1040273	531126	531247	7.25e-38	165
CP043556.1	CP046746.1	91.129	124	8	3	1048718	1048840	531126	531247	7.25e-38	165
CP043556.1	CP046746.1	90.476	126	11	1	964309	964434	533695	533571	7.25e-38	165
CP043556.1	CP046746.1	90.984	122	11	0	963781	963902	533693	533572	7.25e-38	165
CP043556.1	CP046746.1	90.984	122	11	0	962718	962839	533693	533572	7.25e-38	165
CP043556.1	CP046746.1	91.057	123	10	1	1010740	1010862	533572	533693	7.25e-38	165
CP043556.1	CP046746.1	90.984	122	11	0	1025533	1025654	533572	533693	7.25e-38	165
CP043556.1	CP046746.1	91.057	123	10	1	1048256	1048378	533572	533693	7.25e-38	165
CP043556.1	CP046746.1	89.922	129	12	1	1033968	1034095	534422	534550	7.25e-38	165
CP043556.1	CP046746.1	91.057	123	10	1	1012805	1012927	534422	534543	7.25e-38	165
CP043556.1	CP046746.1	91.057	123	10	1	1034725	1034847	534422	534543	7.25e-38	165
CP043556.1	CP046746.1	91.057	123	10	1	1051170	1051292	534422	534543	7.25e-38	165
CP043556.1	CP046746.1	91.057	123	9	2	971222	971343	535192	535071	7.25e-38	165
CP043556.1	CP046746.1	91.057	123	10	1	1040152	1040273	535977	536099	7.25e-38	165
CP043556.1	CP046746.1	91.129	124	8	2	1055588	1055709	535977	536099	7.25e-38	165
CP043556.1	CP046746.1	91.057	123	10	1	1062316	1062437	535977	536099	7.25e-38	165
CP043556.1	CP046746.1	89.922	129	11	2	962712	962839	538739	538612	7.25e-38	165
CP043556.1	CP046746.1	91.057	123	10	1	1024231	1024352	538612	538734	7.25e-38	165
CP043556.1	CP046746.1	90.076	131	7	2	1015949	1016079	539148	539272	7.25e-38	165
CP043556.1	CP046746.1	91.057	123	10	1	1006582	1006703	539149	539271	7.25e-38	165
CP043556.1	CP046746.1	90.551	127	8	4	1062316	1062441	540306	540429	7.25e-38	165
CP043556.1	CP046746.1	91.129	124	8	3	1006582	1006704	540306	540427	7.25e-38	165
CP043556.1	CP046746.1	91.129	124	7	4	967641	967763	540426	540306	7.25e-38	165
CP043556.1	CP046746.1	89.922	129	12	1	988482	988609	540957	541085	7.25e-38	165
CP043556.1	CP046746.1	89.922	129	11	2	978002	978129	541084	540957	7.25e-38	165
CP043556.1	CP046746.1	90.400	125	12	0	1042050	1042174	540960	541084	7.25e-38	165
CP043556.1	CP046746.1	91.057	123	10	1	963781	963902	541082	540960	7.25e-38	165
CP043556.1	CP046746.1	91.057	123	10	1	962718	962839	541082	540960	7.25e-38	165
CP043556.1	CP046746.1	91.057	123	10	1	990284	990405	540960	541082	7.25e-38	165
CP043556.1	CP046746.1	91.057	123	10	1	1002496	1002617	540960	541082	7.25e-38	165
CP043556.1	CP046746.1	91.057	123	10	1	1050636	1050757	540960	541082	7.25e-38	165
CP043556.1	CP046746.1	90.476	126	11	1	883425	883550	682174	682050	7.25e-38	165
CP043556.1	CP046746.1	90.400	125	12	0	62346	62470	728094	728218	7.25e-38	165
CP043556.1	CP046746.1	90.400	125	12	0	471946	472070	728095	728219	7.25e-38	165
CP043556.1	CP046746.1	90.984	122	11	0	62349	62470	757696	757817	7.25e-38	165
CP043556.1	CP046746.1	89.922	129	12	1	836539	836666	989008	988880	7.25e-38	165
CP043556.1	CP046746.1	90.000	130	9	4	883425	883552	988880	989007	7.25e-38	165
CP043556.1	CP046746.1	90.323	124	12	0	273955	274078	183948	183825	2.61e-37	163
CP043556.1	CP046746.1	90.909	121	11	0	62351	62471	310648	310528	2.61e-37	163
CP043556.1	CP046746.1	89.231	130	14	0	690017	690146	327388	327517	2.61e-37	163
CP043556.1	CP046746.1	90.400	125	10	2	1006580	1006703	493112	493235	2.61e-37	163
CP043556.1	CP046746.1	88.406	138	12	3	1008318	1008452	493602	493738	2.61e-37	163
CP043556.1	CP046746.1	88.406	138	12	3	1054436	1054570	493602	493738	2.61e-37	163
CP043556.1	CP046746.1	86.755	151	15	4	977983	978130	493757	493609	2.61e-37	163
CP043556.1	CP046746.1	88.889	135	11	3	975608	975739	493742	493609	2.61e-37	163
CP043556.1	CP046746.1	89.844	128	12	1	1030434	1030561	493616	493742	2.61e-37	163
CP043556.1	CP046746.1	89.313	131	13	1	1070304	1070434	494154	494283	2.61e-37	163
CP043556.1	CP046746.1	90.323	124	12	0	1060224	1060347	495641	495764	2.61e-37	163
CP043556.1	CP046746.1	90.323	124	12	0	1043929	1044052	496728	496851	2.61e-37	163
CP043556.1	CP046746.1	89.844	128	12	1	1047539	1047665	499546	499673	2.61e-37	163
CP043556.1	CP046746.1	90.400	125	10	2	971220	971343	501067	500944	2.61e-37	163
CP043556.1	CP046746.1	89.764	127	13	0	944551	944677	501668	501794	2.61e-37	163
CP043556.1	CP046746.1	90.400	125	11	1	977224	977347	501794	501670	2.61e-37	163
CP043556.1	CP046746.1	89.394	132	11	3	982753	982881	501672	501803	2.61e-37	163
CP043556.1	CP046746.1	88.889	135	12	3	994230	994364	502294	502425	2.61e-37	163
CP043556.1	CP046746.1	90.400	125	10	2	967639	967763	502426	502304	2.61e-37	163
CP043556.1	CP046746.1	90.400	125	10	2	1014011	1014135	502304	502426	2.61e-37	163
CP043556.1	CP046746.1	90.984	122	10	1	965115	965236	502424	502304	2.61e-37	163
CP043556.1	CP046746.1	90.323	124	12	0	1006580	1006703	503922	504045	2.61e-37	163
CP043556.1	CP046746.1	90.984	122	10	1	1054978	1055098	503923	504044	2.61e-37	163
CP043556.1	CP046746.1	90.400	125	10	2	971220	971343	506428	506305	2.61e-37	163
CP043556.1	CP046746.1	90.400	125	11	1	1048254	1048378	506877	507000	2.61e-37	163
CP043556.1	CP046746.1	90.400	125	11	1	944554	944678	506878	507001	2.61e-37	163
CP043556.1	CP046746.1	90.400	125	11	1	1050050	1050174	506878	507001	2.61e-37	163
CP043556.1	CP046746.1	90.400	125	11	1	1048718	1048842	506879	507002	2.61e-37	163
CP043556.1	CP046746.1	88.489	139	11	5	1053702	1053837	507494	507630	2.61e-37	163
CP043556.1	CP046746.1	90.323	124	12	0	988485	988608	507506	507629	2.61e-37	163
CP043556.1	CP046746.1	90.400	125	11	1	1068334	1068458	512238	512361	2.61e-37	163
CP043556.1	CP046746.1	91.057	123	8	3	982753	982873	512240	512361	2.61e-37	163
CP043556.1	CP046746.1	89.313	131	13	1	1025527	1025656	513139	513269	2.61e-37	163
CP043556.1	CP046746.1	89.764	127	13	0	1060220	1060346	513141	513267	2.61e-37	163
CP043556.1	CP046746.1	90.400	125	11	1	991602	991725	513145	513269	2.61e-37	163
CP043556.1	CP046746.1	90.323	124	12	0	1061175	1061298	513145	513268	2.61e-37	163
CP043556.1	CP046746.1	90.984	122	9	2	1054979	1055098	513145	513266	2.61e-37	163
CP043556.1	CP046746.1	90.400	125	11	1	963779	963902	513944	513820	2.61e-37	163
CP043556.1	CP046746.1	89.844	128	11	2	1070304	1070430	514716	514842	2.61e-37	163
CP043556.1	CP046746.1	90.476	126	9	3	1050051	1050175	514716	514839	2.61e-37	163
CP043556.1	CP046746.1	90.400	125	10	2	1058411	1058534	514716	514839	2.61e-37	163
CP043556.1	CP046746.1	90.400	125	11	1	1068336	1068460	514716	514839	2.61e-37	163
CP043556.1	CP046746.1	88.652	141	7	4	1015942	1016080	517269	517402	2.61e-37	163
CP043556.1	CP046746.1	90.400	125	11	1	1060223	1060347	517278	517401	2.61e-37	163
CP043556.1	CP046746.1	89.922	129	10	3	1017751	1017877	517911	518038	2.61e-37	163
CP043556.1	CP046746.1	90.400	125	11	1	1067863	1067986	517915	518039	2.61e-37	163
CP043556.1	CP046746.1	89.844	128	12	1	967639	967766	519237	519111	2.61e-37	163
CP043556.1	CP046746.1	90.400	125	11	1	960066	960190	519235	519112	2.61e-37	163
CP043556.1	CP046746.1	90.400	125	11	1	1010738	1010862	519112	519235	2.61e-37	163
CP043556.1	CP046746.1	90.400	125	11	1	1018791	1018915	519112	519235	2.61e-37	163
CP043556.1	CP046746.1	90.323	124	12	0	1025531	1025654	519112	519235	2.61e-37	163
CP043556.1	CP046746.1	90.400	125	11	1	1035731	1035855	519114	519237	2.61e-37	163
CP043556.1	CP046746.1	88.806	134	13	2	965115	965246	521957	521824	2.61e-37	163
CP043556.1	CP046746.1	88.806	134	13	2	977223	977354	521958	521825	2.61e-37	163
CP043556.1	CP046746.1	89.394	132	11	3	972577	972708	521959	521831	2.61e-37	163
CP043556.1	CP046746.1	89.764	127	13	0	1046759	1046885	521832	521958	2.61e-37	163
CP043556.1	CP046746.1	90.323	124	12	0	978002	978125	521959	521836	2.61e-37	163
CP043556.1	CP046746.1	90.400	125	11	1	965580	965704	521959	521836	2.61e-37	163
CP043556.1	CP046746.1	90.476	126	9	3	946922	947046	521836	521959	2.61e-37	163
CP043556.1	CP046746.1	90.400	125	10	2	997763	997886	521836	521959	2.61e-37	163
CP043556.1	CP046746.1	90.400	125	10	2	1043189	1043312	521836	521959	2.61e-37	163
CP043556.1	CP046746.1	90.400	125	11	1	1068336	1068460	521836	521959	2.61e-37	163
CP043556.1	CP046746.1	88.889	135	12	3	996336	996469	522399	522531	2.61e-37	163
CP043556.1	CP046746.1	90.400	125	11	1	1048254	1048378	522408	522531	2.61e-37	163
CP043556.1	CP046746.1	89.922	129	9	3	1006581	1006707	522409	522535	2.61e-37	163
CP043556.1	CP046746.1	90.400	125	11	1	1060223	1060347	522409	522532	2.61e-37	163
CP043556.1	CP046746.1	90.076	131	6	3	1015950	1016080	522410	522533	2.61e-37	163
CP043556.1	CP046746.1	88.889	135	11	4	1011804	1011937	524941	525072	2.61e-37	163
CP043556.1	CP046746.1	90.984	122	10	1	963781	963902	525072	524952	2.61e-37	163
CP043556.1	CP046746.1	90.984	122	10	1	962718	962839	525072	524952	2.61e-37	163
CP043556.1	CP046746.1	90.984	122	10	1	1010068	1010189	524952	525072	2.61e-37	163
CP043556.1	CP046746.1	90.984	122	10	1	1037048	1037169	524952	525072	2.61e-37	163
CP043556.1	CP046746.1	90.984	122	10	1	1067864	1067985	524952	525072	2.61e-37	163
CP043556.1	CP046746.1	89.844	128	11	2	1067555	1067681	527509	527635	2.61e-37	163
CP043556.1	CP046746.1	90.400	125	11	1	1056116	1056240	531124	531247	2.61e-37	163
CP043556.1	CP046746.1	87.857	140	15	2	1011815	1011954	531126	531263	2.61e-37	163
CP043556.1	CP046746.1	90.400	125	11	1	944555	944679	533572	533695	2.61e-37	163
CP043556.1	CP046746.1	90.400	125	11	1	1042050	1042174	533572	533695	2.61e-37	163
CP043556.1	CP046746.1	90.400	125	11	1	1049457	1049581	534421	534544	2.61e-37	163
CP043556.1	CP046746.1	90.323	124	12	0	988485	988608	534422	534545	2.61e-37	163
CP043556.1	CP046746.1	90.323	124	12	0	1070304	1070427	535977	536100	2.61e-37	163
CP043556.1	CP046746.1	90.323	124	12	0	1060224	1060347	536596	536719	2.61e-37	163
CP043556.1	CP046746.1	90.323	124	12	0	1060223	1060346	538050	538173	2.61e-37	163
CP043556.1	CP046746.1	90.400	125	10	2	994240	994363	538611	538734	2.61e-37	163
CP043556.1	CP046746.1	89.844	128	11	2	1067864	1067990	538612	538738	2.61e-37	163
CP043556.1	CP046746.1	90.984	122	9	2	1054979	1055098	539149	539270	2.61e-37	163
CP043556.1	CP046746.1	90.323	124	12	0	1012804	1012927	540959	541082	2.61e-37	163
CP043556.1	CP046746.1	90.400	125	11	1	1047541	1047664	540960	541084	2.61e-37	163
CP043556.1	CP046746.1	90.476	126	9	3	1055588	1055711	540960	541084	2.61e-37	163
CP043556.1	CP046746.1	90.400	125	11	1	1067555	1067678	540960	541084	2.61e-37	163
CP043556.1	CP046746.1	90.984	122	9	2	1054979	1055098	540960	541081	2.61e-37	163
CP043556.1	CP046746.1	90.400	125	11	1	988485	988608	542568	542692	2.61e-37	163
CP043556.1	CP046746.1	90.400	125	10	2	273959	274083	682052	682174	2.61e-37	163
CP043556.1	CP046746.1	88.806	134	13	2	148243	148375	696990	696858	2.61e-37	163
CP043556.1	CP046746.1	90.400	125	11	1	62349	62473	845734	845611	2.61e-37	163
CP043556.1	CP046746.1	90.400	125	10	2	273955	274078	989007	988884	2.61e-37	163
CP043556.1	CP046746.1	89.313	131	13	1	273954	274084	1011010	1011139	2.61e-37	163
CP043556.1	CP046746.1	89.231	130	14	0	690017	690146	1011140	1011011	2.61e-37	163
CP043556.1	CP046746.1	93.519	108	7	0	742124	742231	140341	140448	9.38e-37	161
CP043556.1	CP046746.1	88.636	132	15	0	690015	690146	183817	183948	9.38e-37	161
CP043556.1	CP046746.1	89.231	130	13	1	690018	690146	310523	310652	9.38e-37	161
CP043556.1	CP046746.1	90.244	123	12	0	972579	972701	493738	493616	9.38e-37	161
CP043556.1	CP046746.1	90.244	123	12	0	965582	965704	493738	493616	9.38e-37	161
CP043556.1	CP046746.1	90.244	123	12	0	992605	992727	493616	493738	9.38e-37	161
CP043556.1	CP046746.1	90.244	123	12	0	1005171	1005293	493616	493738	9.38e-37	161
CP043556.1	CP046746.1	90.244	123	12	0	1014011	1014133	493616	493738	9.38e-37	161
CP043556.1	CP046746.1	90.244	123	12	0	1042050	1042172	493616	493738	9.38e-37	161
CP043556.1	CP046746.1	90.244	123	12	0	1063760	1063882	493616	493738	9.38e-37	161
CP043556.1	CP046746.1	89.844	128	10	3	950791	950915	495640	495767	9.38e-37	161
CP043556.1	CP046746.1	89.844	128	10	3	1053715	1053839	495641	495768	9.38e-37	161
CP043556.1	CP046746.1	90.833	120	11	0	1017222	1017341	496731	496850	9.38e-37	161
CP043556.1	CP046746.1	90.323	124	11	1	1010067	1010189	497428	497551	9.38e-37	161
CP043556.1	CP046746.1	89.313	131	11	3	953140	953269	497429	497557	9.38e-37	161
CP043556.1	CP046746.1	90.323	124	10	2	971221	971343	499042	498920	9.38e-37	161
CP043556.1	CP046746.1	89.764	127	11	2	1054974	1055098	499543	499669	9.38e-37	161
CP043556.1	CP046746.1	89.147	129	14	0	1060219	1060347	500299	500427	9.38e-37	161
CP043556.1	CP046746.1	90.244	123	12	0	1005171	1005293	501672	501794	9.38e-37	161
CP043556.1	CP046746.1	90.400	125	9	3	971221	971344	502425	502303	9.38e-37	161
CP043556.1	CP046746.1	90.323	124	11	1	996346	996469	506878	507000	9.38e-37	161
CP043556.1	CP046746.1	90.323	124	11	1	1061174	1061297	506878	507000	9.38e-37	161
CP043556.1	CP046746.1	90.323	124	11	1	1066408	1066531	506878	507000	9.38e-37	161
CP043556.1	CP046746.1	90.000	130	6	2	1015950	1016079	506879	507001	9.38e-37	161
CP043556.1	CP046746.1	90.323	124	10	2	1061807	1061929	506879	507001	9.38e-37	161
CP043556.1	CP046746.1	90.323	124	11	1	1060223	1060346	508144	508266	9.38e-37	161
CP043556.1	CP046746.1	90.909	121	10	1	1054979	1055098	508736	508856	9.38e-37	161
CP043556.1	CP046746.1	89.844	128	10	3	971222	971347	509995	509869	9.38e-37	161
CP043556.1	CP046746.1	89.764	127	11	2	994238	994363	509870	509995	9.38e-37	161
CP043556.1	CP046746.1	90.244	123	12	0	1047540	1047662	509873	509995	9.38e-37	161
CP043556.1	CP046746.1	87.857	140	14	3	1061807	1061945	509874	510011	9.38e-37	161
CP043556.1	CP046746.1	90.323	124	11	1	1060224	1060347	510406	510528	9.38e-37	161
CP043556.1	CP046746.1	89.474	133	7	4	1015946	1016078	511087	511212	9.38e-37	161
CP043556.1	CP046746.1	87.857	140	13	2	1060210	1060346	512223	512361	9.38e-37	161
CP043556.1	CP046746.1	87.857	140	13	3	1049441	1049580	512226	512361	9.38e-37	161
CP043556.1	CP046746.1	89.764	127	11	2	953653	953778	513145	513270	9.38e-37	161
CP043556.1	CP046746.1	90.244	123	12	0	966157	966279	513267	513145	9.38e-37	161
CP043556.1	CP046746.1	90.244	123	12	0	964311	964433	513267	513145	9.38e-37	161
CP043556.1	CP046746.1	90.244	123	12	0	1005857	1005979	513145	513267	9.38e-37	161
CP043556.1	CP046746.1	90.244	123	12	0	1050051	1050173	513145	513267	9.38e-37	161
CP043556.1	CP046746.1	89.764	127	12	1	1033965	1034090	513817	513943	9.38e-37	161
CP043556.1	CP046746.1	90.244	123	12	0	1042050	1042172	513820	513942	9.38e-37	161
CP043556.1	CP046746.1	90.244	123	12	0	1049458	1049580	513820	513942	9.38e-37	161
CP043556.1	CP046746.1	89.844	128	10	3	963777	963902	514842	514716	9.38e-37	161
CP043556.1	CP046746.1	90.323	124	10	2	1069393	1069515	514716	514838	9.38e-37	161
CP043556.1	CP046746.1	87.857	140	14	2	1049443	1049582	519101	519237	9.38e-37	161
CP043556.1	CP046746.1	88.722	133	14	1	977997	978128	519243	519111	9.38e-37	161
CP043556.1	CP046746.1	90.323	124	11	1	946426	946549	519114	519236	9.38e-37	161
CP043556.1	CP046746.1	90.244	123	12	0	988485	988607	519114	519236	9.38e-37	161
CP043556.1	CP046746.1	90.323	124	11	1	1063760	1063883	519114	519236	9.38e-37	161
CP043556.1	CP046746.1	89.231	130	12	2	950792	950920	519721	519849	9.38e-37	161
CP043556.1	CP046746.1	88.235	136	14	2	1033955	1034089	521823	521957	9.38e-37	161
CP043556.1	CP046746.1	90.323	124	11	1	967640	967763	521958	521836	9.38e-37	161
CP043556.1	CP046746.1	90.323	124	11	1	988941	989064	521836	521958	9.38e-37	161
CP043556.1	CP046746.1	90.323	124	11	1	1005857	1005980	521836	521958	9.38e-37	161
CP043556.1	CP046746.1	89.764	127	12	1	1056116	1056242	522408	522533	9.38e-37	161
CP043556.1	CP046746.1	90.323	124	11	1	1066408	1066531	522409	522531	9.38e-37	161
CP043556.1	CP046746.1	88.235	136	14	2	1025519	1025654	524939	525072	9.38e-37	161
CP043556.1	CP046746.1	88.889	135	10	5	971222	971354	525072	524941	9.38e-37	161
CP043556.1	CP046746.1	88.321	137	12	4	1062945	1063080	527503	527636	9.38e-37	161
CP043556.1	CP046746.1	90.323	124	10	2	1003029	1003151	527508	527630	9.38e-37	161
CP043556.1	CP046746.1	90.323	124	10	2	1069393	1069515	527509	527631	9.38e-37	161
CP043556.1	CP046746.1	90.323	124	11	1	988485	988607	529752	529875	9.38e-37	161
CP043556.1	CP046746.1	90.323	124	11	1	1012804	1012927	533571	533693	9.38e-37	161
CP043556.1	CP046746.1	90.244	123	12	0	1033967	1034089	533571	533693	9.38e-37	161
CP043556.1	CP046746.1	90.323	124	11	1	1062952	1063074	535977	536100	9.38e-37	161
CP043556.1	CP046746.1	88.889	135	9	1	1015948	1016082	536594	536722	9.38e-37	161
CP043556.1	CP046746.1	90.323	124	11	1	1047540	1047662	538050	538173	9.38e-37	161
CP043556.1	CP046746.1	90.244	123	12	0	953140	953262	538051	538173	9.38e-37	161
CP043556.1	CP046746.1	90.323	124	11	1	988484	988606	538611	538734	9.38e-37	161
CP043556.1	CP046746.1	90.400	125	9	3	1013310	1013432	538611	538734	9.38e-37	161
CP043556.1	CP046746.1	90.323	124	11	1	1047541	1047663	539149	539272	9.38e-37	161
CP043556.1	CP046746.1	88.722	133	14	1	661052	661184	988876	989007	9.38e-37	161
CP043556.1	CP046746.1	89.313	131	10	3	742121	742249	988880	989008	9.38e-37	161
CP043556.1	CP046746.1	90.244	123	12	0	62351	62473	1011015	1011137	9.38e-37	161
CP043556.1	CP046746.1	93.458	107	7	0	690023	690129	140342	140448	3.37e-36	159
CP043556.1	CP046746.1	93.458	107	7	0	273972	274078	140448	140342	3.37e-36	159
CP043556.1	CP046746.1	89.600	125	13	0	62349	62473	156216	156092	3.37e-36	159
CP043556.1	CP046746.1	86.395	147	18	2	397273	397417	191704	191558	3.37e-36	159
CP043556.1	CP046746.1	89.147	129	12	2	742121	742248	327390	327517	3.37e-36	159
CP043556.1	CP046746.1	90.323	124	9	3	994241	994363	493114	493235	3.37e-36	159
CP043556.1	CP046746.1	89.231	130	11	2	1030901	1031027	493609	493738	3.37e-36	159
CP043556.1	CP046746.1	89.683	126	12	1	990284	990408	493616	493741	3.37e-36	159
CP043556.1	CP046746.1	90.244	123	11	1	973009	973130	493738	493616	3.37e-36	159
CP043556.1	CP046746.1	90.244	123	10	2	963248	963368	493738	493616	3.37e-36	159
CP043556.1	CP046746.1	90.244	123	11	1	1024231	1024352	493616	493738	3.37e-36	159
CP043556.1	CP046746.1	90.244	123	11	1	1039763	1039884	493616	493738	3.37e-36	159
CP043556.1	CP046746.1	90.244	123	11	1	1044936	1045057	493616	493738	3.37e-36	159
CP043556.1	CP046746.1	89.394	132	7	5	1015949	1016080	494153	494277	3.37e-36	159
CP043556.1	CP046746.1	90.244	123	11	1	971222	971343	497551	497429	3.37e-36	159
CP043556.1	CP046746.1	89.313	131	8	1	1015950	1016080	499548	499672	3.37e-36	159
CP043556.1	CP046746.1	87.943	141	9	6	1015944	1016084	500938	501070	3.37e-36	159
CP043556.1	CP046746.1	89.147	129	13	1	953647	953774	501666	501794	3.37e-36	159
CP043556.1	CP046746.1	89.147	129	13	1	1050631	1050758	501667	501795	3.37e-36	159
CP043556.1	CP046746.1	88.636	132	13	2	961880	962009	501803	501672	3.37e-36	159
CP043556.1	CP046746.1	90.244	123	11	1	971222	971343	501794	501672	3.37e-36	159
CP043556.1	CP046746.1	90.244	123	11	1	1047541	1047663	502304	502425	3.37e-36	159
CP043556.1	CP046746.1	90.244	123	11	1	1011815	1011937	503924	504045	3.37e-36	159
CP043556.1	CP046746.1	89.683	126	12	1	1056116	1056241	506877	507001	3.37e-36	159
CP043556.1	CP046746.1	89.683	126	11	2	1013311	1013435	506879	507003	3.37e-36	159
CP043556.1	CP046746.1	88.889	135	8	2	1015944	1016078	508139	508266	3.37e-36	159
CP043556.1	CP046746.1	90.164	122	12	0	1025533	1025654	508736	508857	3.37e-36	159
CP043556.1	CP046746.1	89.394	132	7	5	1015949	1016080	510405	510529	3.37e-36	159
CP043556.1	CP046746.1	90.244	123	11	1	1066409	1066531	510406	510527	3.37e-36	159
CP043556.1	CP046746.1	88.406	138	9	2	1015941	1016078	512231	512361	3.37e-36	159
CP043556.1	CP046746.1	90.244	123	11	1	1061807	1061928	513145	513267	3.37e-36	159
CP043556.1	CP046746.1	89.683	126	11	2	971220	971344	514839	514715	3.37e-36	159
CP043556.1	CP046746.1	89.764	127	10	3	994240	994365	514715	514839	3.37e-36	159
CP043556.1	CP046746.1	89.683	126	11	2	1044935	1045059	514715	514839	3.37e-36	159
CP043556.1	CP046746.1	90.244	123	11	1	950791	950912	514715	514837	3.37e-36	159
CP043556.1	CP046746.1	90.244	123	10	2	962718	962839	514837	514716	3.37e-36	159
CP043556.1	CP046746.1	90.244	123	11	1	1048256	1048378	514716	514837	3.37e-36	159
CP043556.1	CP046746.1	90.244	123	10	2	971222	971343	515474	515353	3.37e-36	159
CP043556.1	CP046746.1	90.244	123	10	2	950792	950912	516607	516729	3.37e-36	159
CP043556.1	CP046746.1	89.313	131	8	1	1015950	1016080	518515	518639	3.37e-36	159
CP043556.1	CP046746.1	89.600	125	13	0	1062949	1063073	519111	519235	3.37e-36	159
CP043556.1	CP046746.1	89.683	126	12	1	1068334	1068459	519112	519236	3.37e-36	159
CP043556.1	CP046746.1	90.244	123	10	2	948248	948369	519114	519235	3.37e-36	159
CP043556.1	CP046746.1	90.244	123	11	1	952655	952777	519114	519235	3.37e-36	159
CP043556.1	CP046746.1	88.636	132	13	2	971214	971344	521965	521835	3.37e-36	159
CP043556.1	CP046746.1	89.683	126	11	2	988484	988608	521835	521959	3.37e-36	159
CP043556.1	CP046746.1	89.683	126	12	1	992604	992729	521835	521959	3.37e-36	159
CP043556.1	CP046746.1	90.244	123	11	1	950791	950912	521835	521957	3.37e-36	159
CP043556.1	CP046746.1	90.244	123	11	1	1010740	1010862	521836	521957	3.37e-36	159
CP043556.1	CP046746.1	90.244	123	11	1	1016478	1016600	521836	521957	3.37e-36	159
CP043556.1	CP046746.1	90.164	122	12	0	1025533	1025654	521836	521957	3.37e-36	159
CP043556.1	CP046746.1	89.683	126	11	2	1061807	1061931	522410	522534	3.37e-36	159
CP043556.1	CP046746.1	90.244	123	10	2	950792	950913	526719	526840	3.37e-36	159
CP043556.1	CP046746.1	87.770	139	14	3	965099	965236	527645	527509	3.37e-36	159
CP043556.1	CP046746.1	90.244	123	10	2	956114	956235	527509	527630	3.37e-36	159
CP043556.1	CP046746.1	90.244	123	10	2	990284	990405	527509	527630	3.37e-36	159
CP043556.1	CP046746.1	90.244	123	10	2	1037048	1037169	527509	527630	3.37e-36	159
CP043556.1	CP046746.1	90.244	123	11	1	1061175	1061297	527509	527630	3.37e-36	159
CP043556.1	CP046746.1	90.244	123	10	2	950792	950912	528224	528346	3.37e-36	159
CP043556.1	CP046746.1	90.244	123	10	2	961888	962009	531247	531126	3.37e-36	159
CP043556.1	CP046746.1	90.244	123	11	1	996347	996469	533572	533693	3.37e-36	159
CP043556.1	CP046746.1	90.244	123	11	1	1011815	1011937	534422	534543	3.37e-36	159
CP043556.1	CP046746.1	90.244	123	10	2	950792	950912	537080	537202	3.37e-36	159
CP043556.1	CP046746.1	87.500	144	10	3	1015943	1016086	538044	538179	3.37e-36	159
CP043556.1	CP046746.1	88.321	137	10	1	1015942	1016078	538604	538734	3.37e-36	159
CP043556.1	CP046746.1	90.244	123	11	1	953653	953774	538612	538734	3.37e-36	159
CP043556.1	CP046746.1	90.244	123	11	1	1010068	1010189	538612	538734	3.37e-36	159
CP043556.1	CP046746.1	90.323	124	9	3	1047541	1047662	538612	538734	3.37e-36	159
CP043556.1	CP046746.1	89.600	125	13	0	1060224	1060348	539149	539273	3.37e-36	159
CP043556.1	CP046746.1	90.244	123	11	1	971222	971343	539891	539769	3.37e-36	159
CP043556.1	CP046746.1	89.683	126	12	1	1067864	1067988	540960	541085	3.37e-36	159
CP043556.1	CP046746.1	89.600	125	13	0	1066407	1066531	542566	542690	3.37e-36	159
CP043556.1	CP046746.1	90.244	123	11	1	1033968	1034089	542568	542690	3.37e-36	159
CP043556.1	CP046746.1	89.683	126	12	1	499645	499770	682050	682174	3.37e-36	159
CP043556.1	CP046746.1	89.683	126	12	1	883424	883549	985475	985351	3.37e-36	159
CP043556.1	CP046746.1	89.062	128	12	2	515297	515424	94735	94860	1.21e-35	158
CP043556.1	CP046746.1	92.035	113	8	1	883422	883534	140336	140447	1.21e-35	158
CP043556.1	CP046746.1	92.661	109	8	0	578263	578371	140450	140342	1.21e-35	158
CP043556.1	CP046746.1	88.550	131	14	1	661056	661185	310523	310653	1.21e-35	158
CP043556.1	CP046746.1	88.722	133	10	3	465062	465190	409031	408900	1.21e-35	158
CP043556.1	CP046746.1	88.550	131	14	1	661056	661185	408900	409030	1.21e-35	158
CP043556.1	CP046746.1	88.976	127	14	0	1066406	1066532	493613	493739	1.21e-35	158
CP043556.1	CP046746.1	89.062	128	12	2	976244	976370	493742	493616	1.21e-35	158
CP043556.1	CP046746.1	89.062	128	12	2	1067864	1067990	493616	493742	1.21e-35	158
CP043556.1	CP046746.1	89.516	124	13	0	996347	996470	493616	493739	1.21e-35	158
CP043556.1	CP046746.1	89.516	124	13	0	1048256	1048379	493616	493739	1.21e-35	158
CP043556.1	CP046746.1	90.164	122	10	2	1054979	1055098	493616	493737	1.21e-35	158
CP043556.1	CP046746.1	89.600	125	11	2	967641	967764	497551	497428	1.21e-35	158
CP043556.1	CP046746.1	89.062	128	13	1	1024226	1024352	501667	501794	1.21e-35	158
CP043556.1	CP046746.1	89.600	125	12	1	1067553	1067676	501670	501794	1.21e-35	158
CP043556.1	CP046746.1	89.600	125	12	1	1060222	1060346	505128	505251	1.21e-35	158
CP043556.1	CP046746.1	89.313	131	7	4	1015950	1016080	507506	507629	1.21e-35	158
CP043556.1	CP046746.1	89.600	125	12	1	1056116	1056240	512238	512361	1.21e-35	158
CP043556.1	CP046746.1	89.600	125	12	1	988483	988606	513818	513942	1.21e-35	158
CP043556.1	CP046746.1	89.516	124	13	0	1061175	1061298	513820	513943	1.21e-35	158
CP043556.1	CP046746.1	90.164	122	10	2	1054979	1055098	513820	513941	1.21e-35	158
CP043556.1	CP046746.1	89.600	125	11	2	1040152	1040275	514716	514839	1.21e-35	158
CP043556.1	CP046746.1	89.600	125	11	2	1047541	1047664	514716	514839	1.21e-35	158
CP043556.1	CP046746.1	89.683	126	9	3	1055588	1055711	514716	514839	1.21e-35	158
CP043556.1	CP046746.1	89.600	125	12	1	1056118	1056242	514716	514839	1.21e-35	158
CP043556.1	CP046746.1	90.164	122	11	1	950792	950912	517279	517400	1.21e-35	158
CP043556.1	CP046746.1	89.600	125	11	2	994241	994364	517916	518039	1.21e-35	158
CP043556.1	CP046746.1	89.516	124	13	0	965115	965238	519235	519112	1.21e-35	158
CP043556.1	CP046746.1	89.516	124	13	0	963781	963904	519235	519112	1.21e-35	158
CP043556.1	CP046746.1	89.516	124	13	0	962718	962841	519235	519112	1.21e-35	158
CP043556.1	CP046746.1	89.516	124	13	0	1008863	1008986	519112	519235	1.21e-35	158
CP043556.1	CP046746.1	89.600	125	12	1	1016476	1016600	519112	519235	1.21e-35	158
CP043556.1	CP046746.1	89.516	124	13	0	1047540	1047663	519113	519236	1.21e-35	158
CP043556.1	CP046746.1	89.516	124	13	0	995559	995682	519114	519237	1.21e-35	158
CP043556.1	CP046746.1	89.600	125	12	1	1060222	1060346	519719	519842	1.21e-35	158
CP043556.1	CP046746.1	89.683	126	10	3	982752	982875	521835	521959	1.21e-35	158
CP043556.1	CP046746.1	89.516	124	13	0	953653	953776	521836	521959	1.21e-35	158
CP043556.1	CP046746.1	89.516	124	13	0	1047541	1047664	526077	526200	1.21e-35	158
CP043556.1	CP046746.1	88.550	131	13	2	1004040	1004169	527501	527630	1.21e-35	158
CP043556.1	CP046746.1	89.600	125	11	2	1024231	1024354	527509	527632	1.21e-35	158
CP043556.1	CP046746.1	88.976	127	14	0	1060222	1060348	529750	529876	1.21e-35	158
CP043556.1	CP046746.1	90.164	122	11	1	950792	950912	530325	530446	1.21e-35	158
CP043556.1	CP046746.1	87.681	138	14	3	1068322	1068458	531112	531247	1.21e-35	158
CP043556.1	CP046746.1	88.321	137	8	3	1015945	1016080	534416	534545	1.21e-35	158
CP043556.1	CP046746.1	88.550	131	14	1	988477	988606	535969	536099	1.21e-35	158
CP043556.1	CP046746.1	88.806	134	8	4	1015949	1016082	535976	536102	1.21e-35	158
CP043556.1	CP046746.1	89.600	125	12	1	1033966	1034089	540958	541082	1.21e-35	158
CP043556.1	CP046746.1	89.516	124	13	0	1011814	1011937	540959	541082	1.21e-35	158
CP043556.1	CP046746.1	89.600	125	12	1	1010068	1010191	540960	541084	1.21e-35	158
CP043556.1	CP046746.1	95.000	100	3	2	515342	515439	111695	111596	4.36e-35	156
CP043556.1	CP046746.1	87.500	136	16	1	661054	661189	191574	191708	4.36e-35	156
CP043556.1	CP046746.1	87.970	133	14	2	946913	947044	493607	493738	4.36e-35	156
CP043556.1	CP046746.1	88.550	131	12	2	1062947	1063074	493609	493739	4.36e-35	156
CP043556.1	CP046746.1	88.976	127	13	1	1040148	1040273	493612	493738	4.36e-35	156
CP043556.1	CP046746.1	89.516	124	12	1	1033968	1034090	493616	493739	4.36e-35	156
CP043556.1	CP046746.1	89.431	123	13	0	944555	944677	493616	493738	4.36e-35	156
CP043556.1	CP046746.1	89.431	123	13	0	988941	989063	493616	493738	4.36e-35	156
CP043556.1	CP046746.1	89.431	123	13	0	1005857	1005979	493616	493738	4.36e-35	156
CP043556.1	CP046746.1	89.431	123	13	0	1067028	1067150	493616	493738	4.36e-35	156
CP043556.1	CP046746.1	89.147	129	8	1	1015950	1016078	497429	497551	4.36e-35	156
CP043556.1	CP046746.1	87.970	133	15	1	1066399	1066531	498910	499041	4.36e-35	156
CP043556.1	CP046746.1	89.516	124	11	2	1011814	1011937	502303	502424	4.36e-35	156
CP043556.1	CP046746.1	89.231	130	7	5	1015950	1016079	503924	504046	4.36e-35	156
CP043556.1	CP046746.1	89.516	124	12	1	1060224	1060347	508736	508858	4.36e-35	156
CP043556.1	CP046746.1	88.976	127	13	1	966157	966283	513942	513817	4.36e-35	156
CP043556.1	CP046746.1	89.516	124	12	1	1046762	1046884	513819	513942	4.36e-35	156
CP043556.1	CP046746.1	89.516	124	12	1	1037048	1037170	513820	513943	4.36e-35	156
CP043556.1	CP046746.1	89.431	123	13	0	1050051	1050173	513820	513942	4.36e-35	156
CP043556.1	CP046746.1	89.516	124	12	1	1011814	1011937	514715	514837	4.36e-35	156
CP043556.1	CP046746.1	89.600	125	10	3	967640	967763	514838	514716	4.36e-35	156
CP043556.1	CP046746.1	89.600	125	10	3	1061807	1061929	517916	518039	4.36e-35	156
CP043556.1	CP046746.1	87.970	133	14	2	961882	962012	519242	519110	4.36e-35	156
CP043556.1	CP046746.1	89.516	124	12	1	1070303	1070426	519113	519235	4.36e-35	156
CP043556.1	CP046746.1	88.722	133	8	2	1015950	1016082	519721	519846	4.36e-35	156
CP043556.1	CP046746.1	89.431	123	13	0	1004047	1004169	521835	521957	4.36e-35	156
CP043556.1	CP046746.1	89.516	124	11	2	1013311	1013433	522410	522532	4.36e-35	156
CP043556.1	CP046746.1	90.083	121	11	1	1054979	1055098	526077	526197	4.36e-35	156
CP043556.1	CP046746.1	88.462	130	13	2	1040148	1040276	527505	527633	4.36e-35	156
CP043556.1	CP046746.1	89.516	124	12	1	1011814	1011937	527508	527630	4.36e-35	156
CP043556.1	CP046746.1	88.976	127	13	1	1048256	1048382	527509	527634	4.36e-35	156
CP043556.1	CP046746.1	88.976	127	13	1	1068336	1068462	527509	527634	4.36e-35	156
CP043556.1	CP046746.1	89.516	124	11	2	977223	977345	527631	527509	4.36e-35	156
CP043556.1	CP046746.1	88.060	134	12	3	1053704	1053834	528214	528346	4.36e-35	156
CP043556.1	CP046746.1	89.516	124	12	1	1011814	1011937	533571	533693	4.36e-35	156
CP043556.1	CP046746.1	89.516	124	12	1	1070303	1070426	534421	534543	4.36e-35	156
CP043556.1	CP046746.1	89.516	124	12	1	971222	971344	538734	538611	4.36e-35	156
CP043556.1	CP046746.1	89.516	124	11	2	967641	967763	538734	538612	4.36e-35	156
CP043556.1	CP046746.1	88.281	128	15	0	425832	425959	156218	156091	1.57e-34	154
CP043556.1	CP046746.1	88.372	129	14	1	62349	62477	183946	183819	1.57e-34	154
CP043556.1	CP046746.1	88.372	129	14	1	464188	464315	409029	408901	1.57e-34	154
CP043556.1	CP046746.1	88.372	129	13	2	962712	962839	493743	493616	1.57e-34	154
CP043556.1	CP046746.1	88.889	126	13	1	965112	965236	493741	493616	1.57e-34	154
CP043556.1	CP046746.1	89.431	123	12	1	988485	988606	493616	493738	1.57e-34	154
CP043556.1	CP046746.1	89.431	123	12	1	995559	995680	493616	493738	1.57e-34	154
CP043556.1	CP046746.1	89.431	123	12	1	1010068	1010189	493616	493738	1.57e-34	154
CP043556.1	CP046746.1	89.431	123	12	1	1061807	1061928	493616	493738	1.57e-34	154
CP043556.1	CP046746.1	89.516	124	10	3	950792	950913	505130	505252	1.57e-34	154
CP043556.1	CP046746.1	88.889	126	13	1	1060223	1060348	506878	507002	1.57e-34	154
CP043556.1	CP046746.1	88.889	126	13	1	1060222	1060347	507504	507628	1.57e-34	154
CP043556.1	CP046746.1	89.431	123	12	1	1013311	1013432	513145	513267	1.57e-34	154
CP043556.1	CP046746.1	89.431	123	12	1	1047541	1047662	513145	513267	1.57e-34	154
CP043556.1	CP046746.1	89.431	123	12	1	1040152	1040273	513820	513942	1.57e-34	154
CP043556.1	CP046746.1	89.431	123	12	1	1055588	1055709	513820	513942	1.57e-34	154
CP043556.1	CP046746.1	89.431	123	11	2	1062952	1063073	514716	514837	1.57e-34	154
CP043556.1	CP046746.1	88.889	126	12	2	1055586	1055710	519112	519236	1.57e-34	154
CP043556.1	CP046746.1	88.889	126	13	1	1056116	1056241	519112	519236	1.57e-34	154
CP043556.1	CP046746.1	88.889	126	13	1	1060223	1060348	519113	519237	1.57e-34	154
CP043556.1	CP046746.1	89.431	123	12	1	969045	969167	519235	519114	1.57e-34	154
CP043556.1	CP046746.1	89.344	122	13	0	1053000	1053121	519114	519235	1.57e-34	154
CP043556.1	CP046746.1	88.889	126	13	1	994240	994365	521835	521959	1.57e-34	154
CP043556.1	CP046746.1	89.344	122	13	0	963781	963902	521957	521836	1.57e-34	154
CP043556.1	CP046746.1	89.344	122	13	0	962718	962839	521957	521836	1.57e-34	154
CP043556.1	CP046746.1	89.516	124	9	3	1037048	1037169	521836	521957	1.57e-34	154
CP043556.1	CP046746.1	89.431	123	12	1	1048256	1048378	521836	521957	1.57e-34	154
CP043556.1	CP046746.1	89.431	123	11	2	1066409	1066531	524952	525072	1.57e-34	154
CP043556.1	CP046746.1	88.889	126	12	2	971220	971344	527632	527508	1.57e-34	154
CP043556.1	CP046746.1	89.431	123	12	1	950791	950912	527508	527630	1.57e-34	154
CP043556.1	CP046746.1	89.431	123	11	2	963781	963902	527630	527509	1.57e-34	154
CP043556.1	CP046746.1	89.431	123	11	2	962718	962839	527630	527509	1.57e-34	154
CP043556.1	CP046746.1	89.431	123	11	2	984564	984685	527509	527630	1.57e-34	154
CP043556.1	CP046746.1	89.431	123	11	2	1050636	1050757	527509	527630	1.57e-34	154
CP043556.1	CP046746.1	89.062	128	9	5	1053712	1053835	529749	529875	1.57e-34	154
CP043556.1	CP046746.1	88.636	132	8	2	1015949	1016080	533571	533695	1.57e-34	154
CP043556.1	CP046746.1	89.431	123	11	2	1013311	1013432	535071	535192	1.57e-34	154
CP043556.1	CP046746.1	87.681	138	10	2	1015944	1016080	537073	537204	1.57e-34	154
CP043556.1	CP046746.1	88.800	125	14	0	1060222	1060346	539767	539891	1.57e-34	154
CP043556.1	CP046746.1	89.431	123	12	1	1037048	1037169	540960	541082	1.57e-34	154
CP043556.1	CP046746.1	88.889	126	12	2	836542	836666	682050	682174	1.57e-34	154
CP043556.1	CP046746.1	88.800	125	14	0	578247	578371	728094	728218	1.57e-34	154
CP043556.1	CP046746.1	88.372	129	13	2	567017	567144	848263	848136	1.57e-34	154
CP043556.1	CP046746.1	88.550	131	10	4	62349	62477	989005	988878	1.57e-34	154
CP043556.1	CP046746.1	96.703	91	3	0	178493	178583	407389	407299	5.65e-34	152
CP043556.1	CP046746.1	97.727	88	2	0	471945	472032	443272	443185	5.65e-34	152
CP043556.1	CP046746.1	88.281	128	13	2	961883	962009	493742	493616	5.65e-34	152
CP043556.1	CP046746.1	88.060	134	9	2	1015946	1016079	498916	499042	5.65e-34	152
CP043556.1	CP046746.1	88.800	125	13	1	1060223	1060347	500943	501066	5.65e-34	152
CP043556.1	CP046746.1	89.344	122	12	1	950792	950912	500944	501065	5.65e-34	152
CP043556.1	CP046746.1	88.462	130	9	1	1015950	1016079	504510	504633	5.65e-34	152
CP043556.1	CP046746.1	88.800	125	13	1	1060224	1060348	505668	505791	5.65e-34	152
CP043556.1	CP046746.1	89.344	122	12	1	950792	950912	506305	506426	5.65e-34	152
CP043556.1	CP046746.1	86.429	140	17	2	1060224	1060362	511625	511763	5.65e-34	152
CP043556.1	CP046746.1	89.344	122	12	1	950792	950912	512240	512361	5.65e-34	152
CP043556.1	CP046746.1	88.800	125	13	1	1025533	1025656	513820	513944	5.65e-34	152
CP043556.1	CP046746.1	88.710	124	14	0	1047541	1047664	521836	521959	5.65e-34	152
CP043556.1	CP046746.1	88.462	130	9	1	1015950	1016079	529752	529875	5.65e-34	152
CP043556.1	CP046746.1	88.550	131	8	2	1015950	1016080	530325	530448	5.65e-34	152
CP043556.1	CP046746.1	88.800	125	13	1	1060223	1060347	534421	534544	5.65e-34	152
CP043556.1	CP046746.1	88.710	124	14	0	273955	274078	728095	728218	5.65e-34	152
CP043556.1	CP046746.1	87.692	130	16	0	883424	883553	1011139	1011010	5.65e-34	152
CP043556.1	CP046746.1	91.667	108	9	0	686512	686619	140448	140341	2.03e-33	150
CP043556.1	CP046746.1	88.462	130	8	4	690018	690145	190702	190826	2.03e-33	150
CP043556.1	CP046746.1	88.800	125	11	1	62349	62473	190825	190704	2.03e-33	150
CP043556.1	CP046746.1	87.597	129	16	0	686494	686622	191705	191577	2.03e-33	150
CP043556.1	CP046746.1	88.618	123	14	0	1023646	1023768	493616	493738	2.03e-33	150
CP043556.1	CP046746.1	88.800	125	10	4	950792	950913	497429	497552	2.03e-33	150
CP043556.1	CP046746.1	88.372	129	9	2	1015950	1016078	513145	513267	2.03e-33	150
CP043556.1	CP046746.1	88.618	123	14	0	1060224	1060346	513820	513942	2.03e-33	150
CP043556.1	CP046746.1	88.710	124	13	1	964310	964433	519236	519114	2.03e-33	150
CP043556.1	CP046746.1	88.710	124	13	1	1012804	1012927	521835	521957	2.03e-33	150
CP043556.1	CP046746.1	89.256	121	12	1	1054979	1055098	521836	521956	2.03e-33	150
CP043556.1	CP046746.1	88.710	124	13	1	1060224	1060347	533572	533694	2.03e-33	150
CP043556.1	CP046746.1	88.710	124	13	1	1060223	1060346	535070	535192	2.03e-33	150
CP043556.1	CP046746.1	88.800	125	10	4	950792	950913	539769	539892	2.03e-33	150
CP043556.1	CP046746.1	88.462	130	7	5	1015950	1016078	539769	539891	2.03e-33	150
CP043556.1	CP046746.1	88.618	123	14	0	148243	148365	728096	728218	2.03e-33	150
CP043556.1	CP046746.1	91.667	108	9	0	178396	178503	790391	790498	2.03e-33	150
CP043556.1	CP046746.1	86.429	140	16	2	690009	690146	988869	989007	2.03e-33	150
CP043556.1	CP046746.1	87.597	129	16	0	464187	464315	989008	988880	2.03e-33	150
CP043556.1	CP046746.1	91.667	108	8	1	836557	836663	140448	140341	7.30e-33	148
CP043556.1	CP046746.1	88.189	127	12	1	686496	686622	190826	190703	7.30e-33	148
CP043556.1	CP046746.1	88.189	127	12	1	924419	924545	190703	190826	7.30e-33	148
CP043556.1	CP046746.1	87.500	128	16	0	690019	690146	191577	191704	7.30e-33	148
CP043556.1	CP046746.1	86.567	134	18	0	661051	661184	327384	327517	7.30e-33	148
CP043556.1	CP046746.1	96.629	89	3	0	686494	686582	443272	443184	7.30e-33	148
CP043556.1	CP046746.1	88.618	123	13	1	977224	977345	493738	493616	7.30e-33	148
CP043556.1	CP046746.1	88.618	123	13	1	953653	953774	493616	493738	7.30e-33	148
CP043556.1	CP046746.1	88.618	123	13	1	1047541	1047662	493616	493738	7.30e-33	148
CP043556.1	CP046746.1	88.710	124	11	3	1055588	1055709	493616	493738	7.30e-33	148
CP043556.1	CP046746.1	88.618	123	13	1	1067555	1067676	493616	493738	7.30e-33	148
CP043556.1	CP046746.1	88.618	123	13	1	1066409	1066531	494154	494275	7.30e-33	148
CP043556.1	CP046746.1	88.000	125	15	0	1060222	1060346	497427	497551	7.30e-33	148
CP043556.1	CP046746.1	88.618	123	13	1	988485	988606	513145	513267	7.30e-33	148
CP043556.1	CP046746.1	88.372	129	8	2	1015950	1016078	515353	515474	7.30e-33	148
CP043556.1	CP046746.1	88.095	126	14	1	1042048	1042173	519112	519236	7.30e-33	148
CP043556.1	CP046746.1	88.618	123	13	1	1011815	1011937	519114	519235	7.30e-33	148
CP043556.1	CP046746.1	88.372	129	7	3	1015950	1016078	526719	526839	7.30e-33	148
CP043556.1	CP046746.1	88.618	123	12	2	950792	950912	529752	529874	7.30e-33	148
CP043556.1	CP046746.1	88.618	123	13	1	950792	950913	535071	535193	7.30e-33	148
CP043556.1	CP046746.1	88.618	123	13	1	1025533	1025654	540960	541082	7.30e-33	148
CP043556.1	CP046746.1	87.786	131	10	2	1015950	1016080	542568	542692	7.30e-33	148
CP043556.1	CP046746.1	87.597	129	14	2	567017	567144	696864	696991	7.30e-33	148
CP043556.1	CP046746.1	88.189	127	12	1	465066	465189	989006	988880	7.30e-33	148
CP043556.1	CP046746.1	87.903	124	15	0	464188	464311	310652	310529	2.63e-32	147
CP043556.1	CP046746.1	87.903	124	15	0	742125	742248	310529	310652	2.63e-32	147
CP043556.1	CP046746.1	87.903	124	15	0	1011815	1011938	493616	493739	2.63e-32	147
CP043556.1	CP046746.1	87.597	129	13	2	1053715	1053840	499548	499676	2.63e-32	147
CP043556.1	CP046746.1	87.786	131	9	2	1015949	1016079	505667	505790	2.63e-32	147
CP043556.1	CP046746.1	88.525	122	13	1	950792	950912	507506	507627	2.63e-32	147
CP043556.1	CP046746.1	87.500	128	15	1	1060219	1060346	509869	509995	2.63e-32	147
CP043556.1	CP046746.1	88.618	123	10	4	1053715	1053834	512240	512361	2.63e-32	147
CP043556.1	CP046746.1	85.616	146	13	6	1015935	1016079	519098	519236	2.63e-32	147
CP043556.1	CP046746.1	87.023	131	16	1	996346	996476	519113	519242	2.63e-32	147
CP043556.1	CP046746.1	88.000	125	14	1	944554	944678	519113	519236	2.63e-32	147
CP043556.1	CP046746.1	88.525	122	12	2	1053715	1053834	519721	519842	2.63e-32	147
CP043556.1	CP046746.1	88.618	123	11	2	1053715	1053834	521256	521378	2.63e-32	147
CP043556.1	CP046746.1	88.000	125	13	2	1053715	1053837	534422	534546	2.63e-32	147
CP043556.1	CP046746.1	85.417	144	17	3	1053715	1053855	536596	536738	2.63e-32	147
CP043556.1	CP046746.1	87.597	129	12	4	950788	950913	538608	538735	2.63e-32	147
CP043556.1	CP046746.1	88.000	125	14	1	578251	578375	985351	985474	2.63e-32	147
CP043556.1	CP046746.1	87.500	128	15	1	836540	836666	1011011	1011138	2.63e-32	147
CP043556.1	CP046746.1	87.903	124	14	1	1037048	1037170	493616	493739	9.45e-32	145
CP043556.1	CP046746.1	87.402	127	14	2	1007594	1007718	500941	501067	9.45e-32	145
CP043556.1	CP046746.1	87.903	124	13	2	1053715	1053836	500944	501067	9.45e-32	145
CP043556.1	CP046746.1	87.402	127	14	2	1053715	1053839	508736	508862	9.45e-32	145
CP043556.1	CP046746.1	86.331	139	11	3	1015941	1016078	509864	509995	9.45e-32	145
CP043556.1	CP046746.1	87.903	124	14	1	1060223	1060346	515352	515474	9.45e-32	145
CP043556.1	CP046746.1	88.000	125	12	2	1053715	1053836	516607	516731	9.45e-32	145
CP043556.1	CP046746.1	87.903	124	13	2	1053715	1053836	517279	517402	9.45e-32	145
CP043556.1	CP046746.1	87.302	126	16	0	1060223	1060348	517915	518040	9.45e-32	145
CP043556.1	CP046746.1	88.000	125	12	2	1053715	1053836	518515	518639	9.45e-32	145
CP043556.1	CP046746.1	86.466	133	16	2	1033958	1034089	519104	519235	9.45e-32	145
CP043556.1	CP046746.1	87.903	124	14	1	1011814	1011937	521835	521957	9.45e-32	145
CP043556.1	CP046746.1	88.976	127	1	2	1038995	1039108	522859	522985	9.45e-32	145
CP043556.1	CP046746.1	87.903	124	13	2	1053715	1053836	530325	530448	9.45e-32	145
CP043556.1	CP046746.1	87.805	123	15	0	1060224	1060346	535977	536099	9.45e-32	145
CP043556.1	CP046746.1	87.805	123	15	0	1060224	1060346	538612	538734	9.45e-32	145
CP043556.1	CP046746.1	97.619	84	2	0	397317	397400	597274	597357	9.45e-32	145
CP043556.1	CP046746.1	86.466	133	17	1	62349	62480	761456	761588	9.45e-32	145
CP043556.1	CP046746.1	87.402	127	13	1	465066	465189	156217	156091	3.40e-31	143
CP043556.1	CP046746.1	87.402	127	13	1	499644	499770	190826	190703	3.40e-31	143
CP043556.1	CP046746.1	87.200	125	16	0	62349	62473	191702	191578	3.40e-31	143
CP043556.1	CP046746.1	100.000	77	0	0	202806	202882	378226	378150	3.40e-31	143
CP043556.1	CP046746.1	96.512	86	3	0	924460	924545	443185	443270	3.40e-31	143
CP043556.1	CP046746.1	86.620	142	3	4	1038995	1039123	503924	504062	3.40e-31	143
CP043556.1	CP046746.1	87.692	130	7	6	1015950	1016078	505130	505251	3.40e-31	143
CP043556.1	CP046746.1	86.620	142	4	5	1038995	1039123	508145	508284	3.40e-31	143
CP043556.1	CP046746.1	86.466	133	15	2	1053705	1053834	513135	513267	3.40e-31	143
CP043556.1	CP046746.1	87.302	126	14	2	1007595	1007718	517277	517402	3.40e-31	143
CP043556.1	CP046746.1	88.000	125	9	5	1053715	1053835	522859	522981	3.40e-31	143
CP043556.1	CP046746.1	87.805	123	13	2	1060224	1060346	524952	525072	3.40e-31	143
CP043556.1	CP046746.1	87.805	123	13	2	1060224	1060346	540306	540426	3.40e-31	143
CP043556.1	CP046746.1	87.023	131	11	5	1053712	1053837	542564	542693	3.40e-31	143
CP043556.1	CP046746.1	86.719	128	17	0	742121	742248	1011138	1011011	3.40e-31	143
CP043556.1	CP046746.1	96.471	85	3	0	1091888	1091972	111612	111696	1.22e-30	141
CP043556.1	CP046746.1	86.466	133	12	4	883424	883554	190702	190830	1.22e-30	141
CP043556.1	CP046746.1	87.097	124	16	0	998264	998387	495104	495227	1.22e-30	141
CP043556.1	CP046746.1	87.302	126	13	2	1053715	1053837	500304	500429	1.22e-30	141
CP043556.1	CP046746.1	86.260	131	16	2	1000269	1000397	500941	501071	1.22e-30	141
CP043556.1	CP046746.1	87.313	134	3	4	1038995	1039114	500944	501077	1.22e-30	141
CP043556.1	CP046746.1	87.200	125	14	2	1007594	1007716	508142	508266	1.22e-30	141
CP043556.1	CP046746.1	87.705	122	13	2	1053715	1053834	508145	508266	1.22e-30	141
CP043556.1	CP046746.1	87.200	125	14	2	1053715	1053837	510406	510530	1.22e-30	141
CP043556.1	CP046746.1	98.750	80	0	1	1038994	1039072	521255	521334	1.22e-30	141
CP043556.1	CP046746.1	87.903	124	9	6	1053715	1053834	535071	535192	1.22e-30	141
CP043556.1	CP046746.1	86.131	137	12	6	1053702	1053834	535966	536099	1.22e-30	141
CP043556.1	CP046746.1	87.200	125	14	2	950791	950913	535976	536100	1.22e-30	141
CP043556.1	CP046746.1	87.302	126	13	2	1053715	1053837	537080	537205	1.22e-30	141
CP043556.1	CP046746.1	87.805	123	12	3	1053715	1053834	538612	538734	1.22e-30	141
CP043556.1	CP046746.1	87.097	124	16	0	1060224	1060347	540960	541083	1.22e-30	141
CP043556.1	CP046746.1	85.401	137	18	2	576601	576735	848131	848267	1.22e-30	141
CP043556.1	CP046746.1	96.429	84	3	0	425876	425959	111696	111613	4.40e-30	139
CP043556.1	CP046746.1	96.429	84	3	0	397317	397400	111696	111613	4.40e-30	139
CP043556.1	CP046746.1	96.429	84	3	0	924419	924502	111613	111696	4.40e-30	139
CP043556.1	CP046746.1	90.476	105	10	0	661061	661165	140342	140446	4.40e-30	139
CP043556.1	CP046746.1	90.476	105	10	0	464207	464311	140446	140342	4.40e-30	139
CP043556.1	CP046746.1	86.260	131	15	1	465066	465193	327516	327386	4.40e-30	139
CP043556.1	CP046746.1	86.508	126	17	0	1060221	1060346	493613	493738	4.40e-30	139
CP043556.1	CP046746.1	86.992	123	16	0	953140	953262	493616	493738	4.40e-30	139
CP043556.1	CP046746.1	86.822	129	11	1	1015950	1016078	493616	493738	4.40e-30	139
CP043556.1	CP046746.1	86.614	127	15	2	1007597	1007721	508736	508862	4.40e-30	139
CP043556.1	CP046746.1	87.097	124	14	2	1053715	1053836	526077	526200	4.40e-30	139
CP043556.1	CP046746.1	86.719	128	14	2	1007595	1007719	537078	537205	4.40e-30	139
CP043556.1	CP046746.1	86.364	132	12	1	1015949	1016080	540959	541084	4.40e-30	139
CP043556.1	CP046746.1	95.349	86	4	0	924417	924502	220818	220903	1.58e-29	137
CP043556.1	CP046746.1	87.200	125	10	6	1053715	1053835	498920	499042	1.58e-29	137
CP043556.1	CP046746.1	86.992	123	14	2	1053715	1053835	503924	504046	1.58e-29	137
CP043556.1	CP046746.1	87.097	124	13	2	1053715	1053835	504510	504633	1.58e-29	137
CP043556.1	CP046746.1	86.508	126	15	2	945964	946087	508142	508267	1.58e-29	137
CP043556.1	CP046746.1	86.364	132	11	2	1015949	1016080	508735	508859	1.58e-29	137
CP043556.1	CP046746.1	86.614	127	14	3	1053715	1053839	509874	509999	1.58e-29	137
CP043556.1	CP046746.1	86.508	126	15	2	1000270	1000393	517277	517402	1.58e-29	137
CP043556.1	CP046746.1	86.508	126	15	2	1053715	1053838	522410	522535	1.58e-29	137
CP043556.1	CP046746.1	86.508	126	16	1	661055	661180	985476	985352	1.58e-29	137
CP043556.1	CP046746.1	86.290	124	17	0	273955	274078	191704	191581	5.69e-29	135
CP043556.1	CP046746.1	85.294	136	15	3	465062	465193	310654	310520	5.69e-29	135
CP043556.1	CP046746.1	97.500	80	1	1	1038994	1039072	495640	495719	5.69e-29	135
CP043556.1	CP046746.1	86.400	125	15	2	945964	946086	500941	501065	5.69e-29	135
CP043556.1	CP046746.1	86.400	125	15	2	1000269	1000391	508142	508266	5.69e-29	135
CP043556.1	CP046746.1	88.525	122	1	3	1038995	1039103	511091	511212	5.69e-29	135
CP043556.1	CP046746.1	86.885	122	14	2	1053715	1053834	511091	511212	5.69e-29	135
CP043556.1	CP046746.1	88.000	125	2	3	1038994	1039105	511624	511748	5.69e-29	135
CP043556.1	CP046746.1	86.154	130	12	1	1015949	1016078	513819	513942	5.69e-29	135
CP043556.1	CP046746.1	87.097	124	10	6	1053715	1053834	515353	515474	5.69e-29	135
CP043556.1	CP046746.1	97.500	80	1	1	1038992	1039070	519718	519797	5.69e-29	135
CP043556.1	CP046746.1	84.000	150	15	5	1015933	1016080	521817	521959	5.69e-29	135
CP043556.1	CP046746.1	94.318	88	5	0	257133	257220	597274	597361	5.69e-29	135
CP043556.1	CP046746.1	95.238	84	4	0	432840	432923	20602	20685	2.04e-28	134
CP043556.1	CP046746.1	94.253	87	5	0	397317	397403	220903	220817	2.04e-28	134
CP043556.1	CP046746.1	86.179	123	17	0	564851	564973	238193	238071	2.04e-28	134
CP043556.1	CP046746.1	86.290	124	15	2	1053715	1053836	511625	511748	2.04e-28	134
CP043556.1	CP046746.1	86.290	124	15	2	945965	946086	517277	517400	2.04e-28	134
CP043556.1	CP046746.1	97.468	79	1	1	1038995	1039072	518515	518593	2.04e-28	134
CP043556.1	CP046746.1	86.290	124	16	1	1066408	1066531	519113	519235	2.04e-28	134
CP043556.1	CP046746.1	85.612	139	6	5	1038992	1039117	521833	521970	2.04e-28	134
CP043556.1	CP046746.1	86.290	124	16	1	1060224	1060347	521836	521958	2.04e-28	134
CP043556.1	CP046746.1	97.468	79	1	1	1038995	1039072	528224	528302	2.04e-28	134
CP043556.1	CP046746.1	87.903	124	1	8	1038995	1039104	528940	529063	2.04e-28	134
CP043556.1	CP046746.1	85.938	128	15	2	1000270	1000394	537078	537205	2.04e-28	134
CP043556.1	CP046746.1	95.238	84	4	0	515342	515425	597275	597358	2.04e-28	134
CP043556.1	CP046746.1	94.318	88	3	2	274001	274088	597276	597361	2.04e-28	134
CP043556.1	CP046746.1	85.156	128	19	0	883425	883552	191577	191704	7.35e-28	132
CP043556.1	CP046746.1	95.181	83	4	0	515342	515424	220902	220820	7.35e-28	132
CP043556.1	CP046746.1	97.403	77	2	0	206358	206434	383445	383369	7.35e-28	132
CP043556.1	CP046746.1	94.186	86	5	0	148243	148328	443270	443185	7.35e-28	132
CP043556.1	CP046746.1	86.290	124	14	3	1053715	1053835	517916	518039	7.35e-28	132
CP043556.1	CP046746.1	86.290	124	13	4	1053715	1053835	519114	519236	7.35e-28	132
CP043556.1	CP046746.1	95.238	84	3	1	1038990	1039072	539764	539847	7.35e-28	132
CP043556.1	CP046746.1	89.524	105	8	1	465084	465185	140446	140342	2.65e-27	130
CP043556.1	CP046746.1	84.559	136	16	3	273953	274087	190830	190699	2.65e-27	130
CP043556.1	CP046746.1	86.179	123	13	3	1053715	1053834	493114	493235	2.65e-27	130
CP043556.1	CP046746.1	86.179	123	14	2	1053715	1053834	497429	497551	2.65e-27	130
CP043556.1	CP046746.1	87.200	125	2	8	1038995	1039105	499548	499672	2.65e-27	130
CP043556.1	CP046746.1	86.179	123	13	3	1053715	1053834	505130	505251	2.65e-27	130
CP043556.1	CP046746.1	86.719	128	4	8	1038994	1039108	505667	505794	2.65e-27	130
CP043556.1	CP046746.1	85.600	125	16	2	1000272	1000394	508736	508860	2.65e-27	130
CP043556.1	CP046746.1	87.200	125	3	3	1038994	1039105	526076	526200	2.65e-27	130
CP043556.1	CP046746.1	85.507	138	4	11	1038995	1039118	538051	538186	2.65e-27	130
CP043556.1	CP046746.1	84.672	137	14	6	1053715	1053847	540306	540439	2.65e-27	130
CP043556.1	CP046746.1	85.600	125	16	2	576605	576728	696991	696868	2.65e-27	130
CP043556.1	CP046746.1	96.154	78	3	0	883424	883501	111612	111689	9.51e-27	128
CP043556.1	CP046746.1	96.154	78	3	0	274001	274078	111694	111617	9.51e-27	128
CP043556.1	CP046746.1	94.048	84	5	0	471990	472073	220903	220820	9.51e-27	128
CP043556.1	CP046746.1	93.103	87	6	0	1091930	1092016	443185	443271	9.51e-27	128
CP043556.1	CP046746.1	87.097	124	2	8	1038995	1039104	504510	504633	9.51e-27	128
CP043556.1	CP046746.1	87.097	124	3	7	1038995	1039105	507506	507629	9.51e-27	128
CP043556.1	CP046746.1	85.484	124	16	2	1007597	1007718	511625	511748	9.51e-27	128
CP043556.1	CP046746.1	85.484	124	16	2	1053715	1053836	533572	533695	9.51e-27	128
CP043556.1	CP046746.1	96.203	79	2	1	1038995	1039072	535071	535149	9.51e-27	128
CP043556.1	CP046746.1	85.600	125	15	2	945965	946086	537078	537202	9.51e-27	128
CP043556.1	CP046746.1	96.203	79	2	1	1038995	1039072	537080	537158	9.51e-27	128
CP043556.1	CP046746.1	85.600	125	15	2	1053715	1053836	540960	541084	9.51e-27	128
CP043556.1	CP046746.1	94.048	84	5	0	425876	425959	597274	597357	9.51e-27	128
CP043556.1	CP046746.1	95.062	81	4	0	883424	883504	597358	597278	9.51e-27	128
CP043556.1	CP046746.1	84.496	129	18	2	686494	686622	94734	94860	3.42e-26	126
CP043556.1	CP046746.1	94.048	84	3	2	1038990	1039072	505125	505207	3.42e-26	126
CP043556.1	CP046746.1	85.484	124	14	3	1007596	1007716	505129	505251	3.42e-26	126
CP043556.1	CP046746.1	85.484	124	14	3	1053715	1053835	505668	505790	3.42e-26	126
CP043556.1	CP046746.1	85.366	123	16	2	1053715	1053835	506879	507001	3.42e-26	126
CP043556.1	CP046746.1	86.047	129	4	6	1038991	1039105	522405	522533	3.42e-26	126
CP043556.1	CP046746.1	86.047	129	4	6	1038995	1039109	529752	529880	3.42e-26	126
CP043556.1	CP046746.1	86.508	126	4	3	1038995	1039107	530325	530450	3.42e-26	126
CP043556.1	CP046746.1	86.508	126	3	8	1038994	1039105	536595	536720	3.42e-26	126
CP043556.1	CP046746.1	85.484	124	15	3	1053715	1053835	539149	539272	3.42e-26	126
CP043556.1	CP046746.1	85.156	128	14	4	1007596	1007719	542567	542693	3.42e-26	126
CP043556.1	CP046746.1	84.496	129	18	2	567017	567144	1011138	1011011	3.42e-26	126
CP043556.1	CP046746.1	80.723	166	26	6	541542	541704	78471	78309	1.23e-25	124
CP043556.1	CP046746.1	92.941	85	6	0	690017	690101	111611	111695	1.23e-25	124
CP043556.1	CP046746.1	85.246	122	16	2	945967	946086	508736	508857	1.23e-25	124
CP043556.1	CP046746.1	95.000	80	3	1	1038994	1039072	510405	510484	1.23e-25	124
CP043556.1	CP046746.1	85.366	123	15	2	1053715	1053834	513820	513942	1.23e-25	124
CP043556.1	CP046746.1	86.400	125	3	4	1038995	1039105	516607	516731	1.23e-25	124
CP043556.1	CP046746.1	86.885	122	2	7	1038995	1039103	526719	526839	1.23e-25	124
CP043556.1	CP046746.1	95.000	80	3	1	1038994	1039072	535976	536055	1.23e-25	124
CP043556.1	CP046746.1	85.366	123	15	2	1053715	1053834	538051	538173	1.23e-25	124
CP043556.1	CP046746.1	95.000	80	3	1	1038994	1039072	538611	538690	1.23e-25	124
CP043556.1	CP046746.1	85.366	123	15	2	1053715	1053834	539769	539891	1.23e-25	124
CP043556.1	CP046746.1	95.000	80	2	2	1038994	1039072	540305	540383	1.23e-25	124
CP043556.1	CP046746.1	84.496	129	17	2	1000271	1000396	542567	542695	1.23e-25	124
CP043556.1	CP046746.1	92.857	84	6	0	686539	686622	111696	111613	4.43e-25	122
CP043556.1	CP046746.1	94.872	78	4	0	59426	59503	140420	140343	4.43e-25	122
CP043556.1	CP046746.1	83.846	130	20	1	576602	576730	156221	156092	4.43e-25	122
CP043556.1	CP046746.1	92.857	84	6	0	425876	425959	220903	220820	4.43e-25	122
CP043556.1	CP046746.1	94.872	78	4	0	274001	274078	220901	220824	4.43e-25	122
CP043556.1	CP046746.1	94.937	79	3	1	1038995	1039072	500304	500382	4.43e-25	122
CP043556.1	CP046746.1	84.800	125	15	3	945966	946087	505129	505252	4.43e-25	122
CP043556.1	CP046746.1	94.937	79	3	1	1038995	1039072	509874	509952	4.43e-25	122
CP043556.1	CP046746.1	84.677	124	17	2	1000272	1000393	511625	511748	4.43e-25	122
CP043556.1	CP046746.1	94.937	79	3	1	1038995	1039072	515353	515431	4.43e-25	122
CP043556.1	CP046746.1	94.937	79	3	1	1038995	1039072	517279	517357	4.43e-25	122
CP043556.1	CP046746.1	85.246	122	15	3	1053715	1053834	524952	525072	4.43e-25	122
CP043556.1	CP046746.1	84.800	125	16	2	1007597	1007718	540960	541084	4.43e-25	122
CP043556.1	CP046746.1	94.937	79	3	1	1038995	1039072	542568	542646	4.43e-25	122
CP043556.1	CP046746.1	92.857	84	6	0	924419	924502	597357	597274	4.43e-25	122
CP043556.1	CP046746.1	83.846	130	19	2	567017	567145	988880	989008	4.43e-25	122
CP043556.1	CP046746.1	83.704	135	14	6	836541	836670	190826	190695	1.59e-24	121
CP043556.1	CP046746.1	83.562	146	6	5	397273	397400	443271	443126	1.59e-24	121
CP043556.1	CP046746.1	86.179	123	3	5	1038995	1039103	497429	497551	1.59e-24	121
CP043556.1	CP046746.1	86.179	123	4	4	1038995	1039104	498920	499042	1.59e-24	121
CP043556.1	CP046746.1	84.677	124	15	3	1000271	1000391	505129	505251	1.59e-24	121
CP043556.1	CP046746.1	86.179	123	4	5	1038995	1039104	506879	507001	1.59e-24	121
CP043556.1	CP046746.1	84.677	124	16	2	1007596	1007716	539768	539891	1.59e-24	121
CP043556.1	CP046746.1	91.111	90	7	1	148288	148377	597276	597364	1.59e-24	121
CP043556.1	CP046746.1	97.183	71	2	0	1125861	1125931	696946	696876	1.59e-24	121
CP043556.1	CP046746.1	97.183	71	2	0	1125861	1125931	848181	848251	1.59e-24	121
CP043556.1	CP046746.1	91.954	87	6	1	59426	59511	1011056	1011142	1.59e-24	121
CP043556.1	CP046746.1	83.594	128	19	2	661057	661184	94860	94735	5.73e-24	119
CP043556.1	CP046746.1	91.860	86	5	2	836582	836666	111697	111613	5.73e-24	119
CP043556.1	CP046746.1	82.270	141	21	4	496012	496150	181253	181391	5.73e-24	119
CP043556.1	CP046746.1	83.721	129	17	3	1053709	1053834	493611	493738	5.73e-24	119
CP043556.1	CP046746.1	84.426	122	17	2	945967	946086	511625	511746	5.73e-24	119
CP043556.1	CP046746.1	84.553	123	16	2	1007597	1007716	513820	513942	5.73e-24	119
CP043556.1	CP046746.1	93.750	80	3	2	1038994	1039072	524951	525029	5.73e-24	119
CP043556.1	CP046746.1	94.805	77	3	1	1038995	1039070	534422	534498	5.73e-24	119
CP043556.1	CP046746.1	85.600	125	4	7	1038994	1039104	539148	539272	5.73e-24	119
CP043556.1	CP046746.1	91.765	85	7	0	690017	690101	597359	597275	5.73e-24	119
CP043556.1	CP046746.1	84.000	125	18	2	576607	576730	682050	682173	5.73e-24	119
CP043556.1	CP046746.1	92.771	83	5	1	432841	432923	682093	682174	5.73e-24	119
CP043556.1	CP046746.1	83.594	128	19	1	1091888	1092015	927707	927582	5.73e-24	119
CP043556.1	CP046746.1	91.667	84	7	0	465107	465190	111695	111612	2.06e-23	117
CP043556.1	CP046746.1	82.946	129	22	0	742121	742249	191577	191705	2.06e-23	117
CP043556.1	CP046746.1	95.890	73	2	1	1125860	1125931	408985	408913	2.06e-23	117
CP043556.1	CP046746.1	91.667	84	7	0	742166	742249	443189	443272	2.06e-23	117
CP043556.1	CP046746.1	92.683	82	4	2	1038992	1039072	493111	493191	2.06e-23	117
CP043556.1	CP046746.1	92.683	82	5	1	1038992	1039072	508733	508814	2.06e-23	117
CP043556.1	CP046746.1	93.671	79	4	1	1038995	1039072	513145	513223	2.06e-23	117
CP043556.1	CP046746.1	93.671	79	4	1	1038995	1039072	517916	517994	2.06e-23	117
CP043556.1	CP046746.1	83.871	124	18	2	1053715	1053836	521836	521959	2.06e-23	117
CP043556.1	CP046746.1	84.000	125	17	2	945966	946087	539768	539892	2.06e-23	117
CP043556.1	CP046746.1	84.000	125	17	2	1000272	1000393	540960	541084	2.06e-23	117
CP043556.1	CP046746.1	82.270	141	19	5	957788	957923	542706	542567	2.06e-23	117
CP043556.1	CP046746.1	83.594	128	18	2	945966	946090	542567	542694	2.06e-23	117
CP043556.1	CP046746.1	91.667	84	7	0	471990	472073	597274	597357	2.06e-23	117
CP043556.1	CP046746.1	93.590	78	5	0	59426	59503	696946	696869	2.06e-23	117
CP043556.1	CP046746.1	93.590	78	5	0	59426	59503	848181	848258	2.06e-23	117
CP043556.1	CP046746.1	91.566	83	7	0	464233	464315	111695	111613	7.41e-23	115
CP043556.1	CP046746.1	95.775	71	3	0	1125861	1125931	140420	140350	7.41e-23	115
CP043556.1	CP046746.1	93.506	77	5	0	59427	59503	310606	310530	7.41e-23	115
CP043556.1	CP046746.1	83.871	124	17	2	945967	946087	513820	513943	7.41e-23	115
CP043556.1	CP046746.1	92.593	81	5	1	1038993	1039072	533570	533650	7.41e-23	115
CP043556.1	CP046746.1	83.871	124	17	2	1000271	1000391	539768	539891	7.41e-23	115
CP043556.1	CP046746.1	84.921	126	5	8	1038994	1039105	540959	541084	7.41e-23	115
CP043556.1	CP046746.1	89.888	89	9	0	62392	62480	597275	597363	7.41e-23	115
CP043556.1	CP046746.1	83.206	131	16	4	620429	620556	682050	682177	7.41e-23	115
CP043556.1	CP046746.1	90.588	85	8	0	661055	661139	111611	111695	2.66e-22	113
CP043556.1	CP046746.1	91.463	82	7	0	62392	62473	111695	111614	2.66e-22	113
CP043556.1	CP046746.1	85.981	107	13	2	567020	567125	140341	140446	2.66e-22	113
CP043556.1	CP046746.1	91.463	82	7	0	148288	148369	220901	220820	2.66e-22	113
CP043556.1	CP046746.1	95.714	70	3	0	1125862	1125931	310606	310537	2.66e-22	113
CP043556.1	CP046746.1	85.246	122	5	8	1038995	1039103	512240	512361	2.66e-22	113
CP043556.1	CP046746.1	83.740	123	17	2	1000272	1000391	513820	513942	2.66e-22	113
CP043556.1	CP046746.1	83.740	123	17	2	945967	946086	540960	541082	2.66e-22	113
CP043556.1	CP046746.1	90.698	86	6	2	836582	836666	597273	597357	2.66e-22	113
CP043556.1	CP046746.1	90.476	84	8	0	742121	742204	111613	111696	9.58e-22	111
CP043556.1	CP046746.1	84.211	114	18	0	579464	579577	272988	273101	9.58e-22	111
CP043556.1	CP046746.1	90.588	85	7	1	59425	59508	408985	408901	9.58e-22	111
CP043556.1	CP046746.1	93.421	76	4	1	1038995	1039069	519114	519189	9.58e-22	111
CP043556.1	CP046746.1	98.413	63	1	0	989589	989651	533901	533963	9.58e-22	111
CP043556.1	CP046746.1	98.413	63	1	0	997040	997102	533901	533963	9.58e-22	111
CP043556.1	CP046746.1	98.413	63	1	0	1058472	1058534	533901	533963	9.58e-22	111
CP043556.1	CP046746.1	89.655	87	9	0	59425	59511	988963	988877	9.58e-22	111
CP043556.1	CP046746.1	82.192	146	8	6	515297	515424	443271	443126	3.45e-21	110
CP043556.1	CP046746.1	87.368	95	12	0	876248	876342	471385	471479	3.45e-21	110
CP043556.1	CP046746.1	84.553	123	5	8	1038995	1039103	493616	493738	3.45e-21	110
CP043556.1	CP046746.1	98.387	62	1	0	1069454	1069515	533901	533962	3.45e-21	110
CP043556.1	CP046746.1	82.677	127	17	3	465066	465189	94736	94860	1.24e-20	108
CP043556.1	CP046746.1	81.429	140	18	8	683652	683788	193293	193427	1.24e-20	108
CP043556.1	CP046746.1	84.127	126	5	10	1038994	1039105	494153	494277	1.24e-20	108
CP043556.1	CP046746.1	91.250	80	6	1	1038994	1039072	513819	513898	1.24e-20	108
CP043556.1	CP046746.1	81.429	140	18	8	462463	462597	991714	991850	1.24e-20	108
CP043556.1	CP046746.1	82.927	123	15	5	269084	269204	193308	193426	4.46e-20	106
CP043556.1	CP046746.1	82.927	123	15	5	462464	462582	315403	315523	4.46e-20	106
CP043556.1	CP046746.1	96.825	63	2	0	1008392	1008454	533901	533963	4.46e-20	106
CP043556.1	CP046746.1	96.825	63	2	0	1054510	1054572	533901	533963	4.46e-20	106
CP043556.1	CP046746.1	89.286	84	9	0	686539	686622	597274	597357	4.46e-20	106
CP043556.1	CP046746.1	93.056	72	5	0	1125860	1125931	757738	757809	4.46e-20	106
CP043556.1	CP046746.1	82.031	128	18	3	567017	567143	190703	190826	1.60e-19	104
CP043556.1	CP046746.1	81.633	147	8	6	273955	274083	443271	443126	1.60e-19	104
CP043556.1	CP046746.1	96.774	62	2	0	1036385	1036446	533901	533962	1.60e-19	104
CP043556.1	CP046746.1	85.149	101	15	0	926255	926355	799186	799086	1.60e-19	104
CP043556.1	CP046746.1	89.024	82	9	0	62392	62473	220902	220821	5.77e-19	102
CP043556.1	CP046746.1	83.929	112	13	5	683681	683788	315509	315399	5.77e-19	102
CP043556.1	CP046746.1	96.721	61	2	0	956175	956235	533901	533961	5.77e-19	102
CP043556.1	CP046746.1	96.721	61	2	0	987426	987486	533901	533961	5.77e-19	102
CP043556.1	CP046746.1	96.721	61	2	0	1045657	1045717	533901	533961	5.77e-19	102
CP043556.1	CP046746.1	92.958	71	4	1	1125861	1125931	682093	682162	5.77e-19	102
CP043556.1	CP046746.1	83.929	112	13	5	269098	269208	991821	991714	5.77e-19	102
CP043556.1	CP046746.1	91.667	72	6	0	1125860	1125931	183904	183833	2.07e-18	100
CP043556.1	CP046746.1	98.246	57	1	0	62417	62473	443183	443127	2.07e-18	100
CP043556.1	CP046746.1	95.238	63	3	0	970797	970859	533963	533901	2.07e-18	100
CP043556.1	CP046746.1	95.312	64	2	1	961249	961312	533963	533901	2.07e-18	100
CP043556.1	CP046746.1	95.312	64	2	1	983987	984050	533901	533963	2.07e-18	100
CP043556.1	CP046746.1	92.647	68	5	0	465122	465189	443193	443126	7.46e-18	99.0
CP043556.1	CP046746.1	95.161	62	3	0	995620	995681	533901	533962	7.46e-18	99.0
CP043556.1	CP046746.1	98.214	56	1	0	975611	975666	533963	533908	7.46e-18	99.0
CP043556.1	CP046746.1	91.549	71	6	0	1125861	1125931	728140	728210	7.46e-18	99.0
CP043556.1	CP046746.1	86.813	91	9	3	1125862	1125950	761500	761589	7.46e-18	99.0
CP043556.1	CP046746.1	87.209	86	10	1	567017	567102	111613	111697	2.68e-17	97.1
CP043556.1	CP046746.1	88.608	79	9	0	59425	59503	327473	327395	2.68e-17	97.1
CP043556.1	CP046746.1	96.552	58	2	0	661057	661114	443126	443183	2.68e-17	97.1
CP043556.1	CP046746.1	96.552	58	2	0	883425	883482	443126	443183	2.68e-17	97.1
CP043556.1	CP046746.1	95.161	62	2	1	1026737	1026798	533901	533961	2.68e-17	97.1
CP043556.1	CP046746.1	93.651	63	4	0	974008	974070	533963	533901	9.65e-17	95.3
CP043556.1	CP046746.1	90.411	73	5	2	1125860	1125931	988963	988892	9.65e-17	95.3
CP043556.1	CP046746.1	96.429	56	2	0	690019	690074	443126	443181	3.47e-16	93.5
CP043556.1	CP046746.1	93.548	62	4	0	967640	967701	533962	533901	3.47e-16	93.5
CP043556.1	CP046746.1	87.179	78	10	0	59426	59503	191659	191582	4.49e-15	89.8
CP043556.1	CP046746.1	79.730	148	11	6	836538	836666	443273	443126	4.49e-15	89.8
CP043556.1	CP046746.1	97.959	49	1	0	686575	686623	443173	443125	5.81e-14	86.1
CP043556.1	CP046746.1	100.000	45	0	0	432726	432770	409029	408985	2.09e-13	84.2
CP043556.1	CP046746.1	80.000	110	22	0	876239	876348	118563	118672	7.51e-13	82.4
CP043556.1	CP046746.1	97.872	47	1	0	432724	432770	327519	327473	7.51e-13	82.4
CP043556.1	CP046746.1	91.525	59	5	0	59451	59509	443183	443125	7.51e-13	82.4
CP043556.1	CP046746.1	97.826	46	1	0	59310	59355	327518	327473	2.70e-12	80.5
CP043556.1	CP046746.1	91.379	58	5	0	464258	464315	443183	443126	2.70e-12	80.5
CP043556.1	CP046746.1	97.826	46	1	0	1125886	1125931	443183	443138	2.70e-12	80.5
CP043556.1	CP046746.1	100.000	43	0	0	432726	432768	845736	845694	2.70e-12	80.5
CP043556.1	CP046746.1	100.000	43	0	0	59311	59353	848136	848178	2.70e-12	80.5
CP043556.1	CP046746.1	97.778	45	1	0	397273	397317	221017	220973	9.72e-12	78.7
CP043556.1	CP046746.1	97.778	45	1	0	59311	59355	409029	408985	9.72e-12	78.7
CP043556.1	CP046746.1	97.778	45	1	0	59309	59353	682046	682090	9.72e-12	78.7
CP043556.1	CP046746.1	97.727	44	1	0	924502	924545	220973	221016	3.50e-11	76.8
CP043556.1	CP046746.1	95.833	48	1	1	515293	515340	221020	220974	3.50e-11	76.8
CP043556.1	CP046746.1	97.727	44	1	0	59310	59353	696992	696949	3.50e-11	76.8
CP043556.1	CP046746.1	81.053	95	18	0	541595	541689	799095	799189	3.50e-11	76.8
CP043556.1	CP046746.1	97.674	43	1	0	59311	59353	156218	156176	1.26e-10	75.0
CP043556.1	CP046746.1	97.674	43	1	0	836540	836582	221017	220975	1.26e-10	75.0
CP043556.1	CP046746.1	97.674	43	1	0	59311	59353	845736	845694	1.26e-10	75.0
CP043556.1	CP046746.1	97.674	43	1	0	432726	432768	848136	848178	1.26e-10	75.0
CP043556.1	CP046746.1	100.000	39	0	0	425838	425876	111804	111766	4.52e-10	73.1
CP043556.1	CP046746.1	97.561	41	1	0	62349	62389	221015	220975	1.63e-09	71.3
CP043556.1	CP046746.1	95.455	44	2	0	432725	432768	682047	682090	1.63e-09	71.3
CP043556.1	CP046746.1	93.478	46	3	0	397272	397317	111811	111766	5.85e-09	69.4
CP043556.1	CP046746.1	93.478	46	3	0	515295	515340	111812	111767	5.85e-09	69.4
CP043556.1	CP046746.1	97.436	39	1	0	1091972	1092010	111766	111804	2.10e-08	67.6
CP043556.1	CP046746.1	97.297	37	1	0	62353	62389	111804	111768	2.72e-07	63.9
CP043556.1	CP046746.1	95.000	40	2	0	924419	924458	443126	443165	2.72e-07	63.9
CP043556.1	CP046746.1	75.177	141	32	2	1021401	1021538	542567	542707	2.72e-07	63.9
CP043556.1	CP046746.1	94.872	39	2	0	59471	59509	302659	302621	9.79e-07	62.1
CP043556.1	CP046746.1	100.000	31	0	0	702376	702406	94765	94735	1.27e-05	58.4
CP043556.1	CP046746.1	92.857	42	0	1	702364	702405	190788	190826	1.27e-05	58.4
CP043556.1	CP046746.1	96.875	32	1	0	282060	282091	327523	327492	1.64e-04	54.7
CP043556.1	CP046746.1	100.000	28	0	0	425806	425833	408928	408901	5.89e-04	52.8
CP043556.1	CP046746.1	100.000	28	0	0	425806	425833	443153	443126	5.89e-04	52.8
CP043556.1	CP046746.1	100.000	28	0	0	425806	425833	985447	985474	5.89e-04	52.8
CP043556.1	CP046746.1	100.000	28	0	0	425806	425833	1011111	1011138	5.89e-04	52.8
CP043556.1	CP046745.1	95.778	2487	105	0	652391	654877	2296909	2299395	0.0	4012
CP043556.1	CP046745.1	96.219	2063	76	2	63605	65666	420917	418856	0.0	3376
CP043556.1	CP046745.1	85.626	647	77	8	1032684	1033328	2061982	2061350	0.0	665
CP043556.1	CP046745.1	85.626	647	77	8	980328	980972	2061982	2061350	0.0	665
CP043556.1	CP046745.1	85.626	647	77	8	958587	959231	2061982	2061350	0.0	665
CP043556.1	CP046745.1	85.626	647	77	8	778640	779284	2061350	2061982	0.0	665
CP043556.1	CP046745.1	85.626	647	77	8	956776	957420	2061350	2061982	0.0	665
CP043556.1	CP046745.1	97.309	223	5	1	11037	11258	2349066	2348844	8.56e-102	377
CP043556.1	CP046745.1	95.545	202	9	0	59311	59512	2923131	2922930	1.13e-85	324
CP043556.1	CP046745.1	94.444	198	11	0	432726	432923	2923131	2922934	4.10e-80	305
CP043556.1	CP046745.1	93.939	198	12	0	59311	59508	331728	331925	1.91e-78	300
CP043556.1	CP046745.1	92.574	202	15	0	59310	59511	3070127	3070328	1.15e-75	291
CP043556.1	CP046745.1	92.462	199	15	0	432725	432923	3070127	3070325	5.33e-74	285
CP043556.1	CP046745.1	92.424	198	15	0	432726	432923	331728	331925	1.92e-73	283
CP043556.1	CP046745.1	94.086	186	11	0	1125746	1125931	2923131	2922946	1.92e-73	283
CP043556.1	CP046745.1	91.935	186	15	0	1125746	1125931	331728	331913	8.99e-67	261
CP043556.1	CP046745.1	91.398	186	16	0	1125746	1125931	3070128	3070313	4.18e-65	255
CP043556.1	CP046745.1	99.225	129	1	0	471946	472074	2506958	2507086	1.96e-58	233
CP043556.1	CP046745.1	97.794	136	2	1	471939	472073	2710566	2710701	1.96e-58	233
CP043556.1	CP046745.1	97.080	137	2	2	397266	397400	1628438	1628302	2.54e-57	230
CP043556.1	CP046745.1	98.438	128	2	0	515297	515424	2466822	2466949	3.28e-56	226
CP043556.1	CP046745.1	97.692	130	3	0	515296	515425	1628430	1628301	1.18e-55	224
CP043556.1	CP046745.1	97.692	130	3	0	515296	515425	2273674	2273545	1.18e-55	224
CP043556.1	CP046745.1	97.692	130	2	1	686495	686624	55456	55328	4.24e-55	222
CP043556.1	CP046745.1	96.970	132	4	0	515293	515424	1279657	1279526	4.24e-55	222
CP043556.1	CP046745.1	97.674	129	3	0	515296	515424	2646745	2646873	4.24e-55	222
CP043556.1	CP046745.1	97.656	128	3	0	515297	515424	2556517	2556644	1.53e-54	220
CP043556.1	CP046745.1	96.947	131	4	0	515297	515427	2640774	2640904	1.53e-54	220
CP043556.1	CP046745.1	97.656	128	3	0	397273	397400	2640774	2640901	1.53e-54	220
CP043556.1	CP046745.1	96.212	132	5	0	397273	397404	2267350	2267219	1.97e-53	217
CP043556.1	CP046745.1	96.875	128	4	0	397273	397400	1279653	1279526	7.10e-53	215
CP043556.1	CP046745.1	96.875	128	4	0	1091889	1092016	2243011	2243138	7.10e-53	215
CP043556.1	CP046745.1	96.875	128	4	0	686495	686622	2710574	2710701	7.10e-53	215
CP043556.1	CP046745.1	96.154	130	5	0	425832	425961	1279653	1279524	2.55e-52	213
CP043556.1	CP046745.1	96.154	130	5	0	397273	397402	1444419	1444290	2.55e-52	213
CP043556.1	CP046745.1	96.154	130	5	0	515297	515426	2267350	2267221	2.55e-52	213
CP043556.1	CP046745.1	96.154	130	5	0	397272	397401	2646745	2646874	2.55e-52	213
CP043556.1	CP046745.1	96.850	127	4	0	924419	924545	2710701	2710575	2.55e-52	213
CP043556.1	CP046745.1	94.203	138	8	0	471946	472083	849856	849719	9.18e-52	211
CP043556.1	CP046745.1	96.124	129	5	0	686495	686623	849856	849728	9.18e-52	211
CP043556.1	CP046745.1	96.124	129	5	0	397273	397401	2556517	2556645	9.18e-52	211
CP043556.1	CP046745.1	95.420	131	6	0	515294	515424	1048706	1048576	3.30e-51	209
CP043556.1	CP046745.1	96.094	128	5	0	425832	425959	1628429	1628302	3.30e-51	209
CP043556.1	CP046745.1	96.124	129	4	1	515297	515425	1679866	1679739	3.30e-51	209
CP043556.1	CP046745.1	96.094	128	5	0	425832	425959	2243138	2243011	3.30e-51	209
CP043556.1	CP046745.1	95.455	132	5	1	1091886	1092016	2255052	2254921	3.30e-51	209
CP043556.1	CP046745.1	95.455	132	5	1	397273	397404	2466822	2466952	3.30e-51	209
CP043556.1	CP046745.1	94.776	134	7	0	1091885	1092018	2640905	2640772	3.30e-51	209
CP043556.1	CP046745.1	96.063	127	5	0	924419	924545	1444292	1444418	1.19e-50	207
CP043556.1	CP046745.1	95.385	130	6	0	883424	883553	1628301	1628430	1.19e-50	207
CP043556.1	CP046745.1	96.063	127	5	0	924419	924545	1628302	1628428	1.19e-50	207
CP043556.1	CP046745.1	96.094	128	4	1	397273	397400	1679866	1679740	1.19e-50	207
CP043556.1	CP046745.1	94.737	133	7	0	397273	397405	2243138	2243006	1.19e-50	207
CP043556.1	CP046745.1	96.063	127	5	0	924419	924545	2267223	2267349	1.19e-50	207
CP043556.1	CP046745.1	95.385	130	5	1	471946	472075	55456	55328	4.27e-50	206
CP043556.1	CP046745.1	92.958	142	9	1	397272	397412	1048704	1048563	4.27e-50	206
CP043556.1	CP046745.1	95.349	129	6	0	425832	425960	2254921	2255049	4.27e-50	206
CP043556.1	CP046745.1	95.349	129	6	0	397272	397400	2273674	2273546	4.27e-50	206
CP043556.1	CP046745.1	95.349	129	6	0	686495	686623	2506958	2507086	4.27e-50	206
CP043556.1	CP046745.1	95.349	129	6	0	397273	397401	2636397	2636525	4.27e-50	206
CP043556.1	CP046745.1	95.349	129	6	0	425831	425959	2640773	2640901	4.27e-50	206
CP043556.1	CP046745.1	95.385	130	4	2	515297	515425	2650205	2650333	4.27e-50	206
CP043556.1	CP046745.1	94.118	136	7	1	397267	397401	2710567	2710702	4.27e-50	206
CP043556.1	CP046745.1	95.349	129	5	1	62349	62477	1279651	1279524	1.54e-49	204
CP043556.1	CP046745.1	94.656	131	7	0	515297	515427	1444419	1444289	1.54e-49	204
CP043556.1	CP046745.1	94.656	131	7	0	397272	397402	1461781	1461651	1.54e-49	204
CP043556.1	CP046745.1	94.656	131	7	0	397273	397403	1527361	1527231	1.54e-49	204
CP043556.1	CP046745.1	96.721	122	4	0	924424	924545	1527239	1527360	1.54e-49	204
CP043556.1	CP046745.1	96.000	125	5	0	273954	274078	1628430	1628306	1.54e-49	204
CP043556.1	CP046745.1	95.312	128	6	0	515297	515424	2180222	2180095	1.54e-49	204
CP043556.1	CP046745.1	95.312	128	6	0	515297	515424	2243138	2243011	1.54e-49	204
CP043556.1	CP046745.1	95.312	128	6	0	425832	425959	2556517	2556644	1.54e-49	204
CP043556.1	CP046745.1	95.312	128	6	0	515297	515424	2636397	2636524	1.54e-49	204
CP043556.1	CP046745.1	94.656	131	7	0	883422	883552	2640904	2640774	1.54e-49	204
CP043556.1	CP046745.1	95.312	128	6	0	425832	425959	2646746	2646873	1.54e-49	204
CP043556.1	CP046745.1	95.312	128	6	0	148243	148370	2710575	2710702	1.54e-49	204
CP043556.1	CP046745.1	95.349	129	5	1	515297	515424	2764884	2765012	1.54e-49	204
CP043556.1	CP046745.1	94.030	134	7	1	397271	397403	1228303	1228170	5.53e-49	202
CP043556.1	CP046745.1	94.615	130	7	0	471944	472073	2267352	2267223	5.53e-49	202
CP043556.1	CP046745.1	95.276	127	6	0	924419	924545	2507085	2506959	5.53e-49	202
CP043556.1	CP046745.1	95.276	127	6	0	924419	924545	2556644	2556518	5.53e-49	202
CP043556.1	CP046745.1	94.615	130	7	0	924419	924548	2636524	2636395	5.53e-49	202
CP043556.1	CP046745.1	95.276	127	6	0	924419	924545	2640901	2640775	5.53e-49	202
CP043556.1	CP046745.1	95.276	127	6	0	924419	924545	2646873	2646747	5.53e-49	202
CP043556.1	CP046745.1	93.985	133	8	0	515292	515424	2710569	2710701	5.53e-49	202
CP043556.1	CP046745.1	94.574	129	7	0	471945	472073	1444420	1444292	1.99e-48	200
CP043556.1	CP046745.1	94.574	129	7	0	397273	397401	2180222	2180094	1.99e-48	200
CP043556.1	CP046745.1	94.574	129	7	0	425831	425959	2466821	2466949	1.99e-48	200
CP043556.1	CP046745.1	94.574	129	7	0	471945	472073	2636396	2636524	1.99e-48	200
CP043556.1	CP046745.1	94.574	129	6	1	515296	515424	957699	957572	7.15e-48	198
CP043556.1	CP046745.1	94.531	128	7	0	690019	690146	1279526	1279653	7.15e-48	198
CP043556.1	CP046745.1	94.531	128	7	0	1091889	1092016	1279526	1279653	7.15e-48	198
CP043556.1	CP046745.1	94.531	128	7	0	471946	472073	1628429	1628302	7.15e-48	198
CP043556.1	CP046745.1	93.939	132	6	2	397273	397403	1903646	1903516	7.15e-48	198
CP043556.1	CP046745.1	94.574	129	6	1	471946	472074	2027648	2027521	7.15e-48	198
CP043556.1	CP046745.1	93.939	132	7	1	515297	515427	2254921	2255052	7.15e-48	198
CP043556.1	CP046745.1	94.531	128	7	0	397273	397400	2254921	2255048	7.15e-48	198
CP043556.1	CP046745.1	94.531	128	7	0	425832	425959	2267350	2267223	7.15e-48	198
CP043556.1	CP046745.1	95.200	125	6	0	62346	62470	2466821	2466945	7.15e-48	198
CP043556.1	CP046745.1	94.531	128	7	0	924418	924545	2466950	2466823	7.15e-48	198
CP043556.1	CP046745.1	94.531	128	7	0	1091889	1092016	2556644	2556517	7.15e-48	198
CP043556.1	CP046745.1	94.531	128	7	0	1091889	1092016	2646873	2646746	7.15e-48	198
CP043556.1	CP046745.1	94.531	128	7	0	1091889	1092016	2710701	2710574	7.15e-48	198
CP043556.1	CP046745.1	94.488	127	7	0	924419	924545	849729	849855	2.57e-47	196
CP043556.1	CP046745.1	94.488	127	7	0	924419	924545	1048576	1048702	2.57e-47	196
CP043556.1	CP046745.1	93.846	130	8	0	515296	515425	1228302	1228173	2.57e-47	196
CP043556.1	CP046745.1	94.531	128	6	1	836540	836666	1628429	1628302	2.57e-47	196
CP043556.1	CP046745.1	94.488	127	7	0	924419	924545	2243011	2243137	2.57e-47	196
CP043556.1	CP046745.1	93.846	130	8	0	1091887	1092016	2267221	2267350	2.57e-47	196
CP043556.1	CP046745.1	94.574	129	3	1	471945	472073	2438872	2438996	2.57e-47	196
CP043556.1	CP046745.1	93.893	131	7	1	273955	274085	2640774	2640903	2.57e-47	196
CP043556.1	CP046745.1	94.488	127	6	1	924419	924545	55330	55455	9.25e-47	195
CP043556.1	CP046745.1	93.846	130	7	1	397272	397401	957699	957571	9.25e-47	195
CP043556.1	CP046745.1	93.798	129	8	0	425832	425960	1048703	1048575	9.25e-47	195
CP043556.1	CP046745.1	93.846	130	7	1	425830	425959	1679868	1679740	9.25e-47	195
CP043556.1	CP046745.1	93.798	129	8	0	515296	515424	1802031	1801903	9.25e-47	195
CP043556.1	CP046745.1	94.488	127	6	1	924419	924545	2027522	2027647	9.25e-47	195
CP043556.1	CP046745.1	93.182	132	9	0	690015	690146	2273542	2273673	9.25e-47	195
CP043556.1	CP046745.1	93.798	129	8	0	471945	472073	2556516	2556644	9.25e-47	195
CP043556.1	CP046745.1	95.833	120	5	0	62351	62470	2556521	2556640	9.25e-47	195
CP043556.1	CP046745.1	95.833	120	5	0	397272	397391	3018887	3019006	9.25e-47	195
CP043556.1	CP046745.1	93.750	128	8	0	397273	397400	644267	644394	3.33e-46	193
CP043556.1	CP046745.1	93.750	128	8	0	690019	690146	644394	644267	3.33e-46	193
CP043556.1	CP046745.1	93.750	128	8	0	515297	515424	644267	644394	3.33e-46	193
CP043556.1	CP046745.1	93.750	128	8	0	425832	425959	1444419	1444292	3.33e-46	193
CP043556.1	CP046745.1	93.130	131	9	0	397272	397402	1802031	1801901	3.33e-46	193
CP043556.1	CP046745.1	93.798	129	7	1	686495	686623	2027648	2027521	3.33e-46	193
CP043556.1	CP046745.1	93.130	131	9	0	515296	515426	2177501	2177371	3.33e-46	193
CP043556.1	CP046745.1	93.750	128	8	0	690019	690146	2180095	2180222	3.33e-46	193
CP043556.1	CP046745.1	93.750	128	8	0	425832	425959	2273673	2273546	3.33e-46	193
CP043556.1	CP046745.1	94.400	125	7	0	62349	62473	2273671	2273547	3.33e-46	193
CP043556.1	CP046745.1	93.750	128	8	0	690019	690146	2466949	2466822	3.33e-46	193
CP043556.1	CP046745.1	93.750	128	8	0	397273	397400	2506958	2507085	3.33e-46	193
CP043556.1	CP046745.1	93.750	128	8	0	515297	515424	2506958	2507085	3.33e-46	193
CP043556.1	CP046745.1	92.593	135	9	1	425832	425965	2636397	2636531	3.33e-46	193
CP043556.1	CP046745.1	92.537	134	10	0	471940	472073	2640768	2640901	3.33e-46	193
CP043556.1	CP046745.1	93.750	128	8	0	471946	472073	2646746	2646873	3.33e-46	193
CP043556.1	CP046745.1	95.082	122	6	0	62349	62470	2646748	2646869	3.33e-46	193
CP043556.1	CP046745.1	93.750	128	8	0	425832	425959	2710574	2710701	3.33e-46	193
CP043556.1	CP046745.1	93.701	127	8	0	924419	924545	1228174	1228300	1.20e-45	191
CP043556.1	CP046745.1	93.701	127	8	0	924419	924545	1279526	1279652	1.20e-45	191
CP043556.1	CP046745.1	94.355	124	7	0	1091894	1092017	1527239	1527362	1.20e-45	191
CP043556.1	CP046745.1	94.400	125	6	1	62349	62473	1679864	1679741	1.20e-45	191
CP043556.1	CP046745.1	92.481	133	10	0	924413	924545	1801897	1802029	1.20e-45	191
CP043556.1	CP046745.1	91.489	141	9	3	742120	742259	1801902	1802040	1.20e-45	191
CP043556.1	CP046745.1	93.750	128	7	1	515297	515424	1903646	1903520	1.20e-45	191
CP043556.1	CP046745.1	93.701	127	8	0	924419	924545	2273546	2273672	1.20e-45	191
CP043556.1	CP046745.1	93.701	127	8	0	148243	148369	2506959	2507085	1.20e-45	191
CP043556.1	CP046745.1	93.750	128	7	1	836540	836666	2640774	2640901	1.20e-45	191
CP043556.1	CP046745.1	95.000	120	6	0	515301	515420	829012	828893	4.30e-45	189
CP043556.1	CP046745.1	93.023	129	9	0	471946	472074	1048703	1048575	4.30e-45	189
CP043556.1	CP046745.1	93.023	129	9	0	1091888	1092016	1228173	1228301	4.30e-45	189
CP043556.1	CP046745.1	92.424	132	10	0	471944	472075	1279655	1279524	4.30e-45	189
CP043556.1	CP046745.1	93.023	129	9	0	515296	515424	1461781	1461653	4.30e-45	189
CP043556.1	CP046745.1	94.309	123	7	0	515297	515419	1527361	1527239	4.30e-45	189
CP043556.1	CP046745.1	93.023	129	9	0	686494	686622	2267351	2267223	4.30e-45	189
CP043556.1	CP046745.1	90.845	142	11	2	471946	472085	2466822	2466963	4.30e-45	189
CP043556.1	CP046745.1	93.023	129	9	0	425832	425960	2506958	2507086	4.30e-45	189
CP043556.1	CP046745.1	94.309	123	7	0	515297	515419	2813143	2813265	4.30e-45	189
CP043556.1	CP046745.1	94.262	122	7	0	397277	397398	829012	828891	1.55e-44	187
CP043556.1	CP046745.1	93.600	125	8	0	62349	62473	1048701	1048577	1.55e-44	187
CP043556.1	CP046745.1	93.600	125	8	0	273954	274078	1228302	1228178	1.55e-44	187
CP043556.1	CP046745.1	95.690	116	5	0	924427	924542	1461661	1461776	1.55e-44	187
CP043556.1	CP046745.1	91.852	135	9	2	686495	686627	1527361	1527227	1.55e-44	187
CP043556.1	CP046745.1	92.969	128	9	0	686495	686622	1628429	1628302	1.55e-44	187
CP043556.1	CP046745.1	93.023	129	8	1	690018	690146	1679739	1679866	1.55e-44	187
CP043556.1	CP046745.1	92.424	132	9	1	397273	397404	2027648	2027518	1.55e-44	187
CP043556.1	CP046745.1	93.600	125	8	0	62349	62473	2180220	2180096	1.55e-44	187
CP043556.1	CP046745.1	89.796	147	14	1	471946	472092	2273673	2273528	1.55e-44	187
CP043556.1	CP046745.1	92.969	128	9	0	690019	690146	2556644	2556517	1.55e-44	187
CP043556.1	CP046745.1	92.969	128	9	0	690019	690146	2646873	2646746	1.55e-44	187
CP043556.1	CP046745.1	93.023	129	7	2	397273	397400	2650205	2650332	1.55e-44	187
CP043556.1	CP046745.1	94.958	119	6	0	1091898	1092016	3019006	3018888	1.55e-44	187
CP043556.1	CP046745.1	94.958	119	6	0	425832	425950	3018888	3019006	1.55e-44	187
CP043556.1	CP046745.1	92.366	131	9	1	690016	690146	957569	957698	5.57e-44	185
CP043556.1	CP046745.1	92.308	130	10	0	883424	883553	1228173	1228302	5.57e-44	185
CP043556.1	CP046745.1	91.241	137	10	2	578242	578376	1279661	1279525	5.57e-44	185
CP043556.1	CP046745.1	92.308	130	10	0	883425	883554	1461653	1461782	5.57e-44	185
CP043556.1	CP046745.1	89.333	150	12	4	273946	274093	1527371	1527224	5.57e-44	185
CP043556.1	CP046745.1	92.969	128	8	1	1091889	1092016	1903520	1903646	5.57e-44	185
CP043556.1	CP046745.1	92.308	130	10	0	883423	883552	2267221	2267350	5.57e-44	185
CP043556.1	CP046745.1	92.308	130	9	1	515295	515424	55458	55330	2.00e-43	183
CP043556.1	CP046745.1	94.872	117	6	0	924429	924545	644384	644268	2.00e-43	183
CP043556.1	CP046745.1	92.308	130	9	1	836539	836667	1444420	1444291	2.00e-43	183
CP043556.1	CP046745.1	92.913	127	8	1	924420	924546	1467183	1467308	2.00e-43	183
CP043556.1	CP046745.1	92.913	127	8	1	924419	924545	1679740	1679865	2.00e-43	183
CP043556.1	CP046745.1	92.913	127	8	1	924419	924545	1903520	1903645	2.00e-43	183
CP043556.1	CP046745.1	92.857	126	9	0	273953	274078	2273675	2273550	2.00e-43	183
CP043556.1	CP046745.1	92.248	129	10	0	578247	578375	2466821	2466949	2.00e-43	183
CP043556.1	CP046745.1	92.308	130	9	1	273950	274078	2556511	2556640	2.00e-43	183
CP043556.1	CP046745.1	91.667	132	11	0	686491	686622	2556513	2556644	2.00e-43	183
CP043556.1	CP046745.1	90.647	139	12	1	471936	472073	2764874	2765012	2.00e-43	183
CP043556.1	CP046745.1	93.496	123	8	0	742126	742248	2813265	2813143	2.00e-43	183
CP043556.1	CP046745.1	94.167	120	7	0	515296	515415	3018887	3019006	2.00e-43	183
CP043556.1	CP046745.1	92.248	129	9	1	397272	397400	55457	55330	7.20e-43	182
CP043556.1	CP046745.1	92.800	125	9	0	397279	397403	459018	459142	7.20e-43	182
CP043556.1	CP046745.1	93.443	122	8	0	471952	472073	459018	459139	7.20e-43	182
CP043556.1	CP046745.1	93.443	122	8	0	686501	686622	459018	459139	7.20e-43	182
CP043556.1	CP046745.1	92.188	128	10	0	425832	425959	644267	644394	7.20e-43	182
CP043556.1	CP046745.1	92.188	128	10	0	515297	515424	849856	849729	7.20e-43	182
CP043556.1	CP046745.1	92.188	128	10	0	397273	397400	849856	849729	7.20e-43	182
CP043556.1	CP046745.1	92.188	128	10	0	425832	425959	1228301	1228174	7.20e-43	182
CP043556.1	CP046745.1	92.188	128	10	0	883425	883552	1279526	1279653	7.20e-43	182
CP043556.1	CP046745.1	92.188	128	10	0	471946	472073	1461780	1461653	7.20e-43	182
CP043556.1	CP046745.1	92.188	128	10	0	1091889	1092016	1461653	1461780	7.20e-43	182
CP043556.1	CP046745.1	92.188	128	10	0	883425	883552	1527234	1527361	7.20e-43	182
CP043556.1	CP046745.1	92.188	128	10	0	742121	742248	1628302	1628429	7.20e-43	182
CP043556.1	CP046745.1	92.800	125	9	0	62349	62473	1628427	1628303	7.20e-43	182
CP043556.1	CP046745.1	91.667	132	10	1	273955	274086	2267350	2267220	7.20e-43	182
CP043556.1	CP046745.1	92.800	125	9	0	62349	62473	2267348	2267224	7.20e-43	182
CP043556.1	CP046745.1	91.603	131	11	0	148240	148370	2636395	2636525	7.20e-43	182
CP043556.1	CP046745.1	92.188	128	10	0	686495	686622	2640774	2640901	7.20e-43	182
CP043556.1	CP046745.1	91.603	131	11	0	686492	686622	2646743	2646873	7.20e-43	182
CP043556.1	CP046745.1	91.111	135	10	2	425831	425964	2650204	2650337	7.20e-43	182
CP043556.1	CP046745.1	92.800	125	9	0	62346	62470	2650204	2650328	7.20e-43	182
CP043556.1	CP046745.1	93.651	126	1	5	202899	203020	2727393	2727515	7.20e-43	182
CP043556.1	CP046745.1	91.538	130	11	0	397272	397401	61884	62013	2.59e-42	180
CP043556.1	CP046745.1	91.603	131	10	1	471946	472076	957698	957569	2.59e-42	180
CP043556.1	CP046745.1	92.800	125	8	1	62349	62473	957696	957573	2.59e-42	180
CP043556.1	CP046745.1	92.742	124	9	0	273955	274078	1444419	1444296	2.59e-42	180
CP043556.1	CP046745.1	92.126	127	10	0	148243	148369	1628428	1628302	2.59e-42	180
CP043556.1	CP046745.1	92.248	129	6	4	836540	836666	1679866	1679740	2.59e-42	180
CP043556.1	CP046745.1	92.800	125	8	1	62349	62473	1903644	1903521	2.59e-42	180
CP043556.1	CP046745.1	92.126	127	10	0	924419	924545	2180095	2180221	2.59e-42	180
CP043556.1	CP046745.1	91.538	130	11	0	742120	742249	2243010	2243139	2.59e-42	180
CP043556.1	CP046745.1	91.538	130	11	0	686493	686622	2243140	2243011	2.59e-42	180
CP043556.1	CP046745.1	90.977	133	12	0	742119	742251	2556646	2556514	2.59e-42	180
CP043556.1	CP046745.1	90.977	133	12	0	578248	578380	2556517	2556649	2.59e-42	180
CP043556.1	CP046745.1	91.538	130	11	0	742120	742249	2636525	2636396	2.59e-42	180
CP043556.1	CP046745.1	92.742	124	9	0	273955	274078	2636397	2636520	2.59e-42	180
CP043556.1	CP046745.1	91.473	129	11	0	515296	515424	61884	62012	9.31e-42	178
CP043556.1	CP046745.1	89.928	139	12	2	883419	883556	644399	644262	9.31e-42	178
CP043556.1	CP046745.1	91.473	129	11	0	471945	472073	644266	644394	9.31e-42	178
CP043556.1	CP046745.1	92.683	123	9	0	62351	62473	644271	644393	9.31e-42	178
CP043556.1	CP046745.1	93.333	120	8	0	425836	425955	829012	828893	9.31e-42	178
CP043556.1	CP046745.1	93.333	120	8	0	924423	924542	828893	829012	9.31e-42	178
CP043556.1	CP046745.1	90.977	133	11	1	836540	836671	1228301	1228169	9.31e-42	178
CP043556.1	CP046745.1	91.473	129	11	0	499642	499770	1279654	1279526	9.31e-42	178
CP043556.1	CP046745.1	91.473	129	11	0	690018	690146	1628301	1628429	9.31e-42	178
CP043556.1	CP046745.1	90.977	133	10	2	883420	883552	1679736	1679866	9.31e-42	178
CP043556.1	CP046745.1	90.977	133	10	2	425829	425960	2027652	2027521	9.31e-42	178
CP043556.1	CP046745.1	92.126	127	9	1	148243	148369	2027647	2027522	9.31e-42	178
CP043556.1	CP046745.1	92.683	123	9	0	397272	397394	2177501	2177379	9.31e-42	178
CP043556.1	CP046745.1	90.441	136	12	1	471939	472073	2180230	2180095	9.31e-42	178
CP043556.1	CP046745.1	90.977	133	11	1	883425	883556	2556644	2556512	9.31e-42	178
CP043556.1	CP046745.1	91.538	130	10	1	836539	836667	2556516	2556645	9.31e-42	178
CP043556.1	CP046745.1	91.473	129	11	0	464187	464315	2556516	2556644	9.31e-42	178
CP043556.1	CP046745.1	92.063	126	10	0	62345	62470	2640772	2640897	9.31e-42	178
CP043556.1	CP046745.1	91.473	129	11	0	883425	883553	2646873	2646745	9.31e-42	178
CP043556.1	CP046745.1	91.406	128	11	0	1091889	1092016	644394	644267	3.35e-41	176
CP043556.1	CP046745.1	92.623	122	9	0	690021	690142	828891	829012	3.35e-41	176
CP043556.1	CP046745.1	92.623	122	9	0	62351	62472	829012	828891	3.35e-41	176
CP043556.1	CP046745.1	91.406	128	11	0	499643	499770	1048703	1048576	3.35e-41	176
CP043556.1	CP046745.1	91.406	128	11	0	471946	472073	1228301	1228174	3.35e-41	176
CP043556.1	CP046745.1	90.370	135	12	1	464186	464320	1279655	1279522	3.35e-41	176
CP043556.1	CP046745.1	90.840	131	12	0	686494	686624	1279654	1279524	3.35e-41	176
CP043556.1	CP046745.1	91.473	129	10	1	273955	274083	1279653	1279526	3.35e-41	176
CP043556.1	CP046745.1	91.406	128	11	0	148243	148370	1444418	1444291	3.35e-41	176
CP043556.1	CP046745.1	91.473	129	10	1	661056	661184	1679739	1679866	3.35e-41	176
CP043556.1	CP046745.1	91.473	129	10	1	425832	425960	1903646	1903519	3.35e-41	176
CP043556.1	CP046745.1	90.909	132	11	1	836539	836669	2180223	2180092	3.35e-41	176
CP043556.1	CP046745.1	91.406	128	11	0	883425	883552	2243011	2243138	3.35e-41	176
CP043556.1	CP046745.1	89.928	139	11	3	836539	836675	2267351	2267214	3.35e-41	176
CP043556.1	CP046745.1	90.840	131	12	0	883424	883554	2273545	2273675	3.35e-41	176
CP043556.1	CP046745.1	91.406	128	11	0	578248	578375	2273673	2273546	3.35e-41	176
CP043556.1	CP046745.1	91.406	128	11	0	661057	661184	2556644	2556517	3.35e-41	176
CP043556.1	CP046745.1	91.406	128	11	0	742121	742248	2640901	2640774	3.35e-41	176
CP043556.1	CP046745.1	92.000	125	10	0	273954	274078	2646745	2646869	3.35e-41	176
CP043556.1	CP046745.1	91.473	129	10	1	836540	836667	2646746	2646874	3.35e-41	176
CP043556.1	CP046745.1	91.406	128	11	0	578248	578375	2646746	2646873	3.35e-41	176
CP043556.1	CP046745.1	92.000	125	10	0	273954	274078	2710573	2710697	3.35e-41	176
CP043556.1	CP046745.1	90.909	132	11	1	499641	499771	2764882	2765013	3.35e-41	176
CP043556.1	CP046745.1	91.473	129	10	1	690019	690146	2765012	2764884	3.35e-41	176
CP043556.1	CP046745.1	89.781	137	13	1	924404	924540	459153	459018	1.20e-40	174
CP043556.1	CP046745.1	90.299	134	11	2	273951	274083	644262	644394	1.20e-40	174
CP043556.1	CP046745.1	91.339	127	11	0	148243	148369	849855	849729	1.20e-40	174
CP043556.1	CP046745.1	91.339	127	11	0	148243	148369	1048702	1048576	1.20e-40	174
CP043556.1	CP046745.1	91.339	127	11	0	148243	148369	1228300	1228174	1.20e-40	174
CP043556.1	CP046745.1	91.935	124	10	0	257094	257217	1628424	1628301	1.20e-40	174
CP043556.1	CP046745.1	91.406	128	10	1	686495	686622	1679866	1679740	1.20e-40	174
CP043556.1	CP046745.1	90.769	130	12	0	883425	883554	1801903	1802032	1.20e-40	174
CP043556.1	CP046745.1	91.406	128	10	1	515297	515424	2027648	2027522	1.20e-40	174
CP043556.1	CP046745.1	92.126	127	5	2	924419	924545	2257831	2257710	1.20e-40	174
CP043556.1	CP046745.1	91.339	127	11	0	148243	148369	2267349	2267223	1.20e-40	174
CP043556.1	CP046745.1	91.406	128	10	1	836540	836666	2466822	2466949	1.20e-40	174
CP043556.1	CP046745.1	91.935	124	10	0	273955	274078	2466822	2466945	1.20e-40	174
CP043556.1	CP046745.1	90.226	133	13	0	499639	499771	2646742	2646874	1.20e-40	174
CP043556.1	CP046745.1	91.406	128	9	2	924419	924545	2650332	2650206	1.20e-40	174
CP043556.1	CP046745.1	91.339	127	10	1	148243	148369	55455	55330	4.33e-40	172
CP043556.1	CP046745.1	92.500	120	9	0	471950	472069	829012	828893	4.33e-40	172
CP043556.1	CP046745.1	92.500	120	9	0	1091893	1092012	828893	829012	4.33e-40	172
CP043556.1	CP046745.1	91.339	127	10	1	924419	924545	957572	957697	4.33e-40	172
CP043556.1	CP046745.1	90.698	129	12	0	742121	742249	1279526	1279654	4.33e-40	172
CP043556.1	CP046745.1	90.769	130	10	2	273955	274084	1679866	1679739	4.33e-40	172
CP043556.1	CP046745.1	90.769	130	11	1	686494	686623	1903647	1903519	4.33e-40	172
CP043556.1	CP046745.1	90.769	130	11	1	471945	472074	1903647	1903519	4.33e-40	172
CP043556.1	CP046745.1	90.152	132	13	0	924414	924545	2177368	2177499	4.33e-40	172
CP043556.1	CP046745.1	91.473	129	6	3	515297	515425	2257709	2257832	4.33e-40	172
CP043556.1	CP046745.1	90.698	129	12	0	742121	742249	2267223	2267351	4.33e-40	172
CP043556.1	CP046745.1	91.406	128	7	2	148243	148370	2438874	2438997	4.33e-40	172
CP043556.1	CP046745.1	90.698	129	12	0	148243	148371	2556518	2556646	4.33e-40	172
CP043556.1	CP046745.1	90.698	129	12	0	690018	690146	2640902	2640774	4.33e-40	172
CP043556.1	CP046745.1	91.870	123	10	0	471946	472068	2813143	2813265	4.33e-40	172
CP043556.1	CP046745.1	90.625	128	12	0	690021	690148	135009	134882	1.56e-39	171
CP043556.1	CP046745.1	90.625	128	12	0	686495	686622	1228301	1228174	1.56e-39	171
CP043556.1	CP046745.1	90.698	129	11	1	836539	836666	1279654	1279526	1.56e-39	171
CP043556.1	CP046745.1	90.625	128	12	0	661057	661184	1279526	1279653	1.56e-39	171
CP043556.1	CP046745.1	91.339	127	8	1	465066	465189	1279652	1279526	1.56e-39	171
CP043556.1	CP046745.1	91.870	123	9	1	836546	836667	1461774	1461652	1.56e-39	171
CP043556.1	CP046745.1	90.698	129	11	1	578247	578375	1679867	1679740	1.56e-39	171
CP043556.1	CP046745.1	90.698	129	10	2	273955	274083	1903646	1903520	1.56e-39	171
CP043556.1	CP046745.1	90.625	128	12	0	742121	742248	2177373	2177500	1.56e-39	171
CP043556.1	CP046745.1	89.552	134	14	0	686489	686622	2180228	2180095	1.56e-39	171
CP043556.1	CP046745.1	90.625	128	12	0	883425	883552	2180095	2180222	1.56e-39	171
CP043556.1	CP046745.1	90.625	128	12	0	690019	690146	2243011	2243138	1.56e-39	171
CP043556.1	CP046745.1	90.076	131	13	0	686495	686625	2273673	2273543	1.56e-39	171
CP043556.1	CP046745.1	90.625	128	12	0	742121	742248	2273546	2273673	1.56e-39	171
CP043556.1	CP046745.1	91.339	127	7	2	924419	924545	2438996	2438874	1.56e-39	171
CP043556.1	CP046745.1	90.625	128	12	0	499643	499770	2466822	2466949	1.56e-39	171
CP043556.1	CP046745.1	91.339	127	8	1	465066	465189	2556518	2556644	1.56e-39	171
CP043556.1	CP046745.1	90.625	128	12	0	661057	661184	2636524	2636397	1.56e-39	171
CP043556.1	CP046745.1	90.625	128	12	0	499643	499770	2640774	2640901	1.56e-39	171
CP043556.1	CP046745.1	90.625	128	12	0	148243	148370	2646747	2646874	1.56e-39	171
CP043556.1	CP046745.1	89.552	134	12	2	273957	274090	829014	828883	5.61e-39	169
CP043556.1	CP046745.1	91.129	124	11	0	661059	661182	828891	829014	5.61e-39	169
CP043556.1	CP046745.1	90.551	127	12	0	148243	148369	1279652	1279526	5.61e-39	169
CP043556.1	CP046745.1	90.698	129	8	2	465066	465191	1679865	1679738	5.61e-39	169
CP043556.1	CP046745.1	90.625	128	11	1	499643	499770	1679866	1679740	5.61e-39	169
CP043556.1	CP046745.1	91.129	124	11	0	273955	274078	2243138	2243015	5.61e-39	169
CP043556.1	CP046745.1	90.769	130	7	2	1091888	1092017	2257832	2257708	5.61e-39	169
CP043556.1	CP046745.1	89.474	133	14	0	499638	499770	2267355	2267223	5.61e-39	169
CP043556.1	CP046745.1	87.838	148	13	3	465047	465190	2273691	2273545	5.61e-39	169
CP043556.1	CP046745.1	90.625	128	11	1	836540	836666	2273673	2273546	5.61e-39	169
CP043556.1	CP046745.1	90.551	127	12	0	148243	148369	2273672	2273546	5.61e-39	169
CP043556.1	CP046745.1	90.698	129	8	1	686494	686622	2438872	2438996	5.61e-39	169
CP043556.1	CP046745.1	89.474	133	14	0	464187	464319	2636396	2636528	5.61e-39	169
CP043556.1	CP046745.1	90.000	130	12	1	883425	883554	957572	957700	2.02e-38	167
CP043556.1	CP046745.1	91.057	123	11	0	515297	515419	1723024	1722902	2.02e-38	167
CP043556.1	CP046745.1	90.476	126	12	0	273953	274078	1802032	1801907	2.02e-38	167
CP043556.1	CP046745.1	92.437	119	5	3	62352	62468	2177495	2177379	2.02e-38	167
CP043556.1	CP046745.1	90.000	130	12	1	836539	836667	2243139	2243010	2.02e-38	167
CP043556.1	CP046745.1	89.922	129	13	0	690018	690146	2267222	2267350	2.02e-38	167
CP043556.1	CP046745.1	89.474	133	13	1	578248	578379	2764884	2765016	2.02e-38	167
CP043556.1	CP046745.1	89.844	128	13	0	425832	425959	61885	62012	7.25e-38	165
CP043556.1	CP046745.1	90.400	125	12	0	62349	62473	61887	62011	7.25e-38	165
CP043556.1	CP046745.1	90.984	122	11	0	515303	515424	459018	459139	7.25e-38	165
CP043556.1	CP046745.1	89.394	132	13	1	686495	686626	957698	957568	7.25e-38	165
CP043556.1	CP046745.1	90.400	125	12	0	62349	62473	1444417	1444293	7.25e-38	165
CP043556.1	CP046745.1	89.844	128	13	0	686495	686622	1461780	1461653	7.25e-38	165
CP043556.1	CP046745.1	89.922	129	12	1	836540	836667	1527361	1527233	7.25e-38	165
CP043556.1	CP046745.1	89.844	128	13	0	499643	499770	1628429	1628302	7.25e-38	165
CP043556.1	CP046745.1	89.844	128	13	0	686495	686622	1802030	1801903	7.25e-38	165
CP043556.1	CP046745.1	89.844	128	13	0	578248	578375	2180222	2180095	7.25e-38	165
CP043556.1	CP046745.1	89.922	129	12	1	273955	274083	2180222	2180095	7.25e-38	165
CP043556.1	CP046745.1	89.922	129	12	1	62349	62476	2243136	2243008	7.25e-38	165
CP043556.1	CP046745.1	90.625	128	7	2	397273	397400	2257709	2257831	7.25e-38	165
CP043556.1	CP046745.1	90.625	128	7	2	686495	686622	2257709	2257831	7.25e-38	165
CP043556.1	CP046745.1	89.313	131	14	0	661055	661185	2273544	2273674	7.25e-38	165
CP043556.1	CP046745.1	89.844	128	13	0	464188	464315	2273673	2273546	7.25e-38	165
CP043556.1	CP046745.1	90.000	130	9	2	397273	397402	2438873	2438998	7.25e-38	165
CP043556.1	CP046745.1	89.922	129	12	1	62349	62476	2636399	2636527	7.25e-38	165
CP043556.1	CP046745.1	90.323	124	12	0	62349	62472	134886	135009	2.61e-37	163
CP043556.1	CP046745.1	90.909	121	11	0	742128	742248	336213	336093	2.61e-37	163
CP043556.1	CP046745.1	89.313	131	12	2	273953	274083	957700	957572	2.61e-37	163
CP043556.1	CP046745.1	88.321	137	14	2	836539	836674	1903647	1903512	2.61e-37	163
CP043556.1	CP046745.1	86.184	152	19	2	778117	778268	2061176	2061325	2.61e-37	163
CP043556.1	CP046745.1	89.313	131	12	2	567016	567145	2243010	2243139	2.61e-37	163
CP043556.1	CP046745.1	89.764	127	13	0	148243	148369	2466823	2466949	2.61e-37	163
CP043556.1	CP046745.1	90.323	124	12	0	273955	274078	2506958	2507081	2.61e-37	163
CP043556.1	CP046745.1	89.313	131	12	2	567016	567145	2636525	2636396	2.61e-37	163
CP043556.1	CP046745.1	88.636	132	15	0	686491	686622	644263	644394	9.38e-37	161
CP043556.1	CP046745.1	89.764	127	12	1	148243	148369	1903645	1903520	9.38e-37	161
CP043556.1	CP046745.1	86.486	148	19	1	981344	981491	2061325	2061179	9.38e-37	161
CP043556.1	CP046745.1	89.922	129	8	2	425831	425959	2257708	2257831	9.38e-37	161
CP043556.1	CP046745.1	89.844	128	9	1	515297	515424	2438873	2438996	9.38e-37	161
CP043556.1	CP046745.1	89.147	129	14	0	690019	690147	2507085	2506957	9.38e-37	161
CP043556.1	CP046745.1	90.244	123	12	0	690024	690146	2813265	2813143	9.38e-37	161
CP043556.1	CP046745.1	89.231	130	11	3	883425	883553	55330	55457	3.37e-36	159
CP043556.1	CP046745.1	89.062	128	14	0	471946	472073	61885	62012	3.37e-36	159
CP043556.1	CP046745.1	90.164	122	12	0	883425	883546	459139	459018	3.37e-36	159
CP043556.1	CP046745.1	89.231	130	11	3	836539	836666	644266	644394	3.37e-36	159
CP043556.1	CP046745.1	89.764	127	10	1	465066	465189	644268	644394	3.37e-36	159
CP043556.1	CP046745.1	90.164	122	12	0	883427	883548	828891	829012	3.37e-36	159
CP043556.1	CP046745.1	89.147	129	13	1	661057	661185	957572	957699	3.37e-36	159
CP043556.1	CP046745.1	89.062	128	14	0	661057	661184	1527234	1527361	3.37e-36	159
CP043556.1	CP046745.1	89.062	128	14	0	690019	690146	1527234	1527361	3.37e-36	159
CP043556.1	CP046745.1	89.600	125	13	0	62349	62473	1527359	1527235	3.37e-36	159
CP043556.1	CP046745.1	89.147	129	12	2	567017	567144	1628302	1628429	3.37e-36	159
CP043556.1	CP046745.1	89.062	128	14	0	464188	464315	1628429	1628302	3.37e-36	159
CP043556.1	CP046745.1	87.681	138	15	2	661057	661194	2027522	2027657	3.37e-36	159
CP043556.1	CP046745.1	86.000	150	20	1	959603	959752	2061325	2061177	3.37e-36	159
CP043556.1	CP046745.1	89.764	127	10	1	465066	465189	2180221	2180095	3.37e-36	159
CP043556.1	CP046745.1	90.756	119	11	0	62349	62467	2254923	2255041	3.37e-36	159
CP043556.1	CP046745.1	89.844	128	8	2	471946	472073	2257709	2257831	3.37e-36	159
CP043556.1	CP046745.1	90.164	122	12	0	62349	62470	2710576	2710697	3.37e-36	159
CP043556.1	CP046745.1	87.591	137	15	2	836540	836675	55456	55321	1.21e-35	158
CP043556.1	CP046745.1	89.600	125	12	1	273954	274078	55457	55334	1.21e-35	158
CP043556.1	CP046745.1	88.976	127	14	0	924419	924545	62012	61886	1.21e-35	158
CP043556.1	CP046745.1	88.976	127	14	0	464192	464318	829012	828886	1.21e-35	158
CP043556.1	CP046745.1	89.062	128	13	1	836540	836666	849856	849729	1.21e-35	158
CP043556.1	CP046745.1	89.516	124	13	0	273955	274078	849856	849733	1.21e-35	158
CP043556.1	CP046745.1	89.062	128	13	1	464188	464315	957698	957572	1.21e-35	158
CP043556.1	CP046745.1	89.062	128	13	1	836540	836666	1048703	1048576	1.21e-35	158
CP043556.1	CP046745.1	89.516	124	13	0	257094	257217	1228296	1228173	1.21e-35	158
CP043556.1	CP046745.1	91.304	115	10	0	257094	257208	1461775	1461661	1.21e-35	158
CP043556.1	CP046745.1	88.462	130	15	0	661056	661185	1628301	1628430	1.21e-35	158
CP043556.1	CP046745.1	89.062	128	13	1	464188	464315	2027648	2027522	1.21e-35	158
CP043556.1	CP046745.1	86.301	146	19	1	956259	956404	2061181	2061325	1.21e-35	158
CP043556.1	CP046745.1	90.000	120	12	0	686499	686618	829012	828893	4.36e-35	156
CP043556.1	CP046745.1	90.000	120	12	0	742125	742244	828893	829012	4.36e-35	156
CP043556.1	CP046745.1	89.431	123	13	0	62351	62473	1461776	1461654	4.36e-35	156
CP043556.1	CP046745.1	89.062	128	11	1	465066	465190	1628428	1628301	4.36e-35	156
CP043556.1	CP046745.1	89.431	123	13	0	425832	425954	1723024	1722902	4.36e-35	156
CP043556.1	CP046745.1	89.431	123	13	0	397273	397395	1723024	1722902	4.36e-35	156
CP043556.1	CP046745.1	87.970	133	15	1	836540	836671	1802030	1801898	4.36e-35	156
CP043556.1	CP046745.1	86.207	145	19	1	1033700	1033844	2061325	2061182	4.36e-35	156
CP043556.1	CP046745.1	88.636	132	9	3	273948	274078	2257701	2257827	4.36e-35	156
CP043556.1	CP046745.1	87.970	133	15	1	661056	661188	2267222	2267353	4.36e-35	156
CP043556.1	CP046745.1	88.372	129	14	1	661057	661185	55330	55457	1.57e-34	154
CP043556.1	CP046745.1	88.281	128	15	0	578248	578375	644267	644394	1.57e-34	154
CP043556.1	CP046745.1	88.281	128	15	0	661057	661184	849729	849856	1.57e-34	154
CP043556.1	CP046745.1	88.462	130	11	3	742121	742248	849729	849856	1.57e-34	154
CP043556.1	CP046745.1	88.281	128	15	0	883425	883552	849729	849856	1.57e-34	154
CP043556.1	CP046745.1	88.462	130	11	4	836540	836666	957698	957570	1.57e-34	154
CP043556.1	CP046745.1	88.372	129	14	1	742120	742248	957571	957698	1.57e-34	154
CP043556.1	CP046745.1	88.800	125	14	0	62349	62473	1228299	1228175	1.57e-34	154
CP043556.1	CP046745.1	88.281	128	15	0	690019	690146	1801903	1802030	1.57e-34	154
CP043556.1	CP046745.1	88.800	125	14	0	62349	62473	1802028	1801904	1.57e-34	154
CP043556.1	CP046745.1	87.786	131	16	0	464185	464315	2267353	2267223	1.57e-34	154
CP043556.1	CP046745.1	89.344	122	13	0	62349	62470	2506960	2507081	1.57e-34	154
CP043556.1	CP046745.1	88.281	128	15	0	464188	464315	2640774	2640901	1.57e-34	154
CP043556.1	CP046745.1	88.372	129	13	2	567017	567144	2640901	2640774	1.57e-34	154
CP043556.1	CP046745.1	86.620	142	15	4	499632	499770	2650192	2650332	1.57e-34	154
CP043556.1	CP046745.1	88.462	130	10	4	742121	742248	55330	55456	5.65e-34	152
CP043556.1	CP046745.1	89.916	119	10	2	836546	836662	829010	828892	5.65e-34	152
CP043556.1	CP046745.1	88.281	128	13	2	836540	836666	2027648	2027522	5.65e-34	152
CP043556.1	CP046745.1	87.218	133	17	0	464187	464319	2243139	2243007	5.65e-34	152
CP043556.1	CP046745.1	87.786	131	14	2	567016	567145	2556645	2556516	5.65e-34	152
CP043556.1	CP046745.1	87.879	132	12	2	465066	465193	2640775	2640906	5.65e-34	152
CP043556.1	CP046745.1	87.879	132	13	3	836537	836666	2650202	2650332	5.65e-34	152
CP043556.1	CP046745.1	89.256	121	13	0	257088	257208	2813142	2813262	5.65e-34	152
CP043556.1	CP046745.1	87.692	130	15	1	273954	274083	61884	62012	2.03e-33	150
CP043556.1	CP046745.1	86.861	137	15	3	836537	836671	459008	459143	2.03e-33	150
CP043556.1	CP046745.1	81.720	186	28	6	273961	274146	459018	459197	2.03e-33	150
CP043556.1	CP046745.1	88.618	123	14	0	742120	742242	459140	459018	2.03e-33	150
CP043556.1	CP046745.1	89.744	117	12	0	578255	578371	829009	828893	2.03e-33	150
CP043556.1	CP046745.1	87.597	129	16	0	742120	742248	1527233	1527361	2.03e-33	150
CP043556.1	CP046745.1	88.189	127	14	1	464184	464310	1527364	1527239	2.03e-33	150
CP043556.1	CP046745.1	87.597	129	16	0	661057	661185	1801903	1802031	2.03e-33	150
CP043556.1	CP046745.1	87.692	130	14	2	567017	567145	2267223	2267351	2.03e-33	150
CP043556.1	CP046745.1	87.597	129	16	0	661056	661184	2640902	2640774	2.03e-33	150
CP043556.1	CP046745.1	89.744	117	12	0	62349	62465	3018890	3019006	2.03e-33	150
CP043556.1	CP046745.1	88.189	127	11	4	465066	465189	55455	55330	7.30e-33	148
CP043556.1	CP046745.1	88.525	122	14	0	661057	661178	459139	459018	7.30e-33	148
CP043556.1	CP046745.1	88.430	121	14	0	62353	62473	459018	459138	2.63e-32	147
CP043556.1	CP046745.1	88.430	121	14	0	62349	62469	1723022	1722902	2.63e-32	147
CP043556.1	CP046745.1	88.189	127	10	2	148243	148369	2257710	2257831	2.63e-32	147
CP043556.1	CP046745.1	85.417	144	17	4	578240	578381	2813136	2813277	2.63e-32	147
CP043556.1	CP046745.1	97.619	84	2	0	432840	432923	1444375	1444292	9.45e-32	145
CP043556.1	CP046745.1	86.923	130	15	2	567016	567144	1801902	1802030	9.45e-32	145
CP043556.1	CP046745.1	97.619	84	2	0	515342	515425	1989960	1989877	9.45e-32	145
CP043556.1	CP046745.1	87.023	131	13	2	465066	465193	2243137	2243008	9.45e-32	145
CP043556.1	CP046745.1	87.500	128	13	1	465066	465190	2267349	2267222	9.45e-32	145
CP043556.1	CP046745.1	86.364	132	16	2	464188	464319	55456	55327	3.40e-31	143
CP043556.1	CP046745.1	86.822	129	15	2	62349	62477	55454	55328	3.40e-31	143
CP043556.1	CP046745.1	86.364	132	17	1	690019	690149	849729	849860	3.40e-31	143
CP043556.1	CP046745.1	87.200	125	16	0	62349	62473	849854	849730	3.40e-31	143
CP043556.1	CP046745.1	86.260	131	18	0	661054	661184	2243008	2243138	3.40e-31	143
CP043556.1	CP046745.1	87.023	131	11	3	836537	836666	2257706	2257831	3.40e-31	143
CP043556.1	CP046745.1	88.000	125	10	4	62346	62470	2257708	2257827	3.40e-31	143
CP043556.1	CP046745.1	86.822	129	15	2	567017	567144	2273546	2273673	3.40e-31	143
CP043556.1	CP046745.1	88.430	121	10	4	273955	274075	2438873	2438989	3.40e-31	143
CP043556.1	CP046745.1	86.719	128	16	1	690019	690146	55330	55456	1.22e-30	141
CP043556.1	CP046745.1	90.566	106	10	0	515296	515401	468034	468139	1.22e-30	141
CP043556.1	CP046745.1	87.805	123	11	2	465066	465184	849855	849733	1.22e-30	141
CP043556.1	CP046745.1	86.429	140	6	6	397273	397399	1469984	1469845	1.22e-30	141
CP043556.1	CP046745.1	86.719	128	15	1	515297	515424	1584574	1584449	1.22e-30	141
CP043556.1	CP046745.1	86.719	128	15	1	397273	397400	1584574	1584449	1.22e-30	141
CP043556.1	CP046745.1	87.200	125	14	1	62349	62473	1584572	1584450	1.22e-30	141
CP043556.1	CP046745.1	87.302	126	13	2	425832	425956	1584574	1584451	1.22e-30	141
CP043556.1	CP046745.1	86.822	129	14	3	1091888	1092016	2979594	2979469	1.22e-30	141
CP043556.1	CP046745.1	100.000	75	0	0	1129996	1130070	593728	593654	4.40e-30	139
CP043556.1	CP046745.1	86.331	139	6	3	924420	924545	1469845	1469983	4.40e-30	139
CP043556.1	CP046745.1	86.614	127	15	2	576605	576730	1679866	1679741	4.40e-30	139
CP043556.1	CP046745.1	84.286	140	22	0	148231	148370	61874	62013	1.58e-29	137
CP043556.1	CP046745.1	89.189	111	10	2	924435	924545	290675	290567	1.58e-29	137
CP043556.1	CP046745.1	84.667	150	9	4	148233	148368	1469994	1469845	1.58e-29	137
CP043556.1	CP046745.1	85.938	128	18	0	464188	464315	1802030	1801903	1.58e-29	137
CP043556.1	CP046745.1	88.596	114	12	1	836546	836658	2177494	2177381	1.58e-29	137
CP043556.1	CP046745.1	85.606	132	18	1	576604	576734	2267351	2267220	1.58e-29	137
CP043556.1	CP046745.1	87.931	116	14	0	273955	274070	2433662	2433777	1.58e-29	137
CP043556.1	CP046745.1	85.294	136	16	2	690019	690154	2438996	2438865	1.58e-29	137
CP043556.1	CP046745.1	97.500	80	2	0	206358	206437	2727624	2727703	1.58e-29	137
CP043556.1	CP046745.1	98.701	77	1	0	202806	202882	2727624	2727700	1.58e-29	137
CP043556.1	CP046745.1	86.290	124	17	0	578248	578371	134884	135007	5.69e-29	135
CP043556.1	CP046745.1	95.349	86	3	1	686494	686579	290565	290649	5.69e-29	135
CP043556.1	CP046745.1	89.623	106	11	0	397272	397377	468034	468139	5.69e-29	135
CP043556.1	CP046745.1	83.333	150	22	3	576605	576752	1048703	1048555	5.69e-29	135
CP043556.1	CP046745.1	85.938	128	17	1	576604	576730	1279654	1279527	5.69e-29	135
CP043556.1	CP046745.1	85.714	140	7	3	471946	472072	1469984	1469845	5.69e-29	135
CP043556.1	CP046745.1	86.290	124	17	0	499642	499765	1723025	1722902	5.69e-29	135
CP043556.1	CP046745.1	94.318	88	5	0	397313	397400	1989965	1989878	5.69e-29	135
CP043556.1	CP046745.1	86.614	127	11	6	576605	576728	2650205	2650328	5.69e-29	135
CP043556.1	CP046745.1	95.294	85	4	0	1091888	1091972	2922933	2923017	5.69e-29	135
CP043556.1	CP046745.1	85.938	128	15	3	576603	576728	2764882	2765008	2.04e-28	134
CP043556.1	CP046745.1	95.238	84	4	0	397317	397400	2923017	2922934	2.04e-28	134
CP043556.1	CP046745.1	94.253	87	5	0	686539	686625	3070242	3070328	2.04e-28	134
CP043556.1	CP046745.1	86.066	122	17	0	690019	690140	459139	459018	7.35e-28	132
CP043556.1	CP046745.1	94.186	86	5	0	690016	690101	2922931	2923016	7.35e-28	132
CP043556.1	CP046745.1	85.000	140	8	7	515297	515423	1469984	1469845	2.65e-27	130
CP043556.1	CP046745.1	92.308	91	7	0	425872	425962	1989965	1989875	2.65e-27	130
CP043556.1	CP046745.1	93.182	88	6	0	924419	924506	1989878	1989965	2.65e-27	130
CP043556.1	CP046745.1	85.600	125	16	2	576605	576728	2466822	2466945	2.65e-27	130
CP043556.1	CP046745.1	85.156	128	17	2	576602	576728	2646743	2646869	2.65e-27	130
CP043556.1	CP046745.1	86.066	122	14	1	465071	465189	459018	459139	9.51e-27	128
CP043556.1	CP046745.1	94.048	84	5	0	59426	59509	1048658	1048575	9.51e-27	128
CP043556.1	CP046745.1	84.507	142	9	3	425830	425958	1469986	1469845	9.51e-27	128
CP043556.1	CP046745.1	86.555	119	12	2	62349	62467	2438875	2438989	9.51e-27	128
CP043556.1	CP046745.1	94.048	84	5	0	515342	515425	2923016	2922933	9.51e-27	128
CP043556.1	CP046745.1	85.156	128	16	3	425832	425959	2979469	2979593	9.51e-27	128
CP043556.1	CP046745.1	85.156	128	16	3	471946	472073	2979469	2979593	9.51e-27	128
CP043556.1	CP046745.1	93.103	87	6	0	471990	472076	3070242	3070328	9.51e-27	128
CP043556.1	CP046745.1	85.246	122	18	0	464194	464315	459018	459139	3.42e-26	126
CP043556.1	CP046745.1	88.462	104	12	0	924442	924545	468139	468036	3.42e-26	126
CP043556.1	CP046745.1	85.039	127	16	2	471950	472075	1463389	1463265	3.42e-26	126
CP043556.1	CP046745.1	84.783	138	8	6	273955	274079	1469984	1469847	3.42e-26	126
CP043556.1	CP046745.1	84.496	129	18	1	499642	499770	1584575	1584449	3.42e-26	126
CP043556.1	CP046745.1	95.000	80	4	0	432844	432923	1903599	1903520	3.42e-26	126
CP043556.1	CP046745.1	85.714	119	17	0	471955	472073	1989996	1989878	3.42e-26	126
CP043556.1	CP046745.1	94.048	84	4	1	274001	274084	2923015	2922933	3.42e-26	126
CP043556.1	CP046745.1	92.941	85	6	0	59426	59510	1279608	1279524	1.23e-25	124
CP043556.1	CP046745.1	93.902	82	5	0	59427	59508	1527315	1527234	1.23e-25	124
CP043556.1	CP046745.1	89.796	98	8	2	1125862	1125958	1628383	1628287	1.23e-25	124
CP043556.1	CP046745.1	84.800	125	17	2	576605	576728	1628429	1628306	1.23e-25	124
CP043556.1	CP046745.1	94.937	79	4	0	59425	59503	2243094	2243016	1.23e-25	124
CP043556.1	CP046745.1	89.000	100	11	0	148243	148342	2433663	2433762	1.23e-25	124
CP043556.1	CP046745.1	86.607	112	13	2	1091905	1092016	290675	290566	4.43e-25	122
CP043556.1	CP046745.1	92.857	84	6	0	471990	472073	331842	331925	4.43e-25	122
CP043556.1	CP046745.1	93.827	81	5	0	59426	59506	828971	828891	4.43e-25	122
CP043556.1	CP046745.1	84.800	125	16	3	690019	690142	1463267	1463389	4.43e-25	122
CP043556.1	CP046745.1	91.111	90	8	0	690017	690106	1989876	1989965	4.43e-25	122
CP043556.1	CP046745.1	94.872	78	4	0	274001	274078	1989959	1989882	4.43e-25	122
CP043556.1	CP046745.1	94.872	78	4	0	59426	59503	2556562	2556639	4.43e-25	122
CP043556.1	CP046745.1	92.857	84	6	0	924419	924502	2922934	2923017	4.43e-25	122
CP043556.1	CP046745.1	97.183	71	2	0	1125861	1125931	1279608	1279538	1.59e-24	121
CP043556.1	CP046745.1	97.183	71	2	0	1125861	1125931	2273628	2273558	1.59e-24	121
CP043556.1	CP046745.1	97.183	71	2	0	1125861	1125931	2556562	2556632	1.59e-24	121
CP043556.1	CP046745.1	97.183	71	2	0	1125861	1125931	2646791	2646861	1.59e-24	121
CP043556.1	CP046745.1	87.379	103	13	0	62349	62451	468037	468139	5.73e-24	119
CP043556.1	CP046745.1	84.000	125	18	2	576605	576728	2640774	2640897	5.73e-24	119
CP043556.1	CP046745.1	97.143	70	2	0	1125862	1125931	2640820	2640889	5.73e-24	119
CP043556.1	CP046745.1	83.721	129	18	3	690018	690146	2979594	2979469	5.73e-24	119
CP043556.1	CP046745.1	92.683	82	6	0	148288	148369	3070244	3070325	5.73e-24	119
CP043556.1	CP046745.1	86.239	109	13	2	148237	148344	468030	468137	2.06e-23	117
CP043556.1	CP046745.1	86.667	105	14	0	471946	472050	468035	468139	2.06e-23	117
CP043556.1	CP046745.1	94.667	75	4	0	883424	883498	1989877	1989951	2.06e-23	117
CP043556.1	CP046745.1	90.805	87	8	0	62387	62473	1989965	1989879	2.06e-23	117
CP043556.1	CP046745.1	93.590	78	5	0	59426	59503	2273628	2273551	2.06e-23	117
CP043556.1	CP046745.1	95.833	72	3	0	1125860	1125931	2636441	2636512	2.06e-23	117
CP043556.1	CP046745.1	91.765	85	5	2	465107	465190	2923016	2922933	2.06e-23	117
CP043556.1	CP046745.1	93.590	78	5	0	883424	883501	2922933	2923010	2.06e-23	117
CP043556.1	CP046745.1	94.667	75	4	0	432840	432914	3018932	3019006	2.06e-23	117
CP043556.1	CP046745.1	90.698	86	8	0	59425	59510	55413	55328	7.41e-23	115
CP043556.1	CP046745.1	95.775	71	3	0	1125861	1125931	644312	644382	7.41e-23	115
CP043556.1	CP046745.1	93.506	77	5	0	59425	59501	849812	849736	7.41e-23	115
CP043556.1	CP046745.1	83.333	138	10	9	62349	62473	1469982	1469845	7.41e-23	115
CP043556.1	CP046745.1	90.805	87	6	2	59427	59513	1628383	1628299	7.41e-23	115
CP043556.1	CP046745.1	91.765	85	4	3	1125861	1125944	1679821	1679739	7.41e-23	115
CP043556.1	CP046745.1	95.775	71	3	0	1125861	1125931	2466867	2466937	7.41e-23	115
CP043556.1	CP046745.1	82.946	129	19	3	567017	567144	55330	55456	2.66e-22	113
CP043556.1	CP046745.1	85.981	107	13	2	273954	274059	468034	468139	2.66e-22	113
CP043556.1	CP046745.1	90.698	86	7	1	59426	59511	957653	957569	2.66e-22	113
CP043556.1	CP046745.1	82.443	131	22	1	536954	537084	957701	957572	2.66e-22	113
CP043556.1	CP046745.1	95.714	70	3	0	1125862	1125931	1461734	1461665	2.66e-22	113
CP043556.1	CP046745.1	92.405	79	6	0	59425	59503	1801986	1801908	2.66e-22	113
CP043556.1	CP046745.1	89.773	88	9	0	686535	686622	1989965	1989878	2.66e-22	113
CP043556.1	CP046745.1	89.773	88	9	0	742121	742208	1989878	1989965	2.66e-22	113
CP043556.1	CP046745.1	90.698	86	6	2	836582	836666	1989962	1989878	2.66e-22	113
CP043556.1	CP046745.1	94.521	73	4	0	1125859	1125931	1989962	1989890	2.66e-22	113
CP043556.1	CP046745.1	92.405	79	6	0	59425	59503	2267306	2267228	2.66e-22	113
CP043556.1	CP046745.1	90.588	85	8	0	661055	661139	2922932	2923016	2.66e-22	113
CP043556.1	CP046745.1	91.463	82	7	0	62392	62473	2923016	2922935	2.66e-22	113
CP043556.1	CP046745.1	94.444	72	4	0	1125860	1125931	1444375	1444304	9.58e-22	111
CP043556.1	CP046745.1	91.463	82	6	1	59426	59507	1467263	1467183	9.58e-22	111
CP043556.1	CP046745.1	94.444	72	4	0	1125860	1125931	2243094	2243023	9.58e-22	111
CP043556.1	CP046745.1	94.444	72	4	0	1125860	1125931	2267306	2267235	9.58e-22	111
CP043556.1	CP046745.1	82.946	129	15	6	217822	217945	1639460	1639334	3.45e-21	110
CP043556.1	CP046745.1	95.588	68	3	0	1125864	1125931	1903599	1903532	3.45e-21	110
CP043556.1	CP046745.1	88.764	89	10	0	465102	465190	1989965	1989877	3.45e-21	110
CP043556.1	CP046745.1	91.250	80	7	0	59424	59503	1989962	1989883	3.45e-21	110
CP043556.1	CP046745.1	94.366	71	4	0	1125861	1125931	2180177	2180107	3.45e-21	110
CP043556.1	CP046745.1	92.208	77	6	0	59427	59503	2640820	2640896	3.45e-21	110
CP043556.1	CP046745.1	90.361	83	7	1	59426	59508	1679821	1679740	1.24e-20	108
CP043556.1	CP046745.1	88.636	88	10	0	464228	464315	1989965	1989878	1.24e-20	108
CP043556.1	CP046745.1	90.244	82	8	0	148288	148369	1989959	1989878	1.24e-20	108
CP043556.1	CP046745.1	89.286	84	9	0	59425	59508	459056	459139	4.46e-20	106
CP043556.1	CP046745.1	93.056	72	5	0	1125860	1125931	849812	849741	4.46e-20	106
CP043556.1	CP046745.1	83.478	115	18	1	495996	496110	1327054	1327167	4.46e-20	106
CP043556.1	CP046745.1	82.031	128	20	3	576604	576730	1584575	1584450	4.46e-20	106
CP043556.1	CP046745.1	87.778	90	11	0	661055	661144	1989876	1989965	4.46e-20	106
CP043556.1	CP046745.1	93.056	72	5	0	1125860	1125931	2027604	2027533	4.46e-20	106
CP043556.1	CP046745.1	93.056	72	5	0	1125860	1125931	2710618	2710689	4.46e-20	106
CP043556.1	CP046745.1	87.912	91	10	1	742115	742204	2922927	2923017	4.46e-20	106
CP043556.1	CP046745.1	88.506	87	10	0	686539	686625	2923017	2922931	4.46e-20	106
CP043556.1	CP046745.1	89.157	83	9	0	464233	464315	2923016	2922934	1.60e-19	104
CP043556.1	CP046745.1	92.857	70	5	0	1125862	1125931	1228255	1228186	5.77e-19	102
CP043556.1	CP046745.1	82.114	123	19	2	576604	576724	1723025	1722904	5.77e-19	102
CP043556.1	CP046745.1	88.372	86	8	2	836582	836666	2923018	2922934	5.77e-19	102
CP043556.1	CP046745.1	91.667	72	6	0	1125860	1125931	55413	55342	2.07e-18	100
CP043556.1	CP046745.1	81.061	132	19	3	742120	742251	1683488	1683613	2.07e-18	100
CP043556.1	CP046745.1	91.667	72	6	0	1125860	1125931	2438913	2438984	2.07e-18	100
CP043556.1	CP046745.1	91.667	72	6	0	1125860	1125931	2507002	2507073	2.07e-18	100
CP043556.1	CP046745.1	92.647	68	5	0	1125861	1125928	61930	61997	7.46e-18	99.0
CP043556.1	CP046745.1	81.967	122	17	3	62352	62473	1683606	1683490	7.46e-18	99.0
CP043556.1	CP046745.1	92.537	67	5	0	425893	425959	1566730	1566664	2.68e-17	97.1
CP043556.1	CP046745.1	92.537	67	5	0	257150	257216	1566730	1566664	2.68e-17	97.1
CP043556.1	CP046745.1	80.469	128	19	3	515297	515424	1683610	1683489	3.47e-16	93.5
CP043556.1	CP046745.1	85.882	85	12	0	496713	496797	957698	957614	1.25e-15	91.6
CP043556.1	CP046745.1	81.818	121	11	7	515299	515419	2706922	2707031	1.25e-15	91.6
CP043556.1	CP046745.1	98.039	51	1	0	1125881	1125931	1469906	1469856	4.49e-15	89.8
CP043556.1	CP046745.1	90.000	70	6	1	1125862	1125931	2257751	2257819	4.49e-15	89.8
CP043556.1	CP046745.1	81.301	123	12	8	62347	62469	2706920	2707031	4.49e-15	89.8
CP043556.1	CP046745.1	100.000	47	0	0	59309	59355	2640772	2640818	1.61e-14	87.9
CP043556.1	CP046745.1	80.469	128	13	7	690017	690144	2707037	2706922	1.61e-14	87.9
CP043556.1	CP046745.1	84.884	86	12	1	567017	567102	1989878	1989962	5.81e-14	86.1
CP043556.1	CP046745.1	80.992	121	12	4	397275	397395	2706922	2707031	5.81e-14	86.1
CP043556.1	CP046745.1	94.444	54	3	0	59300	59353	1279664	1279611	2.09e-13	84.2
CP043556.1	CP046745.1	100.000	45	0	0	432726	432770	1444419	1444375	2.09e-13	84.2
CP043556.1	CP046745.1	100.000	45	0	0	59311	59355	1628429	1628385	2.09e-13	84.2
CP043556.1	CP046745.1	79.070	129	21	6	397273	397401	1683610	1683488	2.09e-13	84.2
CP043556.1	CP046745.1	100.000	45	0	0	59311	59355	2267350	2267306	2.09e-13	84.2
CP043556.1	CP046745.1	80.672	119	13	6	465067	465184	2706922	2707031	2.09e-13	84.2
CP043556.1	CP046745.1	100.000	44	0	0	59310	59353	1679867	1679824	7.51e-13	82.4
CP043556.1	CP046745.1	78.906	128	21	3	690019	690146	1683489	1683610	7.51e-13	82.4
CP043556.1	CP046745.1	100.000	44	0	0	59310	59353	2466821	2466864	7.51e-13	82.4
CP043556.1	CP046745.1	100.000	44	0	0	59310	59353	2650204	2650247	7.51e-13	82.4
CP043556.1	CP046745.1	81.034	116	11	4	924429	924544	2707026	2706922	7.51e-13	82.4
CP043556.1	CP046745.1	100.000	43	0	0	59311	59353	1048703	1048661	2.70e-12	80.5
CP043556.1	CP046745.1	97.826	46	1	0	432725	432770	1527362	1527317	2.70e-12	80.5
CP043556.1	CP046745.1	97.826	46	1	0	59310	59355	1527362	1527317	2.70e-12	80.5
CP043556.1	CP046745.1	97.826	46	1	0	432725	432770	2640773	2640818	2.70e-12	80.5
CP043556.1	CP046745.1	100.000	43	0	0	59311	59353	2646746	2646788	2.70e-12	80.5
CP043556.1	CP046745.1	97.778	45	1	0	432726	432770	1228301	1228257	9.72e-12	78.7
CP043556.1	CP046745.1	97.778	45	1	0	59311	59355	1228301	1228257	9.72e-12	78.7
CP043556.1	CP046745.1	97.778	45	1	0	59311	59355	1444419	1444375	9.72e-12	78.7
CP043556.1	CP046745.1	97.778	45	1	0	432726	432770	1628429	1628385	9.72e-12	78.7
CP043556.1	CP046745.1	97.778	45	1	0	432724	432768	1679868	1679824	9.72e-12	78.7
CP043556.1	CP046745.1	78.462	130	20	7	464187	464315	1683611	1683489	9.72e-12	78.7
CP043556.1	CP046745.1	79.032	124	19	4	661057	661179	1683489	1683606	9.72e-12	78.7
CP043556.1	CP046745.1	97.778	45	1	0	432726	432770	2267350	2267306	9.72e-12	78.7
CP043556.1	CP046745.1	97.778	45	1	0	425832	425876	2923131	2923087	9.72e-12	78.7
CP043556.1	CP046745.1	82.292	96	11	6	683698	683792	2933091	2933181	9.72e-12	78.7
CP043556.1	CP046745.1	97.727	44	1	0	59310	59353	2257708	2257751	3.50e-11	76.8
CP043556.1	CP046745.1	97.727	44	1	0	432725	432768	2257708	2257751	3.50e-11	76.8
CP043556.1	CP046745.1	97.727	44	1	0	432725	432768	2466821	2466864	3.50e-11	76.8
CP043556.1	CP046745.1	97.727	44	1	0	686580	686623	2648633	2648590	3.50e-11	76.8
CP043556.1	CP046745.1	97.727	44	1	0	432725	432768	2650204	2650247	3.50e-11	76.8
CP043556.1	CP046745.1	92.453	53	4	0	274025	274077	2706979	2707031	3.50e-11	76.8
CP043556.1	CP046745.1	97.674	43	1	0	432726	432768	1048703	1048661	1.26e-10	75.0
CP043556.1	CP046745.1	77.863	131	21	8	567016	567145	1683488	1683611	1.26e-10	75.0
CP043556.1	CP046745.1	97.674	43	1	0	432726	432768	1903646	1903604	1.26e-10	75.0
CP043556.1	CP046745.1	97.674	43	1	0	59311	59353	1903646	1903604	1.26e-10	75.0
CP043556.1	CP046745.1	97.674	43	1	0	432726	432768	2180222	2180180	1.26e-10	75.0
CP043556.1	CP046745.1	97.674	43	1	0	59311	59353	2180222	2180180	1.26e-10	75.0
CP043556.1	CP046745.1	97.674	43	1	0	59311	59353	2556517	2556559	1.26e-10	75.0
CP043556.1	CP046745.1	97.674	43	1	0	432726	432768	2646746	2646788	1.26e-10	75.0
CP043556.1	CP046745.1	88.333	60	7	0	1125861	1125920	468080	468139	4.52e-10	73.1
CP043556.1	CP046745.1	95.556	45	2	0	432726	432770	1461780	1461736	4.52e-10	73.1
CP043556.1	CP046745.1	95.556	45	2	0	59311	59355	1461780	1461736	4.52e-10	73.1
CP043556.1	CP046745.1	77.519	129	24	4	836539	836667	1683611	1683488	4.52e-10	73.1
CP043556.1	CP046745.1	92.157	51	4	0	59453	59503	1683544	1683494	4.52e-10	73.1
CP043556.1	CP046745.1	95.556	45	2	0	59311	59355	2243138	2243094	4.52e-10	73.1
CP043556.1	CP046745.1	95.556	45	2	0	59311	59355	2254921	2254965	4.52e-10	73.1
CP043556.1	CP046745.1	95.556	45	2	0	397273	397317	2923131	2923087	4.52e-10	73.1
CP043556.1	CP046745.1	95.556	45	2	0	1091972	1092016	2923087	2923131	4.52e-10	73.1
CP043556.1	CP046745.1	95.556	45	2	0	59311	59355	3018888	3018932	4.52e-10	73.1
CP043556.1	CP046745.1	93.750	48	2	1	471944	471990	452021	452068	1.63e-09	71.3
CP043556.1	CP046745.1	77.344	128	23	6	883425	883552	1683489	1683610	1.63e-09	71.3
CP043556.1	CP046745.1	90.566	53	5	0	883430	883482	2707031	2706979	1.63e-09	71.3
CP043556.1	CP046745.1	95.455	44	2	0	515297	515340	2923131	2923088	1.63e-09	71.3
CP043556.1	CP046745.1	95.349	43	2	0	59311	59353	644267	644309	5.85e-09	69.4
CP043556.1	CP046745.1	95.349	43	2	0	432726	432768	644267	644309	5.85e-09	69.4
CP043556.1	CP046745.1	93.478	46	3	0	1065703	1065748	1099564	1099609	5.85e-09	69.4
CP043556.1	CP046745.1	95.349	43	2	0	59311	59353	1584574	1584532	5.85e-09	69.4
CP043556.1	CP046745.1	77.165	127	23	2	924419	924545	1683489	1683609	5.85e-09	69.4
CP043556.1	CP046745.1	95.349	43	2	0	59311	59353	2177500	2177458	5.85e-09	69.4
CP043556.1	CP046745.1	95.349	43	2	0	432726	432768	2556517	2556559	5.85e-09	69.4
CP043556.1	CP046745.1	95.349	43	2	0	515385	515427	2648630	2648588	5.85e-09	69.4
CP043556.1	CP046745.1	95.349	43	2	0	836624	836666	2648633	2648591	5.85e-09	69.4
CP043556.1	CP046745.1	97.436	39	1	0	1065702	1065740	833458	833496	2.10e-08	67.6
CP043556.1	CP046745.1	100.000	36	0	0	686587	686622	1683524	1683489	2.10e-08	67.6
CP043556.1	CP046745.1	100.000	36	0	0	742121	742156	2648591	2648626	2.10e-08	67.6
CP043556.1	CP046745.1	80.851	94	11	6	462461	462552	2933179	2933091	2.10e-08	67.6
CP043556.1	CP046745.1	95.122	41	2	0	59311	59351	1723024	1722984	7.57e-08	65.8
CP043556.1	CP046745.1	88.679	53	6	0	686565	686617	2706979	2707031	7.57e-08	65.8
CP043556.1	CP046745.1	95.122	41	2	0	62349	62389	2923129	2923089	7.57e-08	65.8
CP043556.1	CP046745.1	91.667	48	3	1	269116	269162	2933091	2933138	7.57e-08	65.8
CP043556.1	CP046745.1	86.667	60	4	4	686566	686623	443268	443325	2.72e-07	63.9
CP043556.1	CP046745.1	91.304	46	4	0	1065702	1065747	1651919	1651874	2.72e-07	63.9
CP043556.1	CP046745.1	93.023	43	3	0	1065702	1065744	1887722	1887764	2.72e-07	63.9
CP043556.1	CP046745.1	93.023	43	3	0	432726	432768	2177500	2177458	2.72e-07	63.9
CP043556.1	CP046745.1	93.023	43	3	0	883422	883464	2648588	2648630	2.72e-07	63.9
CP043556.1	CP046745.1	93.023	43	3	0	661057	661099	2648591	2648633	2.72e-07	63.9
CP043556.1	CP046745.1	95.000	40	2	0	690019	690058	2648591	2648630	2.72e-07	63.9
CP043556.1	CP046745.1	95.000	40	2	0	397361	397400	2648630	2648591	2.72e-07	63.9
CP043556.1	CP046745.1	95.000	40	2	0	924419	924458	2648591	2648630	2.72e-07	63.9
CP043556.1	CP046745.1	100.000	33	0	0	690113	690145	452056	452024	9.79e-07	62.1
CP043556.1	CP046745.1	94.872	39	2	0	274040	274078	1683531	1683493	9.79e-07	62.1
CP043556.1	CP046745.1	94.872	39	2	0	62435	62473	2648630	2648592	9.79e-07	62.1
CP043556.1	CP046745.1	97.222	36	1	0	274043	274078	2648630	2648595	9.79e-07	62.1
CP043556.1	CP046745.1	77.311	119	15	7	836539	836656	2706919	2707026	3.52e-06	60.2
CP043556.1	CP046745.1	94.595	37	2	0	59473	59509	2648626	2648590	1.27e-05	58.4
CP043556.1	CP046745.1	97.059	34	1	0	464282	464315	2648624	2648591	1.27e-05	58.4
CP043556.1	CP046745.1	100.000	31	0	0	567017	567047	2648591	2648621	1.27e-05	58.4
CP043556.1	CP046745.1	100.000	30	0	0	425806	425835	957599	957570	4.55e-05	56.5
CP043556.1	CP046745.1	100.000	29	0	0	425806	425834	459112	459140	1.64e-04	54.7
CP043556.1	CP046745.1	100.000	28	0	0	686597	686624	133984	134011	5.89e-04	52.8
CP043556.1	CP046745.1	96.774	31	1	0	425806	425836	1279553	1279523	5.89e-04	52.8
CP043556.1	CP046745.1	100.000	28	0	0	163977	164004	1628326	1628299	5.89e-04	52.8
CP043556.1	CP046745.1	100.000	28	0	0	425806	425833	2922961	2922934	5.89e-04	52.8
